발신일,판단,근거,D+5,D+20,D+60,BM 대비,상태,출처 구분
2026-09-29,"[국고채] SHORT DURATION 유지: 목표 3.37년(BM −2.03년), 3년 국채선물 725계약 매도","금리 압력 +51.6bp(UST 20일 +51.0, 테일러 갭 +20.0), 정훈 모델 AGREE [VALKYRIE][8511 정훈] (AI 제안, 사용자 승인)",PENDING,PENDING,PENDING,PENDING,PENDING,실제(사용자 기록)
2026-09-29,"[국고채] SHORT DURATION 유지: 목표 3.37년(BM −2.03년), 3년 국채선물 725계약 매도","금리 압력 +51.6bp(UST 20일 +51.0, 테일러 갭 +20.0), 정훈 모델 AGREE [VALKYRIE][8511 정훈] (AI 제안, 사용자 승인)",PENDING,PENDING,PENDING,PENDING,PENDING,실제(사용자 기록)
2026-09-29,"[국고채] SHORT DURATION 유지: 목표 3.37년(BM −2.03년), 3년 국채선물 725계약 매도","금리 압력 +51.6bp(UST 20일 +51.0, 테일러 갭 +20.0), 정훈 모델 AGREE [VALKYRIE][8511 정훈] (AI 제안, 사용자 승인)",PENDING,PENDING,PENDING,PENDING,PENDING,실제(사용자 기록)
2026-08-18,[코스닥] 코스닥 IPO 청약 보류 · 비중 축소,"크레딧 70bp (≥65 경계) / CB 차환 유출 압력 61% (26,660억/43,840억, ≥25% 경계)",+96.6bp,+222.4bp,PENDING,+222.4bp,PARTIAL,시뮬레이션
2026-07-20,[국고채] 듀레이션 축소 (VALKYRIE 압력 규칙) (국고10Y 매도 · 국고3Y 매수),"8511 듀레이션 데이터 없음 → VALKYRIE 금리 압력 규칙만 사용 / VALKYRIE 금리 방향 압력 +24.9bp (충격 +0.0 · UST 20일 +14.0 · 갭 +20.0) → 상승 압력 — 방향 참고, 사이징은 8511",+5.2bp,+46.7bp,PENDING,+46.7bp,PARTIAL,시뮬레이션
2026-06-19,[코스닥] 흑자 IPO 선별 청약,"CB 차환 유출 압력 50% (15,700억/31,346억, ≥25% 경계) / 코스닥 할인율 20일 −2.7bp (>+15bp 경계)",-608.3bp,-1122.8bp,-800.2bp,-800.2bp,FINAL,시뮬레이션
2026-05-20,[국고채] 듀레이션 축소 (VALKYRIE 압력 규칙) (국고10Y 매도 · 국고3Y 매수),"8511 듀레이션 데이터 없음 → VALKYRIE 금리 압력 규칙만 사용 / VALKYRIE 금리 방향 압력 +30.9bp (충격 +0.0 · UST 20일 +31.0 · 갭 +20.0) → 상승 압력 — 방향 참고, 사이징은 8511",-43.4bp,-31.9bp,+112.0bp,+112.0bp,FINAL,시뮬레이션
2026-05-04,[국고채] 장기채 축소 · 단기채 확대,실제 발신 판단 (공개 가능 리서치). 테일러 갭 확대 · UST 상승 압력 → 듀레이션 축소.,+82.0bp,+166.9bp,+215.5bp,+215.5bp,FINAL,실제
2026-04-20,[코스닥] 흑자 IPO 선별 청약,"크레딧 67bp (≥65 경계) / CB 차환 유출 압력 58% (8,227억/14,146억, ≥25% 경계)",+235.4bp,-461.6bp,-1774.8bp,-1774.8bp,FINAL,시뮬레이션
2026-02-20,[코스닥] 흑자 IPO 선별 청약,"CB 차환 유출 압력 32% (1,270억/4,016억, ≥25% 경계) / 코스닥 할인율 20일 −11.3bp (>+15bp 경계)",+150.7bp,-194.4bp,-376.2bp,-376.2bp,FINAL,시뮬레이션
2026-01-20,[국고채] 듀레이션 축소 (VALKYRIE 압력 규칙) (국고10Y 매도 · 국고3Y 매수),"8511 듀레이션 데이터 없음 → VALKYRIE 금리 압력 규칙만 사용 / VALKYRIE 금리 방향 압력 +14.3bp (충격 +0.0 · UST 20일 +14.0 · 갭 +9.4) → 상승 압력 — 방향 참고, 사이징은 8511",-72.1bp,-80.9bp,-27.4bp,-27.4bp,FINAL,시뮬레이션
2025-12-19,[코스닥] 코스닥 IPO 청약 참여 · 비중 확대,빛과전자 재무스코어 4/5 · Put 안정 / 크레딧 51bp (≥65 경계),+161.1bp,+691.9bp,+2076.8bp,+2076.8bp,FINAL,시뮬레이션
2025-11-21,[국고채] 듀레이션 축소 (VALKYRIE 압력 규칙) (국고10Y 매도 · 국고3Y 매수),"8511 듀레이션 데이터 없음 → VALKYRIE 금리 압력 규칙만 사용 / VALKYRIE 금리 방향 압력 +12.8bp (충격 +0.0 · UST 20일 +4.0 · 갭 +11.4) → 상승 압력 — 방향 참고, 사이징은 8511",+24.3bp,+15.1bp,+129.4bp,+129.4bp,FINAL,시뮬레이션
2025-10-24,[코스닥] 코스닥 IPO 청약 참여 · 비중 확대,빛과전자 재무스코어 4/5 · Put 안정 / 크레딧 42bp (≥65 경계),+226.4bp,-157.8bp,+1161.9bp,+1161.9bp,FINAL,시뮬레이션
2025-09-19,[국고채] 듀레이션 확대 (VALKYRIE 압력 규칙) (국고10Y 매수 · 국고3Y 매도),"8511 듀레이션 데이터 없음 → VALKYRIE 금리 압력 규칙만 사용 / VALKYRIE 금리 방향 압력 −24.2bp (충격 +0.0 · UST 20일 −12.0 · 갭 −20.0) → 하락 압력 — 방향 참고, 사이징은 8511",-67.8bp,-32.8bp,-253.0bp,-253.0bp,FINAL,시뮬레이션
2025-08-22,[코스닥] 흑자 IPO 선별 청약,수요예측 중앙값 822:1 (1년 하위 20% 888:1 미만) / 빛과전자 재무스코어 4/5 · Put 안정,+85.5bp,+503.5bp,+548.0bp,+548.0bp,FINAL,시뮬레이션
2025-07-24,[국고채] 듀레이션 확대 (VALKYRIE 압력 규칙) (국고10Y 매수 · 국고3Y 매도),"8511 듀레이션 데이터 없음 → VALKYRIE 금리 압력 규칙만 사용 / VALKYRIE 금리 방향 압력 −10.0bp (충격 +0.0 · UST 20일 +17.0 · 갭 −15.9) → 하락 압력 — 방향 참고, 사이징은 8511",+50.0bp,-8.8bp,-6.9bp,-6.9bp,FINAL,시뮬레이션
2025-06-26,[코스닥] 코스닥 IPO 청약 참여 · 비중 확대,빛과전자 재무스코어 4/5 · Put 안정 / 크레딧 52bp (≥65 경계),+62.2bp,+263.3bp,+893.1bp,+893.1bp,FINAL,시뮬레이션
2025-05-27,[국고채] 듀레이션 확대 (VALKYRIE 압력 규칙) (국고10Y 매수 · 국고3Y 매도),"8511 듀레이션 데이터 없음 → VALKYRIE 금리 압력 규칙만 사용 / VALKYRIE 금리 방향 압력 −16.2bp (충격 +0.0 · UST 20일 +11.0 · 갭 −20.0) → 하락 압력 — 방향 참고, 사이징은 8511",-126.5bp,-28.2bp,-79.5bp,-79.5bp,FINAL,시뮬레이션
2025-04-24,[코스닥] 코스닥 IPO 청약 참여 · 비중 확대,빛과전자 재무스코어 4/5 · Put 안정 / 크레딧 59bp (≥65 경계),-79.8bp,-7.3bp,+1131.2bp,+1131.2bp,FINAL,시뮬레이션
2025-03-27,[국고채] 듀레이션 확대 (VALKYRIE 압력 규칙) (국고10Y 매수 · 국고3Y 매도),"8511 듀레이션 데이터 없음 → VALKYRIE 금리 압력 규칙만 사용 / VALKYRIE 금리 방향 압력 −8.8bp (충격 +0.0 · UST 20일 +13.0 · 갭 −13.4) → 하락 압력 — 방향 참고, 사이징은 8511",+54.4bp,+95.0bp,-1.7bp,-1.7bp,FINAL,시뮬레이션
2025-02-26,[코스닥] 코스닥 IPO 청약 참여 · 비중 확대,빛과전자 재무스코어 4/5 · Put 안정 / 크레딧 58bp (≥65 경계),-477.9bp,-840.5bp,-708.4bp,-708.4bp,FINAL,시뮬레이션
2025-01-23,[국고채] 듀레이션 확대 (VALKYRIE 압력 규칙) (국고10Y 매수 · 국고3Y 매도),"8511 듀레이션 데이터 없음 → VALKYRIE 금리 압력 규칙만 사용 / VALKYRIE 금리 방향 압력 −13.9bp (충격 +0.0 · UST 20일 +6.0 · 갭 −16.0) → 하락 압력 — 방향 참고, 사이징은 8511",+16.1bp,+74.1bp,+111.3bp,+111.3bp,FINAL,시뮬레이션
2024-12-24,[코스닥] 코스닥 IPO 청약 보류 · 비중 축소,크레딧 68bp (≥65 경계) / 수요예측 중앙값 489:1 (1년 하위 20% 839:1 미만),-56.1bp,-610.5bp,-334.6bp,-334.6bp,FINAL,시뮬레이션
2024-11-26,[국고채] 듀레이션 확대 (VALKYRIE 압력 규칙) (국고10Y 매수 · 국고3Y 매도),"8511 듀레이션 데이터 없음 → VALKYRIE 금리 압력 규칙만 사용 / VALKYRIE 금리 방향 압력 −19.3bp (충격 +0.0 · UST 20일 +2.0 · 갭 −20.0) → 하락 압력 — 방향 참고, 사이징은 8511",+99.6bp,-18.6bp,+73.1bp,+73.1bp,FINAL,시뮬레이션
2024-10-29,[코스닥] 코스닥 IPO 청약 참여 · 비중 확대,빛과전자 재무스코어 4/5 · Put 안정 / 크레딧 57bp (≥65 경계),+91.9bp,-753.9bp,-440.5bp,-440.5bp,FINAL,시뮬레이션
2024-09-26,[국고채] 듀레이션 확대 (VALKYRIE 압력 규칙) (국고10Y 매수 · 국고3Y 매도),"8511 듀레이션 데이터 없음 → VALKYRIE 금리 압력 규칙만 사용 / VALKYRIE 금리 방향 압력 −15.7bp (충격 +0.0 · UST 20일 −3.0 · 갭 −14.6) → 하락 압력 — 방향 참고, 사이징은 8511",-36.6bp,-55.7bp,+54.1bp,+54.1bp,FINAL,시뮬레이션
2024-08-26,[코스닥] 흑자 IPO 선별 청약,"코스피 위험점수 0.50 (경계, 8512 ≥0.45 경계) / 빛과전자 재무스코어 4/5 · Put 안정",+26.9bp,+56.9bp,-533.0bp,-533.0bp,FINAL,시뮬레이션
2024-06-28,[코스닥] 코스닥 IPO 청약 참여 · 비중 확대,빛과전자 재무스코어 4/5 · Put 안정 / 크레딧 48bp (≥65 경계),+59.0bp,-578.9bp,-912.4bp,-912.4bp,FINAL,시뮬레이션
2024-05-30,[국고채] 듀레이션 축소 (VALKYRIE 압력 규칙) (국고10Y 매도 · 국고3Y 매수),"8511 듀레이션 데이터 없음 → VALKYRIE 금리 압력 규칙만 사용 / VALKYRIE 금리 방향 압력 +17.2bp (충격 +0.0 · UST 20일 −8.0 · 갭 +20.0) → 상승 압력 — 방향 참고, 사이징은 8511",-106.5bp,-167.1bp,-321.0bp,-321.0bp,FINAL,시뮬레이션
2024-04-29,[코스닥] 흑자 IPO 선별 청약,코스닥 할인율 20일 +29.1bp (>+15bp 경계) / 빛과전자 재무스코어 4/5 · Put 안정,-4.7bp,-247.7bp,-531.6bp,-531.6bp,FINAL,시뮬레이션
2024-03-29,[국고채] 듀레이션 축소 (VALKYRIE 압력 규칙) (국고10Y 매도 · 국고3Y 매수),"8511 듀레이션 데이터 없음 → VALKYRIE 금리 압력 규칙만 사용 / VALKYRIE 금리 방향 압력 +18.1bp (충격 +0.0 · UST 20일 −5.0 · 갭 +19.8) → 상승 압력 — 방향 참고, 사이징은 8511",+13.9bp,+167.6bp,-80.7bp,-80.7bp,FINAL,시뮬레이션
2024-02-29,[코스닥] 흑자 IPO 선별 청약,크레딧 65bp (≥65 경계) / 빛과전자 재무스코어 4/5 · Put 안정,+39.5bp,+224.2bp,-213.9bp,-213.9bp,FINAL,시뮬레이션
2024-01-30,[국고채] 듀레이션 축소 (VALKYRIE 압력 규칙) (국고10Y 매도 · 국고3Y 매수),"8511 듀레이션 데이터 없음 → VALKYRIE 금리 압력 규칙만 사용 / VALKYRIE 금리 방향 압력 +14.3bp (충격 +0.0 · UST 20일 +11.0 · 갭 +10.5) → 상승 압력 — 방향 참고, 사이징은 8511",+18.7bp,+66.6bp,+201.7bp,+201.7bp,FINAL,시뮬레이션
