date,value
2023-01-02,5.262
2023-01-03,5.131
2023-01-04,5.078
2023-01-05,5.06
2023-01-06,5.062
2023-01-09,4.93
2023-01-10,4.887
2023-01-11,4.784
2023-01-12,4.73
2023-01-13,4.62
2023-01-16,4.661
2023-01-17,4.677
2023-01-18,4.56
2023-01-19,4.403
2023-01-20,4.453
2023-01-25,4.4
2023-01-26,4.361
2023-01-27,4.364
2023-01-30,4.31
2023-01-31,4.344
2023-02-01,4.268
2023-02-02,4.177
2023-02-03,4.081
2023-02-06,4.237
2023-02-07,4.244
2023-02-08,4.244
2023-02-09,4.254
2023-02-10,4.231
2023-02-13,4.252
2023-02-14,4.207
2023-02-15,4.255
2023-02-16,4.239
2023-02-17,4.345
2023-02-20,4.369
2023-02-21,4.324
2023-02-22,4.342
2023-02-23,4.311
2023-02-24,4.255
2023-02-27,4.366
2023-02-28,4.484
2023-03-02,4.558
2023-03-03,4.471
2023-03-06,4.458
2023-03-07,4.41
2023-03-08,4.534
2023-03-09,4.54
2023-03-10,4.396
2023-03-13,4.149
2023-03-14,4.085
2023-03-15,4.169
2023-03-16,4.098
2023-03-17,4.11
2023-03-20,3.986
2023-03-21,4.016
2023-03-22,4.014
2023-03-23,3.97
2023-03-24,3.928
2023-03-27,3.989
2023-03-28,4.029
2023-03-29,4.027
2023-03-30,4.035
2023-03-31,4.074
2023-04-03,4.139
2023-04-04,4.081
2023-04-05,4.072
2023-04-06,4.022
2023-04-07,4.049
2023-04-10,4.004
2023-04-11,4.041
2023-04-12,4.042
2023-04-13,4.009
2023-04-14,4.022
2023-04-17,4.092
2023-04-18,4.101
2023-04-19,4.146
2023-04-20,4.146
2023-04-21,4.083
2023-04-24,4.051
2023-04-25,4.076
2023-04-26,4.069
2023-04-27,4.094
2023-04-28,4.105
2023-05-02,4.14
2023-05-03,4.094
2023-05-04,4.03
2023-05-08,4.079
2023-05-09,4.069
2023-05-10,4.086
2023-05-11,4.032
2023-05-12,4.035
2023-05-15,4.089
2023-05-16,4.056
2023-05-17,4.084
2023-05-18,4.123
2023-05-19,4.148
2023-05-22,4.127
2023-05-23,4.181
2023-05-24,4.183
2023-05-25,4.28
2023-05-26,4.328
2023-05-30,4.359
2023-05-31,4.262
2023-06-01,4.285
2023-06-02,4.244
2023-06-05,4.307
2023-06-07,4.273
2023-06-08,4.344
2023-06-09,4.309
2023-06-12,4.302
2023-06-13,4.297
2023-06-14,4.356
2023-06-15,4.437
2023-06-16,4.395
2023-06-19,4.39
2023-06-20,4.38
2023-06-21,4.378
2023-06-22,4.4
2023-06-23,4.419
2023-06-26,4.375
2023-06-27,4.348
2023-06-28,4.365
2023-06-29,4.391
2023-06-30,4.473
2023-07-03,4.421
2023-07-04,4.429
2023-07-05,4.425
2023-07-06,4.475
2023-07-07,4.534
2023-07-10,4.594
2023-07-11,4.502
2023-07-12,4.512
2023-07-13,4.408
2023-07-14,4.42
2023-07-17,4.414
2023-07-18,4.398
2023-07-19,4.341
2023-07-20,4.379
2023-07-21,4.399
2023-07-24,4.41
2023-07-25,4.435
2023-07-26,4.413
2023-07-27,4.374
2023-07-28,4.423
2023-07-31,4.467
2023-08-01,4.435
2023-08-02,4.466
2023-08-03,4.496
2023-08-04,4.519
2023-08-07,4.468
2023-08-08,4.424
2023-08-09,4.448
2023-08-10,4.464
2023-08-11,4.475
2023-08-14,4.52
2023-08-16,4.488
2023-08-17,4.561
2023-08-18,4.501
2023-08-21,4.563
2023-08-22,4.569
2023-08-23,4.536
2023-08-24,4.524
2023-08-25,4.554
2023-08-28,4.524
2023-08-29,4.503
2023-08-30,4.496
2023-08-31,4.473
2023-09-01,4.447
2023-09-04,4.498
2023-09-05,4.527
2023-09-06,4.521
2023-09-07,4.599
2023-09-08,4.552
2023-09-11,4.622
2023-09-12,4.621
2023-09-13,4.617
2023-09-14,4.596
2023-09-15,4.608
2023-09-18,4.648
2023-09-19,4.641
2023-09-20,4.645
2023-09-21,4.689
2023-09-22,4.65
2023-09-25,4.64
2023-09-26,4.654
2023-09-27,4.658
2023-10-04,4.871
2023-10-05,4.855
2023-10-06,4.796
2023-10-10,4.777
2023-10-11,4.735
2023-10-12,4.719
2023-10-13,4.748
2023-10-16,4.769
2023-10-17,4.787
2023-10-18,4.83
2023-10-19,4.872
2023-10-20,4.838
2023-10-23,4.861
2023-10-24,4.81
2023-10-25,4.844
2023-10-26,4.906
2023-10-27,4.884
2023-10-30,4.905
2023-10-31,4.908
2023-11-01,4.9
2023-11-02,4.811
2023-11-03,4.789
2023-11-06,4.721
2023-11-07,4.731
2023-11-08,4.715
2023-11-09,4.695
2023-11-10,4.711
2023-11-13,4.727
2023-11-14,4.704
2023-11-15,4.591
2023-11-16,4.541
2023-11-17,4.504
2023-11-20,4.469
2023-11-21,4.436
2023-11-22,4.45
2023-11-23,4.418
2023-11-24,4.443
2023-11-27,4.448
2023-11-28,4.397
2023-11-29,4.297
2023-11-30,4.319
2023-12-01,4.309
2023-12-04,4.252
2023-12-05,4.197
2023-12-06,4.17
2023-12-07,4.211
2023-12-08,4.167
2023-12-11,4.196
2023-12-12,4.171
2023-12-13,4.186
2023-12-14,3.98
2023-12-15,4.01
2023-12-18,4.005
2023-12-19,4.022
2023-12-20,3.975
2023-12-21,3.975
2023-12-22,3.972
2023-12-26,3.962
2023-12-27,3.958
2023-12-28,3.898
2023-12-29,3.898
2024-01-02,3.98
2024-01-03,4.017
2024-01-04,3.977
2024-01-05,4.032
2024-01-08,4.045
2024-01-09,4.004
2024-01-10,4.017
2024-01-11,3.976
2024-01-12,3.953
2024-01-15,3.939
2024-01-16,3.982
2024-01-17,4.025
2024-01-18,4.034
2024-01-19,4.058
2024-01-22,4.03
2024-01-23,4.041
2024-01-24,4.051
2024-01-25,4.061
2024-01-26,4.01
2024-01-29,4.051
2024-01-30,4.009
2024-01-31,4.002
2024-02-01,4.001
2024-02-02,3.982
2024-02-05,4.047
2024-02-06,4.028
2024-02-07,4.019
2024-02-08,4.034
2024-02-13,4.074
2024-02-14,4.141
2024-02-15,4.117
2024-02-16,4.115
2024-02-19,4.102
2024-02-20,4.105
2024-02-21,4.09
2024-02-22,4.023
2024-02-23,4.045
2024-02-26,4.005
2024-02-27,4.025
2024-02-28,4.015
2024-02-29,4.037
2024-03-04,4.008
2024-03-05,3.992
2024-03-06,3.962
2024-03-07,3.959
2024-03-08,3.91
2024-03-11,3.914
2024-03-12,3.917
2024-03-13,3.899
2024-03-14,3.922
2024-03-15,3.953
2024-03-18,3.993
2024-03-19,4.022
2024-03-20,4.006
2024-03-21,3.942
2024-03-22,3.918
2024-03-25,3.915
2024-03-26,3.923
2024-03-27,3.903
2024-03-28,3.903
2024-03-29,3.926
2024-04-01,3.896
2024-04-02,3.926
2024-04-03,3.927
2024-04-04,3.919
2024-04-05,3.902
2024-04-08,3.945
2024-04-09,3.953
2024-04-11,4.016
2024-04-12,3.961
2024-04-15,3.983
2024-04-16,4.01
2024-04-17,4.007
2024-04-18,3.96
2024-04-19,3.982
2024-04-22,4.019
2024-04-23,3.992
2024-04-24,4.004
2024-04-25,4.029
2024-04-26,4.012
2024-04-29,4.024
2024-04-30,3.995
2024-05-02,3.972
2024-05-03,3.958
2024-05-07,3.912
2024-05-08,3.901
2024-05-09,3.913
2024-05-10,3.894
2024-05-13,3.904
2024-05-14,3.9
2024-05-16,3.82
2024-05-17,3.825
2024-05-20,3.853
2024-05-21,3.853
2024-05-22,3.848
2024-05-23,3.84
2024-05-24,3.861
2024-05-27,3.851
2024-05-28,3.828
2024-05-29,3.855
2024-05-30,3.867
2024-05-31,3.871
2024-06-03,3.853
2024-06-04,3.81
2024-06-05,3.771
2024-06-07,3.736
2024-06-10,3.782
2024-06-11,3.775
2024-06-12,3.745
2024-06-13,3.718
2024-06-14,3.694
2024-06-17,3.662
2024-06-18,3.666
2024-06-19,3.62
2024-06-20,3.648
2024-06-21,3.637
2024-06-24,3.656
2024-06-25,3.662
2024-06-26,3.676
2024-06-27,3.684
2024-06-28,3.658
2024-07-01,3.681
2024-07-02,3.634
2024-07-03,3.624
2024-07-04,3.591
2024-07-05,3.582
2024-07-08,3.58
2024-07-09,3.572
2024-07-10,3.576
2024-07-11,3.614
2024-07-12,3.552
2024-07-15,3.538
2024-07-16,3.496
2024-07-17,3.509
2024-07-18,3.513
2024-07-19,3.525
2024-07-22,3.522
2024-07-23,3.533
2024-07-24,3.509
2024-07-25,3.484
2024-07-26,3.482
2024-07-29,3.434
2024-07-30,3.451
2024-07-31,3.459
2024-08-01,3.431
2024-08-02,3.394
2024-08-05,3.271
2024-08-06,3.398
2024-08-07,3.397
2024-08-08,3.38
2024-08-09,3.409
2024-08-12,3.421
2024-08-13,3.395
2024-08-14,3.37
2024-08-16,3.415
2024-08-19,3.424
2024-08-20,3.442
2024-08-21,3.439
2024-08-22,3.422
2024-08-23,3.439
2024-08-26,3.414
2024-08-27,3.465
2024-08-28,3.456
2024-08-29,3.484
2024-08-30,3.503
2024-09-02,3.542
2024-09-03,3.545
2024-09-04,3.497
2024-09-05,3.48
2024-09-06,3.46
2024-09-09,3.471
2024-09-10,3.451
2024-09-11,3.406
2024-09-12,3.449
2024-09-13,3.41
2024-09-19,3.432
2024-09-20,3.426
2024-09-23,3.449
2024-09-24,3.439
2024-09-25,3.401
2024-09-26,3.395
2024-09-27,3.409
2024-09-30,3.397
2024-10-02,3.37
2024-10-04,3.415
2024-10-07,3.546
2024-10-08,3.517
2024-10-10,3.542
2024-10-11,3.523
2024-10-14,3.509
2024-10-15,3.475
2024-10-16,3.452
2024-10-17,3.467
2024-10-18,3.48
2024-10-21,3.471
2024-10-22,3.512
2024-10-23,3.508
2024-10-24,3.46
2024-10-25,3.451
2024-10-28,3.503
2024-10-29,3.504
2024-10-30,3.502
2024-10-31,3.503
2024-11-01,3.507
2024-11-04,3.507
2024-11-05,3.491
2024-11-06,3.529
2024-11-07,3.492
2024-11-08,3.461
2024-11-11,3.471
2024-11-12,3.467
2024-11-13,3.501
2024-11-14,3.492
2024-11-15,3.506
2024-11-18,3.482
2024-11-19,3.457
2024-11-20,3.438
2024-11-21,3.396
2024-11-22,3.385
2024-11-25,3.342
2024-11-26,3.343
2024-11-27,3.316
2024-11-28,3.22
2024-11-29,3.194
2024-12-02,3.156
2024-12-03,3.169
2024-12-04,3.21
2024-12-05,3.194
2024-12-06,3.212
2024-12-09,3.173
2024-12-10,3.175
2024-12-11,3.188
2024-12-12,3.2
2024-12-13,3.197
2024-12-16,3.212
2024-12-17,3.279
2024-12-18,3.203
2024-12-19,3.275
2024-12-20,3.3
2024-12-23,3.292
2024-12-24,3.308
2024-12-26,3.33
2024-12-27,3.321
2024-12-30,3.285
2024-12-31,3.284
2025-01-02,3.197
2025-01-03,3.17
2025-01-06,3.202
2025-01-07,3.187
2025-01-08,3.182
2025-01-09,3.174
2025-01-10,3.22
2025-01-13,3.306
2025-01-14,3.292
2025-01-15,3.315
2025-01-16,3.276
2025-01-17,3.241
2025-01-20,3.268
2025-01-21,3.227
2025-01-22,3.227
2025-01-23,3.218
2025-01-24,3.21
2025-01-31,3.204
2025-02-03,3.196
2025-02-04,3.208
2025-02-05,3.198
2025-02-06,3.196
2025-02-07,3.242
2025-02-10,3.239
2025-02-11,3.228
2025-02-12,3.238
2025-02-13,3.227
2025-02-14,3.208
2025-02-17,3.215
2025-02-18,3.224
2025-02-19,3.214
2025-02-20,3.212
2025-02-21,3.2
2025-02-24,3.191
2025-02-25,3.178
2025-02-26,3.168
2025-02-27,3.172
2025-02-28,3.157
2025-03-04,3.132
2025-03-05,3.151
2025-03-06,3.174
2025-03-07,3.144
2025-03-10,3.166
2025-03-11,3.131
2025-03-12,3.127
2025-03-13,3.138
2025-03-14,3.161
2025-03-17,3.171
2025-03-18,3.168
2025-03-19,3.184
2025-03-20,3.168
2025-03-21,3.165
2025-03-24,3.171
2025-03-25,3.179
2025-03-26,3.187
2025-03-27,3.182
2025-03-28,3.184
2025-03-31,3.14
2025-04-01,3.153
2025-04-02,3.151
2025-04-03,3.101
2025-04-04,3.035
2025-04-07,2.986
2025-04-08,2.995
2025-04-09,3.01
2025-04-10,3.017
2025-04-11,2.996
2025-04-14,2.998
2025-04-15,2.984
2025-04-16,2.941
2025-04-17,2.968
2025-04-18,2.942
2025-04-21,2.918
2025-04-22,2.923
2025-04-23,2.927
2025-04-24,2.93
2025-04-25,2.901
2025-04-28,2.909
2025-04-29,2.903
2025-04-30,2.868
2025-05-02,2.872
2025-05-07,2.846
2025-05-08,2.867
2025-05-09,2.91
2025-05-12,2.91
2025-05-13,2.939
2025-05-14,2.924
2025-05-15,2.931
2025-05-16,2.896
2025-05-19,2.935
2025-05-20,2.907
2025-05-21,2.921
2025-05-22,2.917
2025-05-23,2.921
2025-05-26,2.926
2025-05-27,2.913
2025-05-28,2.893
2025-05-29,2.914
2025-05-30,2.917
2025-06-02,2.916
2025-06-04,2.982
2025-06-05,2.973
2025-06-09,2.96
2025-06-10,2.955
2025-06-11,2.974
2025-06-12,2.972
2025-06-13,2.997
2025-06-16,3.016
2025-06-17,2.986
2025-06-18,3.0
2025-06-19,3.005
2025-06-20,2.996
2025-06-23,3.019
2025-06-24,2.983
2025-06-25,2.981
2025-06-26,2.969
2025-06-27,2.967
2025-06-30,2.963
2025-07-01,2.959
2025-07-02,2.981
2025-07-03,2.952
2025-07-04,2.965
2025-07-07,2.973
2025-07-08,2.968
2025-07-09,2.967
2025-07-10,2.928
2025-07-11,2.938
2025-07-14,2.959
2025-07-15,2.953
2025-07-16,2.95
2025-07-17,2.968
2025-07-18,2.961
2025-07-21,2.948
2025-07-22,2.952
2025-07-23,2.95
2025-07-24,2.96
2025-07-25,2.974
2025-07-28,2.958
2025-07-29,2.952
2025-07-30,2.946
2025-07-31,2.952
2025-08-01,2.97
2025-08-04,2.917
2025-08-05,2.917
2025-08-06,2.918
2025-08-07,2.901
2025-08-08,2.902
2025-08-11,2.909
2025-08-12,2.917
2025-08-13,2.907
2025-08-14,2.896
2025-08-18,2.912
2025-08-19,2.924
2025-08-20,2.923
2025-08-21,2.921
2025-08-22,2.932
2025-08-25,2.915
2025-08-26,2.902
2025-08-27,2.887
2025-08-28,2.898
2025-08-29,2.906
2025-09-01,2.913
2025-09-02,2.924
2025-09-03,2.946
2025-09-04,2.943
2025-09-05,2.931
2025-09-08,2.918
2025-09-09,2.898
2025-09-10,2.902
2025-09-11,2.892
2025-09-12,2.901
2025-09-15,2.909
2025-09-16,2.885
2025-09-17,2.881
2025-09-18,2.868
2025-09-19,2.898
2025-09-22,2.912
2025-09-23,2.912
2025-09-24,2.935
2025-09-25,2.969
2025-09-26,3.001
2025-09-29,3.004
2025-09-30,3.022
2025-10-01,3.033
2025-10-02,3.019
2025-10-10,3.026
2025-10-13,2.995
2025-10-14,2.975
2025-10-15,2.966
2025-10-16,3.004
2025-10-17,2.99
2025-10-20,3.004
2025-10-21,3.024
2025-10-22,2.999
2025-10-23,3.027
2025-10-24,3.013
2025-10-27,3.036
2025-10-28,3.047
2025-10-29,3.085
2025-10-30,3.135
2025-10-31,3.122
2025-11-03,3.147
2025-11-04,3.136
2025-11-05,3.169
2025-11-06,3.232
2025-11-07,3.286
2025-11-10,3.261
2025-11-11,3.236
2025-11-12,3.331
2025-11-13,3.345
2025-11-14,3.365
2025-11-17,3.342
2025-11-18,3.309
2025-11-19,3.308
2025-11-20,3.34
2025-11-21,3.308
2025-11-24,3.338
2025-11-25,3.334
2025-11-26,3.328
2025-11-27,3.446
2025-11-28,3.428
2025-12-01,3.481
2025-12-02,3.463
2025-12-03,3.484
2025-12-04,3.474
2025-12-05,3.453
2025-12-08,3.492
2025-12-09,3.545
2025-12-10,3.574
2025-12-11,3.585
2025-12-12,3.582
2025-12-15,3.499
2025-12-16,3.507
2025-12-17,3.507
2025-12-18,3.484
2025-12-19,3.523
2025-12-22,3.513
2025-12-23,3.5
2025-12-24,3.475
2025-12-26,3.489
2025-12-29,3.47
2025-12-30,3.476
2025-12-31,3.476
2026-01-02,3.459
2026-01-05,3.457
2026-01-06,3.46
2026-01-07,3.423
2026-01-08,3.418
2026-01-09,3.445
2026-01-12,3.469
2026-01-13,3.486
2026-01-14,3.481
2026-01-15,3.565
2026-01-16,3.56
2026-01-19,3.599
2026-01-20,3.653
2026-01-21,3.624
2026-01-22,3.615
2026-01-23,3.644
2026-01-26,3.611
2026-01-27,3.607
2026-01-28,3.589
2026-01-29,3.626
2026-01-30,3.658
2026-02-02,3.668
2026-02-03,3.708
2026-02-04,3.731
2026-02-05,3.724
2026-02-06,3.755
2026-02-09,3.787
2026-02-10,3.759
2026-02-11,3.746
2026-02-12,3.716
2026-02-13,3.705
2026-02-19,3.735
2026-02-20,3.718
2026-02-23,3.725
2026-02-24,3.73
2026-02-25,3.705
2026-02-26,3.653
2026-02-27,3.637
2026-03-03,3.769
2026-03-04,3.8
2026-03-05,3.777
2026-03-06,3.815
2026-03-09,3.997
2026-03-10,3.874
2026-03-11,3.845
2026-03-12,3.866
2026-03-13,3.919
2026-03-16,3.887
2026-03-17,3.906
2026-03-18,3.855
2026-03-19,3.915
2026-03-20,3.991
2026-03-23,4.197
2026-03-24,4.121
2026-03-25,4.158
2026-03-26,4.156
2026-03-27,4.182
2026-03-30,4.157
2026-03-31,4.166
2026-04-01,4.011
2026-04-02,4.114
2026-04-03,4.093
2026-04-06,4.081
2026-04-07,4.107
2026-04-08,3.973
2026-04-09,3.999
2026-04-10,4.018
2026-04-13,4.043
2026-04-14,4.005
2026-04-15,3.995
2026-04-16,4.005
2026-04-17,4.037
2026-04-20,4.016
2026-04-21,3.994
2026-04-22,4.028
2026-04-23,4.107
2026-04-24,4.145
2026-04-27,4.147
2026-04-28,4.182
2026-04-29,4.185
2026-04-30,4.248
2026-05-04,4.268
2026-05-06,4.249
2026-05-07,4.199
2026-05-08,4.218
2026-05-11,4.245
2026-05-12,4.311
2026-05-13,4.273
2026-05-14,4.284
2026-05-15,4.391
2026-05-18,4.381
2026-05-19,4.377
2026-05-20,4.386
2026-05-21,4.381
2026-05-22,4.361
2026-05-26,4.295
2026-05-27,4.336
2026-05-28,4.384
2026-05-29,4.353
2026-06-01,4.41
2026-06-02,4.397
2026-06-04,4.48
2026-06-05,4.501
2026-06-08,4.565
2026-06-09,4.492
2026-06-10,4.499
2026-06-11,4.515
2026-06-12,4.433
2026-06-15,4.373
2026-06-16,4.348
2026-06-17,4.345
2026-06-18,4.381
2026-06-19,4.419
2026-06-22,4.442
2026-06-23,4.417
2026-06-24,4.428
2026-06-25,4.403
2026-06-26,4.38
2026-06-29,4.396
2026-06-30,4.375
2026-07-01,4.466
2026-07-02,4.431
2026-07-03,4.433
2026-07-06,4.459
2026-07-07,4.472
2026-07-08,4.473
2026-07-09,4.478
2026-07-10,4.466
2026-07-13,4.506
2026-07-14,4.582
2026-07-15,4.563
2026-07-16,4.544
2026-07-20,4.59
2026-07-21,4.571
2026-07-22,4.604
2026-07-23,4.609
2026-07-24,4.653
2026-07-27,4.576
2026-07-28,4.545
2026-07-29,4.512
2026-07-30,4.541
2026-07-31,4.478
2026-08-03,4.462
2026-08-04,4.458
2026-08-05,4.392
2026-08-06,4.445
2026-08-07,4.448
2026-08-10,4.476
2026-08-11,4.504
2026-08-12,4.496
2026-08-13,4.488
2026-08-14,4.492
2026-08-18,4.542
2026-08-19,4.497
2026-08-20,4.504
2026-08-21,4.542
2026-08-24,4.52
2026-08-25,4.516
2026-08-26,4.5
2026-08-27,4.448
2026-08-28,4.476
2026-08-31,4.516
2026-09-01,4.549
2026-09-02,4.6
2026-09-03,4.567
2026-09-04,4.567
2026-09-07,4.575
2026-09-08,4.575
2026-09-09,4.581
2026-09-10,4.6
2026-09-11,4.688
2026-09-14,4.69
2026-09-15,4.75
2026-09-16,4.716
2026-09-17,4.726
2026-09-18,4.706
2026-09-21,4.724
2026-09-22,4.713
2026-09-23,4.689
2026-09-28,4.788
2026-09-29,4.755
2026-09-30,4.703
2026-10-01,4.701
