date,individual,foreign,institution,fin_invest,insurance,trust,private_equity,bank,other_fin,pension,other_corp,other_foreign
2025-12-04,-699.4,818.2,809.4,1056.0,9.6,-228.8,-106.6,-1.7,-68.2,149.0,-891.0,-37.2
2025-12-05,3198.3,-1321.5,-1864.3,709.2,-238.9,-740.9,-1141.1,13.2,-52.0,-413.9,-33.3,20.9
2025-12-08,-1515.4,3844.3,-1864.2,-181.1,-102.9,-258.8,-810.8,-0.7,-155.9,-353.9,-450.6,-14.1
2025-12-09,2135.0,-618.2,-1067.6,-68.3,16.1,-232.8,-664.0,0.1,71.2,-189.8,-486.3,37.1
2025-12-10,-517.2,983.4,-30.6,-52.3,91.9,-81.4,9.3,-2.5,-170.6,175.0,-424.6,-11.0
2025-12-11,465.8,520.0,-342.4,-279.0,4.4,-199.7,-243.3,1.0,-26.0,400.2,-637.7,-5.7
2025-12-12,-1505.0,2013.4,318.6,759.5,29.8,-0.5,-297.8,-16.3,-50.9,-105.3,-777.4,-49.6
2025-12-15,1813.4,-208.5,-1322.9,-305.6,-30.5,-612.5,-428.9,-38.3,-132.8,225.9,-305.7,23.7
2025-12-16,3984.2,-3546.7,11.0,349.7,-66.2,-297.8,-48.9,-0.4,-109.1,183.7,-472.0,23.4
2025-12-17,2645.9,-2230.0,122.4,739.2,-7.5,80.8,-422.8,-4.5,-231.6,-31.2,-549.0,10.7
2025-12-18,990.0,-895.8,-84.8,221.9,-16.2,-45.4,-364.0,-0.8,-48.1,167.9,-4.3,-5.2
2025-12-19,-2824.8,1082.7,1993.1,1185.7,93.6,126.1,298.5,1.9,-158.1,445.4,-235.7,-15.3
2025-12-22,1062.2,-338.1,619.3,433.4,47.9,402.6,-130.0,-6.3,-327.0,198.7,-1349.8,6.4
2025-12-23,1799.3,-1498.0,453.2,409.1,-18.7,142.1,-220.9,0.1,-209.7,351.2,-755.4,0.9
2025-12-24,-88.9,-300.1,768.7,1022.5,-2.0,14.7,-164.5,-5.5,-280.6,184.1,-321.9,-57.8
2025-12-26,-4596.2,1058.1,3583.0,2240.2,86.4,285.0,43.1,-8.2,13.6,923.0,41.7,-86.6
2025-12-29,1877.1,857.4,-1784.0,-1286.2,5.4,137.5,-490.1,-2.4,-385.3,237.1,-947.5,-3.1
2025-12-30,5392.3,-3304.5,-1687.1,-1065.6,49.2,-172.9,-530.5,2.3,-115.2,145.5,-438.8,38.1
2026-01-02,-1825.4,1030.5,844.9,620.7,33.7,-170.3,169.6,15.0,-112.6,288.8,-63.2,13.3
2026-01-05,996.5,-1120.2,242.9,526.8,-16.7,-372.8,-68.3,0.6,-97.6,270.9,-119.8,0.6
2026-01-06,3813.4,-3356.6,-300.8,1649.4,-80.5,-1157.7,-470.0,5.0,-62.5,-184.5,-163.5,7.4
2026-01-07,1833.3,2560.3,-1002.6,448.4,-19.0,-787.9,-141.8,-8.1,-163.2,-331.0,-3404.1,13.1
2026-01-08,673.3,-897.6,272.4,295.1,31.8,39.0,-175.2,-1.2,-28.2,111.1,-31.0,-17.1
2026-01-09,1063.8,-1710.5,761.7,1374.6,5.7,-572.1,61.1,4.7,-25.9,-86.4,-125.8,10.9
2026-01-12,999.5,-101.7,-685.6,342.8,-121.3,-331.8,-172.7,2.9,-197.4,-208.1,-239.8,27.5
2026-01-13,3369.7,-1790.2,-1456.6,-19.9,-118.2,-521.1,-642.1,-2.7,-69.4,-83.2,-102.5,-20.4
2026-01-14,4194.1,-2638.3,-1568.3,201.7,-48.6,-630.1,-686.1,-3.1,-283.4,-118.5,6.1,6.5
2026-01-15,-2562.0,3163.4,-287.6,1039.8,-80.3,-188.5,-407.2,-6.3,-343.9,-301.2,-298.6,-15.2
2026-01-16,567.1,-865.2,397.2,694.8,-50.5,-131.3,-341.3,-1.2,-49.7,276.3,-124.8,25.7
2026-01-19,-1395.5,2271.2,-385.8,-284.9,-59.8,139.5,-53.7,-0.4,-204.7,78.2,-483.1,-6.8
2026-01-20,-3079.8,287.1,2758.8,2396.9,-23.3,-26.4,469.6,-16.9,-83.3,42.3,80.4,-46.7
2026-01-21,9553.1,-2683.1,-6611.3,68.9,-303.4,-2857.1,-1368.0,-22.8,-69.6,-2059.4,-330.0,71.2
2026-01-22,898.7,839.4,-1376.8,-842.8,-93.8,-514.0,357.7,-18.9,-104.4,-160.6,-354.8,-6.5
2026-01-23,-10359.6,1119.5,9735.2,8014.4,32.8,141.4,1279.1,7.8,-132.4,392.2,-428.0,-67.1
2026-01-26,-29138.0,4620.5,26216.6,21064.9,287.6,2471.0,1164.1,0.9,-279.1,1507.2,-1575.5,-123.5
2026-01-27,-14540.4,-1090.2,16527.8,15050.0,8.1,847.8,65.2,5.7,-81.6,632.7,-854.8,-42.4
2026-01-28,-26462.0,4966.9,23021.7,20609.8,54.2,1777.3,-278.2,-1.6,-63.6,923.8,-1426.2,-100.5
2026-01-29,-21296.9,2264.3,20427.3,20993.3,-104.0,-41.4,-370.6,7.5,-144.2,86.7,-1293.6,-101.0
2026-01-30,-9830.0,-1608.9,13350.7,14907.6,-122.3,-138.6,-1475.6,-24.8,-102.6,307.0,-1862.3,-49.5
2026-02-02,2126.6,4100.0,-5484.4,-3823.2,-164.6,-566.9,-760.4,-2.7,-24.1,-142.5,-749.9,7.7
2026-02-03,-7085.0,-857.8,8633.4,7993.8,-93.7,728.5,6.8,13.0,7.4,-22.4,-651.9,-38.7
2026-02-04,2399.0,40.3,-1514.8,864.2,-231.8,-365.4,-977.1,22.4,-150.2,-676.8,-933.2,8.8
2026-02-05,9062.9,-2753.7,-5385.4,-1523.3,-128.2,-1239.1,-1156.8,-0.6,-293.3,-1044.0,-921.1,-2.7
2026-02-06,1484.2,716.5,-1642.6,59.5,-111.4,-691.1,-672.0,-5.8,-22.4,-199.2,-569.9,11.7
2026-02-09,-6236.0,2347.6,4876.8,3812.4,42.0,795.6,572.6,-9.9,-108.4,-227.4,-957.6,-30.8
2026-02-10,3239.4,-1972.5,-808.4,107.9,-32.4,-70.9,-354.7,-4.7,-57.7,-395.9,-475.6,17.1
2026-02-11,-513.5,182.1,608.2,487.9,-67.0,160.8,343.7,-18.0,-39.5,-259.8,-285.2,8.5
2026-02-12,860.4,-1072.8,997.0,1082.2,-25.7,373.1,-77.5,-0.5,-119.7,-234.8,-791.8,7.1
2026-02-13,6220.1,-2438.8,-3381.1,-2078.8,-29.6,-460.6,-180.7,-18.2,-172.6,-440.7,-424.8,24.7
2026-02-19,-18300.8,8563.8,10541.3,9353.6,-168.0,847.8,-40.5,1.1,-164.0,711.4,-780.6,-23.6
2026-02-20,2317.6,-2057.2,231.2,954.4,-37.8,-1.7,-566.9,-8.0,-190.5,81.6,-475.4,-16.2
2026-02-23,2178.8,1830.0,-3623.9,-1785.6,-11.8,-1199.5,-289.6,-0.4,-129.4,-207.6,-359.9,-24.9
2026-02-24,2285.7,2747.4,-1467.8,-1199.6,110.9,-227.3,-156.6,4.2,-283.9,284.6,-3608.1,42.7
2026-02-25,3906.4,-2144.8,-1276.5,-505.7,-22.0,-260.2,-348.8,-9.0,-121.2,-9.7,-470.4,-14.6
2026-02-26,-5458.7,4238.8,1901.0,1513.0,-62.8,283.5,86.1,1.9,-151.3,230.7,-688.9,7.8
2026-02-27,-4724.5,620.8,4460.0,3962.4,40.5,403.7,-17.1,-0.8,-58.2,129.5,-358.0,1.8
2026-03-03,-7614.5,6007.2,2388.3,1390.8,24.9,-219.4,945.3,10.3,-96.6,333.0,-707.5,-73.6
2026-03-04,-12030.1,11739.6,322.8,845.7,6.0,-473.4,116.5,-1.4,-72.8,-97.8,4.3,-36.7
2026-03-05,-15513.7,8382.0,7392.6,4222.0,100.8,2079.1,437.5,1.6,-165.4,717.1,-201.4,-59.5
2026-03-06,-799.8,-3814.8,4761.3,2199.9,269.3,702.6,-11.0,16.3,-72.1,1656.3,-99.2,-47.5
2026-03-09,5065.3,-5399.9,446.9,1709.0,10.3,-953.4,-835.6,-11.0,-81.2,608.8,-123.3,10.9
2026-03-10,136.0,-4017.8,4298.4,3583.0,73.7,197.9,-42.0,-9.7,-61.7,557.3,-413.9,-2.8
2026-03-11,2542.2,-799.8,-1266.7,-773.4,-26.6,185.6,-567.1,-0.3,-210.0,125.0,-463.5,-12.2
2026-03-12,5064.2,-6877.3,2531.0,1869.6,-18.3,306.8,310.4,-2.1,-335.1,399.8,-728.0,10.2
2026-03-13,-1324.8,-834.6,2526.2,1127.4,88.5,883.0,239.6,-1.7,-207.2,396.6,-372.9,6.1
2026-03-16,7104.0,-5027.1,-1696.4,-1131.2,-13.4,330.2,-396.8,3.1,-496.4,8.0,-395.3,14.7
2026-03-17,1379.7,-567.5,-359.0,-226.2,-23.0,99.2,182.9,-20.8,-62.8,-308.4,-435.6,-17.5
2026-03-18,-3927.8,4986.5,-253.1,306.3,-26.6,267.3,-530.6,-9.5,-169.3,-90.6,-742.8,-62.8
2026-03-19,5017.9,-2041.0,-2611.6,-1811.8,45.6,-564.5,-69.8,-8.0,-186.3,-16.9,-402.8,37.5
2026-03-20,-1170.6,2531.5,-941.9,229.3,67.4,-203.7,-623.2,-29.3,-170.7,-211.8,-234.4,-184.6
2026-03-23,4647.0,-2606.9,-1997.7,271.5,-19.9,-929.4,-1245.7,-1.0,-57.1,-16.2,-57.7,15.3
2026-03-24,-2113.1,1732.2,158.2,-122.8,17.3,641.4,-302.5,9.2,-89.3,5.0,222.2,0.6
2026-03-25,-3820.5,3764.5,223.7,-895.1,143.0,771.7,106.6,-7.5,-7.7,112.8,-135.6,-32.0
2026-03-26,4845.5,-2957.1,-1336.8,-1636.3,2.1,244.4,167.6,-8.5,-234.7,128.7,-545.9,-5.7
2026-03-27,1703.0,-2326.5,507.4,127.3,86.2,-43.0,337.8,-9.1,-46.6,54.8,126.8,-10.7
2026-03-30,3040.6,-1319.3,-1179.1,-407.3,-48.2,-208.7,-120.8,0.0,-91.6,-302.5,-547.8,5.6
2026-03-31,497.3,1129.9,-686.9,590.2,-99.3,-288.1,-428.8,1.0,-152.5,-309.5,-998.2,57.9
2026-04-01,-9010.6,4433.5,4608.7,2819.9,44.8,1264.0,375.9,1.4,-41.5,144.1,16.9,-48.5
2026-04-02,6157.1,-914.4,-5054.8,-2231.0,-113.0,-1186.7,-324.6,-2.2,-156.7,-1040.7,-239.6,51.7
2026-04-03,4067.3,-1977.1,-2173.2,-1509.8,-54.6,-13.9,-319.8,-8.9,-25.2,-241.0,71.4,11.6
2026-04-06,4265.7,845.5,-3591.6,-2117.1,-106.9,-567.5,-595.2,-0.9,-17.6,-186.4,-1542.2,22.6
2026-04-07,-322.1,1822.6,-1200.3,419.5,-43.4,-611.5,-766.4,4.8,-16.7,-186.7,-275.4,-24.9
2026-04-08,-5833.4,2413.1,3729.2,3700.1,22.7,417.2,-166.6,7.0,-69.8,-181.3,-292.9,-16.1
2026-04-09,9281.0,-4315.2,-5079.7,-3200.0,-46.3,-1191.4,-134.2,-16.0,-37.9,-454.0,48.0,66.0
2026-04-10,-823.6,-51.3,931.4,-734.2,76.3,1446.8,417.1,-15.3,-71.7,-187.6,-88.6,32.1
2026-04-13,2619.6,-1552.8,-922.9,-971.4,60.7,-236.2,388.7,-1.8,-61.8,-101.1,-205.5,61.6
2026-04-14,1160.2,-91.1,-1287.8,-1453.5,30.0,312.1,-178.7,3.5,-147.3,145.9,191.2,27.5
2026-04-15,-2561.3,2108.0,1767.0,153.3,16.5,415.2,1032.5,5.3,-73.8,218.0,-1414.6,101.0
2026-04-16,3605.2,-2518.3,-640.2,-1046.6,53.8,11.7,507.1,2.0,-109.3,-58.9,-502.4,55.8
2026-04-17,14.2,9.4,137.6,-400.7,-64.7,370.6,171.1,-4.8,-55.6,121.7,-284.5,123.4
2026-04-20,1621.9,181.0,-1604.3,-1486.7,-63.8,180.8,34.6,-9.3,-100.9,-159.0,-233.2,34.7
2026-04-21,4908.8,-2882.3,-1202.5,-368.0,-118.3,-156.6,-516.5,1.9,-75.3,30.3,-876.8,52.7
2026-04-22,2968.6,1638.5,-3691.1,-2273.3,-130.8,-191.8,-317.0,-12.2,-71.0,-695.0,-898.2,-17.8
2026-04-23,3248.9,-1512.4,-1495.0,-938.4,-51.0,-275.4,-148.5,-6.8,-43.6,-31.3,-292.2,50.7
2026-04-24,-8990.3,7355.9,1887.2,805.9,85.5,329.6,497.2,18.9,-56.2,206.4,-222.1,-30.8
2026-04-27,1417.6,-1739.9,849.2,415.1,-83.5,545.0,316.9,4.7,-58.5,-290.4,-544.7,17.7
2026-04-28,7962.3,-4963.9,-2542.8,-1876.7,-70.0,-281.8,-256.1,-17.3,-52.3,11.3,-470.6,14.9
2026-04-29,1378.9,-77.2,-728.5,369.2,-118.7,5.8,-432.6,-34.8,-61.4,-456.1,-629.6,56.5
2026-04-30,5532.1,-2165.5,-3045.0,-1447.9,-134.7,-457.1,-667.3,-12.2,-55.5,-270.4,-375.0,53.5
2026-05-04,-4422.4,5556.9,-729.0,-1514.7,-104.7,520.6,353.3,0.1,-131.6,148.0,-396.6,-8.8
2026-05-06,6105.1,-632.0,-5435.0,-4263.7,-326.5,190.5,-550.2,2.5,-14.3,-473.2,-55.5,17.5
2026-05-07,-176.7,1694.0,-1323.4,-118.8,53.0,-439.1,-634.7,-18.9,-102.2,-62.7,-246.5,52.6
2026-05-08,-4694.5,3996.5,803.3,681.1,-41.5,409.1,-6.6,-10.2,-115.9,-112.6,-154.6,49.2
2026-05-11,847.1,1061.5,-1630.1,-2598.0,-184.4,1193.5,-104.0,-4.2,-76.6,143.5,-376.7,98.2
2026-05-12,-2233.7,5218.1,-2583.6,1318.6,1.7,-1506.0,-2296.8,-6.8,-6.5,-87.8,-398.6,-2.2
2026-05-13,5899.4,-5937.7,38.7,315.4,-27.0,362.4,2.6,3.6,-86.1,-532.2,78.1,-78.5
2026-05-14,911.3,-1479.3,595.2,9.0,21.5,651.5,95.7,91.0,-302.8,29.4,-157.6,130.5
2026-05-15,-1448.4,3802.2,-1673.2,-240.2,-16.8,-657.2,-320.4,-17.2,-148.4,-273.1,-959.1,278.6
2026-05-18,-83.6,2298.1,-2539.8,-908.2,-56.8,-300.7,-477.5,-12.5,-84.8,-699.4,254.8,70.7
2026-05-19,1032.4,1254.2,-658.9,933.0,26.5,-420.3,-617.3,-6.0,-17.6,-557.3,-1680.3,52.6
2026-05-20,-579.9,2094.9,-1367.4,-317.4,8.0,-257.9,-298.8,7.4,-142.8,-365.9,-61.9,-85.8
2026-05-21,-2508.9,1346.0,1390.7,336.6,1.0,1108.1,144.9,-5.2,-134.7,-60.0,-247.9,20.1
2026-05-22,-8793.0,5933.5,3009.8,1006.4,128.6,1123.2,108.9,17.9,-233.6,858.4,-191.7,41.4
2026-05-26,2305.8,-1025.3,-256.4,-757.8,-61.6,405.7,127.2,2.0,-125.3,153.4,-1017.9,-6.2
2026-05-27,6315.3,-670.8,-5411.4,-4915.0,-103.4,-86.7,-544.9,-1.9,-132.0,372.5,-56.5,-176.7
2026-05-28,381.1,3777.1,-4010.6,-1904.6,-21.9,-1455.4,-319.2,-9.5,-24.8,-275.1,-191.7,44.1
2026-05-29,3093.6,83.0,-3139.8,-881.8,-231.6,-751.3,-675.3,-4.9,-180.0,-414.9,-68.6,31.9
2026-06-01,-4915.6,7991.3,-2912.0,1103.7,-335.4,-1825.6,-961.4,-5.7,-34.9,-852.8,-236.0,72.3
2026-06-02,-4090.0,3355.0,1326.9,2444.7,-69.7,-575.6,24.6,-3.5,-15.1,-478.5,-637.5,45.6
2026-06-04,-1633.3,-302.9,2066.4,561.6,45.9,960.0,333.0,8.7,-41.7,199.0,-8.9,-121.4
2026-06-05,336.9,-1838.8,1507.8,-324.2,37.0,1084.8,444.6,-3.0,-42.8,311.4,32.9,-38.9
2026-06-08,-1245.3,2796.7,-1465.7,759.1,-112.5,-1140.3,-217.1,-23.7,-190.0,-541.1,-265.4,179.8
2026-06-09,-5112.5,3103.9,1995.7,292.6,34.6,552.2,850.4,-3.4,3.2,266.2,-9.4,22.2
2026-06-10,1167.2,1434.8,-1124.9,-1074.5,42.6,49.8,149.3,18.0,-113.7,-196.4,-1462.1,-15.0
2026-06-11,-3633.8,-3362.9,7148.6,6212.0,202.4,-923.1,779.8,15.4,-16.3,878.4,86.4,-238.4
2026-06-12,-9415.6,2755.0,6315.0,-7010.3,90.8,11853.9,758.6,3.1,-29.2,648.0,331.5,14.1
2026-06-15,6162.2,-8065.1,2165.7,724.7,-92.4,1733.6,119.6,1.1,-15.1,-305.8,-164.0,-98.8
2026-06-16,7906.9,-3189.3,-4629.5,-2086.7,-40.9,-2314.9,-38.0,1.5,-40.5,-110.1,-182.8,94.7
2026-06-17,-334.6,365.6,-101.2,1330.2,31.8,-176.2,-1564.3,2.5,-36.0,310.9,35.5,34.7
2026-06-18,3841.6,-1163.2,-2659.1,-2138.3,-115.0,33.5,-405.9,-8.3,-59.6,34.4,52.5,-71.8
2026-06-19,749.7,4891.5,-5838.3,-2800.5,-160.8,-2359.7,-384.0,-6.5,-1.8,-125.1,112.0,85.2
2026-06-22,-4634.2,3104.8,1456.0,1433.7,2.6,-610.2,364.0,3.3,-67.7,330.4,26.2,47.2
2026-06-23,-3979.1,2695.1,1329.1,3423.0,-27.6,-1314.2,-625.6,-6.6,-13.2,-106.8,-96.2,51.1
2026-06-24,-3183.5,-354.7,3362.8,2776.5,8.3,-38.7,330.4,3.1,5.7,277.5,141.2,34.2
2026-06-25,1452.0,321.1,-1707.1,-1712.6,10.7,396.6,-551.4,-1.3,-2.2,153.2,42.7,-108.7
2026-06-26,-6688.2,3418.5,3083.8,3048.6,15.8,398.5,-642.5,-3.2,-64.9,331.4,94.9,91.1
2026-06-29,-5271.9,381.7,5042.8,5305.0,52.1,-1208.0,347.1,-2.2,-13.2,562.1,-36.9,-115.7
2026-06-30,3909.3,-2427.6,-1428.5,1559.4,74.2,-1978.0,-1369.9,-4.9,-39.1,329.9,-17.3,-35.9
2026-07-01,-1082.0,2340.0,-1255.4,1537.4,49.0,-4831.7,1501.2,2.4,-11.9,498.2,-134.4,131.8
2026-07-02,4859.4,-1931.0,-3091.0,1679.5,-39.5,-2722.8,-1181.9,3.5,-1.0,-828.9,173.5,-10.9
2026-07-03,1075.3,-189.9,-1037.0,-345.5,-97.5,-127.7,-195.3,7.1,-1.4,-276.7,164.0,-12.4
2026-07-06,2590.8,-409.1,-2243.8,-603.1,-144.5,-533.2,-271.0,-4.9,-72.5,-614.6,99.9,-37.9
2026-07-07,-3615.8,3759.0,-99.8,1453.6,-22.8,-1003.2,-474.1,0.3,-10.6,-42.9,-26.7,-16.7
2026-07-08,-1959.2,3372.8,-1452.5,-86.9,-69.9,-533.7,-465.6,0.5,-8.5,-288.4,36.1,2.9
2026-07-09,-3217.1,219.4,3081.3,1488.2,83.2,728.2,490.0,-3.5,11.4,283.9,-85.5,2.0
2026-07-10,-4213.1,-1558.9,5825.0,1845.2,68.3,3402.1,98.8,4.8,-10.7,416.4,-49.0,-4.0
2026-07-13,1832.6,-3865.8,1843.0,-910.5,30.3,3045.2,-217.1,-0.3,2.2,-106.8,202.7,-12.6
2026-07-14,697.9,-2488.9,1587.2,244.8,-42.6,1425.9,10.4,-31.7,-10.8,-8.8,186.0,17.9
2026-07-15,-1541.9,241.9,1085.7,-884.4,73.5,1335.6,480.9,-4.0,-13.5,97.5,225.6,-11.4
2026-07-16,4184.4,-2948.6,-1552.8,-1122.5,-71.8,118.7,-32.7,-2.2,-26.0,-416.3,287.3,29.7
2026-07-20,1907.4,-559.9,-1329.9,-573.0,-41.7,-251.1,-127.8,-7.2,-22.2,-306.9,-59.3,41.8
2026-07-21,1473.8,-1368.5,-128.6,-115.3,29.4,170.7,-47.3,0.2,-43.4,-123.0,14.5,8.8
2026-07-22,2636.2,-841.6,-1913.7,-1643.7,-20.9,-554.2,30.4,-0.6,-32.9,308.2,92.8,26.4
2026-07-23,-2373.1,1681.1,642.9,1415.9,-39.1,-299.7,-330.4,-0.2,-3.6,-100.1,55.3,-6.1
2026-07-24,4881.4,-1345.7,-3580.4,-1522.8,-167.5,-581.3,-433.9,-5.3,-70.8,-798.9,14.1,30.8
2026-07-27,-1549.9,-1418.3,2731.2,2123.9,19.7,394.0,43.8,0.1,-22.2,172.1,240.7,-3.6
2026-07-28,480.3,828.6,-1345.3,99.4,-81.8,-1102.8,24.4,2.2,-6.5,-280.3,5.0,31.3
2026-07-29,-4579.4,3069.0,1474.0,1952.3,-36.2,-507.2,499.9,-2.6,-20.9,-411.2,23.4,12.9
2026-07-30,-1107.8,2474.8,-1435.5,-456.5,-68.3,-362.2,-89.8,-2.7,-16.8,-439.2,59.9,8.6
2026-07-31,-4715.2,1732.3,2985.1,678.1,69.3,811.8,683.5,0.1,4.0,738.3,33.4,-35.7
2026-08-03,301.9,-2094.9,1668.7,136.1,77.5,868.9,440.1,11.7,-3.4,137.8,120.9,3.4
2026-08-04,-2587.0,-2775.8,5437.7,3331.8,108.9,1021.9,509.4,1.6,3.9,460.2,-76.0,1.1
2026-08-05,3941.4,-2971.9,-1100.7,-1645.4,35.1,551.0,76.5,4.4,-38.5,-83.8,138.0,-6.8
2026-08-06,862.5,-2477.6,1614.8,1323.3,31.6,-35.4,279.6,1.3,-25.8,40.3,3.9,-3.7
2026-08-07,3401.6,-2523.3,-1044.5,-1433.1,44.4,206.9,145.7,0.9,-3.5,-5.7,165.2,0.9
2026-08-10,-6729.3,1050.3,5666.9,2987.9,173.0,1494.5,195.6,13.1,-19.8,822.6,35.4,-23.4
2026-08-11,4351.4,-3578.1,-954.5,-1376.6,27.9,386.1,-35.0,-8.9,-6.9,58.8,164.9,16.3
2026-08-12,3127.4,-1609.0,-1458.9,-516.8,-49.0,-363.1,-321.3,0.7,-21.4,-188.0,-45.9,-13.6
2026-08-13,2565.4,-1377.0,-1132.4,142.3,-99.5,-368.7,-569.9,-4.9,-39.1,-192.6,-71.0,14.9
2026-08-14,3144.8,-673.7,-2524.2,-2122.9,-102.9,-198.0,-17.5,-0.1,-0.6,-82.2,38.0,15.0
2026-08-18,3904.6,367.8,-4175.7,-3481.0,-101.8,-225.8,-102.5,-1.0,-68.2,-195.5,-95.1,-1.6
2026-08-19,-663.6,153.5,499.5,501.4,31.8,77.4,-61.2,1.3,-13.9,-37.2,16.8,-6.2
2026-08-20,16.0,-1331.3,1194.0,760.2,53.0,126.5,112.2,-120.2,-16.7,278.9,118.0,3.4
2026-08-21,6236.1,-2876.4,-3462.2,-1297.1,-63.5,-1000.0,-597.2,-32.3,-16.6,-455.5,62.6,39.9
2026-08-24,-2604.5,2417.5,249.0,178.1,21.7,232.9,-155.3,-80.0,-140.9,192.6,-61.0,-1.0
2026-08-25,-1374.5,1329.8,155.9,138.3,0.2,150.7,-77.7,-37.1,-2.8,-15.7,-108.6,-2.5
2026-08-26,1930.8,-911.3,-1054.2,-1175.7,2.5,129.4,-137.4,-40.1,6.1,161.1,41.2,-6.5
2026-08-27,-1751.8,2962.1,-1191.9,617.9,35.2,272.6,-85.5,-49.3,-2109.8,127.1,-11.4,-7.0
2026-08-28,978.6,-934.0,-29.7,-189.1,37.8,243.4,-157.9,-2.7,-2.2,41.1,-7.2,-7.8
2026-08-31,2530.2,-560.0,-2004.9,-1856.9,9.5,164.1,-19.9,-10.3,2.1,-293.6,26.3,8.4
2026-09-01,4389.3,-1553.0,-2786.9,-2265.4,-19.8,-166.0,-119.8,-15.0,-1.4,-199.6,-71.5,22.1
2026-09-02,1727.3,629.8,-2321.6,-1521.9,25.6,-528.6,-355.7,0.2,8.8,50.0,-24.1,-11.4
2026-09-03,2949.7,-1102.6,-1837.6,-997.8,-21.4,-96.2,-489.9,-9.1,-5.4,-217.8,-29.8,20.2
2026-09-04,-4125.1,2619.5,1609.3,172.7,14.5,742.7,552.2,5.7,-61.5,182.9,-82.8,-21.0
2026-09-07,1895.7,-731.0,-1292.5,-938.4,-2.6,69.8,-229.1,-14.5,-132.9,-44.8,113.5,14.2
2026-09-08,479.4,1571.3,-2134.8,-778.6,-51.3,-684.8,-601.8,-81.2,-34.9,97.8,72.3,11.8
2026-09-09,-2548.2,2662.4,-190.1,192.4,-12.1,-511.7,194.5,-38.5,-70.7,56.0,92.3,-16.4
2026-09-10,-2698.1,-11263.2,13995.9,1339.6,-96.5,13330.9,-607.1,-20.9,-29.5,79.3,-44.4,9.8
2026-09-11,5120.5,-3139.8,-2158.5,-867.0,-43.9,-912.1,-421.9,-8.3,2.5,92.1,161.5,16.3
2026-09-14,1028.9,-886.5,-237.8,-728.7,-9.9,159.5,153.8,-4.0,7.8,183.7,132.4,-37.0
2026-09-15,-1478.2,269.2,1148.6,624.8,14.1,395.7,5.2,-27.3,68.5,67.5,58.0,2.3
2026-09-16,62.4,-279.6,222.2,156.0,15.8,234.0,-151.2,-14.8,-2.8,-14.9,-12.4,7.4
2026-09-17,-250.0,-329.2,454.6,178.4,7.8,230.0,95.1,-35.5,2.2,-23.4,124.8,-0.1
2026-09-18,162.1,-500.9,249.9,-172.7,36.0,387.1,-99.1,-12.0,-2.0,112.6,99.0,-10.2
2026-09-21,1415.9,-1007.1,-284.8,-255.4,-13.2,115.6,-13.7,-3.5,-108.3,-6.2,-135.7,11.7
2026-09-22,1548.0,-549.3,-952.8,-484.7,75.0,-411.3,-238.3,-123.5,-20.9,251.0,-50.0,4.0
2026-09-23,275.0,-441.6,75.9,-667.9,43.6,460.3,214.0,-42.0,-31.4,99.4,110.9,-20.1
2026-09-28,222.6,453.4,-747.0,-739.9,-21.8,5.2,20.4,-19.9,-11.7,20.6,55.9,15.2
2026-09-29,1468.8,-1314.8,66.3,-595.0,40.9,537.0,-337.2,-97.6,-68.5,586.6,-230.1,9.8
2026-09-30,188.1,-723.7,481.6,-98.4,57.8,461.7,67.9,-61.2,-61.1,115.0,43.3,10.7
2026-10-01,-1850.6,1363.0,774.7,330.9,27.7,322.2,217.7,-19.7,-299.5,195.4,-280.6,-6.5
