date,individual,foreign,institution,fin_invest,insurance,trust,private_equity,bank,other_fin,pension,other_corp,other_foreign
2025-12-04,5585.4,-6978.4,1318.3,1070.9,-41.8,-275.4,105.2,-81.2,18.4,522.2,56.4,18.2
2025-12-05,-21156.5,10005.6,11527.9,8490.2,60.8,854.0,1964.3,53.1,47.7,57.8,-305.2,-71.8
2025-12-08,-3449.2,3226.9,-307.5,-1408.3,-210.3,406.8,1076.5,-43.2,24.1,-153.2,545.7,-15.9
2025-12-09,-133.2,-909.9,494.1,-983.1,-149.0,123.3,590.5,3.1,-86.9,996.1,528.4,20.6
2025-12-10,-889.2,3736.8,-3002.9,-1022.6,-600.9,-958.5,-543.6,-34.7,0.9,156.5,152.9,2.3
2025-12-11,3922.5,3649.8,-7753.0,-6881.9,-232.6,-201.2,-157.7,34.2,-139.9,-174.0,174.2,6.5
2025-12-12,-14624.9,469.4,14184.0,14387.5,-118.0,-831.6,-166.1,14.6,5.7,892.0,26.5,-55.0
2025-12-15,14210.5,-9599.0,-4802.9,-3919.8,-82.6,-525.4,-1424.4,-11.2,-5.4,1165.8,161.1,30.4
2025-12-16,12410.2,-10350.4,-2309.0,1481.1,-605.5,-2459.0,-798.7,-67.2,3.0,137.3,203.9,45.3
2025-12-17,-3374.2,-277.9,3352.9,3793.9,50.3,-195.5,-35.0,29.4,-3.5,-286.6,343.2,-44.1
2025-12-18,4129.5,-3467.7,-1005.8,1562.8,-233.4,-705.8,-767.0,-5.3,-10.7,-846.3,335.6,8.3
2025-12-19,-1412.5,-7471.3,8540.9,9641.8,-468.4,-251.4,335.6,-4.1,-300.2,-412.4,444.1,-101.2
2025-12-22,-26714.4,11140.3,16054.7,16221.0,-230.6,-342.6,211.9,7.4,-40.5,228.1,-357.3,-123.3
2025-12-23,-12853.0,9543.4,3527.0,5332.6,-299.0,-1211.5,84.7,-20.2,14.2,-373.8,-225.1,7.7
2025-12-24,-7170.7,5215.8,2038.9,2522.8,-81.8,-261.4,-463.4,5.2,-9.0,326.6,-93.2,9.2
2025-12-26,-23264.7,17806.9,4435.5,5293.3,-243.1,-236.3,771.3,-13.7,-161.1,-975.0,1038.7,-16.4
2025-12-29,661.1,3355.6,-3132.8,-3635.5,-557.4,239.3,464.9,-6.7,-16.4,378.9,-865.0,-19.0
2025-12-30,8448.1,-4885.6,-3763.2,-2289.7,-76.1,-247.7,-82.1,23.1,-6.5,-1084.1,83.3,117.3
2026-01-02,-4251.9,6446.8,-2476.6,-1138.1,-615.0,-729.0,212.4,72.8,-83.8,-195.8,419.2,-137.4
2026-01-05,-15141.3,21807.6,-7045.6,-508.2,-1525.1,-2587.9,-898.0,85.4,-47.5,-1564.3,460.6,-81.3
2026-01-06,5963.1,-6302.2,-664.4,1697.4,-243.4,-1029.9,-376.4,65.5,-53.7,-723.9,885.5,117.9
2026-01-07,-2943.7,12521.4,-9397.2,-3594.2,-1453.2,-2089.9,-1408.7,63.8,31.6,-946.6,-206.8,26.3
2026-01-08,12539.6,-1066.0,-14014.1,-8547.0,-463.2,-1852.5,-1672.0,11.6,18.8,-1509.8,2453.0,87.4
2026-01-09,1339.2,-16113.2,12045.9,11654.5,-505.1,302.1,-63.0,126.8,3.3,527.3,2683.1,44.9
2026-01-12,-1013.2,-3522.8,2100.7,5682.1,-1337.4,680.1,-2386.0,45.3,-82.2,-501.1,2424.8,10.6
2026-01-13,-7125.1,-2789.5,7881.3,7768.5,-820.8,1158.9,-362.9,103.5,11.8,22.3,2036.5,-3.3
2026-01-14,-4377.3,-3780.5,5887.1,6045.3,-396.0,-95.4,120.4,-2.3,65.8,149.4,2250.3,20.4
2026-01-15,-18235.1,3530.3,12905.5,14577.3,-281.0,55.0,-1020.1,-59.0,-54.9,-311.9,1880.0,-80.8
2026-01-16,-9382.5,4367.6,3083.5,5114.1,-788.5,207.2,-488.9,-10.3,-49.3,-900.8,1949.1,-17.6
2026-01-19,-7512.8,5490.7,-256.4,2053.9,-490.5,-401.5,-267.7,32.4,4.9,-1188.0,2237.1,41.5
2026-01-20,3524.4,1159.9,-6499.7,-2088.8,-366.7,-873.5,-1361.4,33.9,-113.7,-1729.4,1743.6,71.8
2026-01-21,-9965.4,4457.4,3216.8,2946.4,-229.8,-9.1,1077.3,-58.8,55.0,-564.2,2354.7,-63.4
2026-01-22,1555.4,-2477.8,-1568.3,3161.3,-1922.4,-193.2,-596.7,16.1,15.7,-2049.1,2444.6,46.0
2026-01-23,-7239.4,1450.8,4789.6,9289.7,-188.8,-851.1,-641.4,-69.4,-30.3,-2719.0,1011.5,-12.6
2026-01-26,17156.6,-1664.5,-15414.2,-9528.3,-339.6,-1949.9,-1618.8,-75.5,-171.8,-1730.3,-154.2,76.3
2026-01-27,-10197.0,8453.0,2474.0,5695.2,-706.4,-2105.1,58.2,87.0,17.5,-572.4,-725.0,-4.9
2026-01-28,12130.8,3931.6,-14021.0,-5710.1,-1413.8,-1451.3,-2364.2,79.8,-2261.3,-900.1,-2117.6,76.3
2026-01-29,16172.8,-14923.0,-1673.1,1569.0,-713.8,-1175.5,9.0,12.9,-178.1,-1196.8,396.9,26.4
2026-01-30,22979.3,-19792.2,-4241.0,-309.3,-1417.6,-1278.4,-906.8,140.1,-162.4,-306.6,990.5,63.3
2026-02-02,45874.2,-25330.2,-22125.5,-21755.3,521.7,251.6,-960.2,-6.2,222.2,-399.2,1419.1,162.3
2026-02-03,-29422.7,7170.0,21707.9,14513.4,-139.1,3452.4,2428.0,21.2,474.2,957.8,676.8,-132.1
2026-02-04,-10118.7,-9378.3,17836.2,14944.7,-233.7,973.9,1598.1,177.5,85.7,290.0,1695.2,-34.4
2026-02-05,67790.7,-50384.6,-20692.7,-18828.6,332.5,-373.8,-1045.0,209.3,-2.4,-984.7,3009.7,276.9
2026-02-06,21736.0,-33276.9,9413.7,5781.8,239.0,1564.1,335.0,212.4,-41.6,1323.0,2082.9,44.3
2026-02-09,-32947.0,4388.7,27123.4,24244.3,-427.6,1953.6,2311.0,-95.2,0.2,-863.0,1503.5,-68.6
2026-02-10,-8779.8,1469.4,5643.1,7442.0,-249.2,-421.9,-195.9,-49.6,94.9,-977.2,1662.7,4.6
2026-02-11,-17148.9,8572.0,6926.6,5223.3,-331.9,980.2,1207.8,-2.2,112.2,-262.9,1761.1,-110.8
2026-02-12,-44546.9,30078.9,13800.0,10815.9,-815.0,1490.7,1227.3,201.3,158.0,721.9,792.9,-124.8
2026-02-13,7141.2,-9268.1,830.6,1809.6,-688.3,-932.1,34.7,-25.5,69.1,563.3,1248.4,47.8
2026-02-19,-8609.2,-9345.0,16542.2,16690.6,-1451.7,597.4,502.4,-27.0,76.8,153.7,1462.7,-50.7
2026-02-20,-9872.5,-7440.6,16149.5,19350.7,-738.8,-527.0,-444.9,3.2,-72.0,-1421.7,1143.2,20.3
2026-02-23,10815.1,-11109.2,-1271.2,5329.7,-1600.4,-1687.3,-591.7,-20.5,-15.7,-2685.3,1587.7,-22.4
2026-02-24,-22861.2,-1903.1,23772.8,26668.7,-465.8,-1450.6,-232.4,14.6,-44.0,-717.6,1101.9,-110.4
2026-02-25,2307.1,-13057.0,14701.2,19937.0,-1314.5,-3074.4,-1655.3,-5.7,64.6,749.5,-3925.9,-25.4
2026-02-26,6497.5,-21105.6,12569.1,16371.5,-2084.0,539.5,-1295.9,-99.9,118.7,-980.7,2068.1,-29.2
2026-02-27,62495.7,-70811.7,5666.2,11043.2,-654.1,-2257.1,-286.6,-4.9,108.9,-2283.2,2365.6,284.1
2026-03-03,57974.3,-51736.9,-8859.2,-7282.9,424.9,-495.3,-1408.5,-304.8,-204.4,411.8,2371.9,249.8
2026-03-04,795.8,2366.8,-5978.3,-5830.2,599.6,-1286.6,1495.9,-222.5,-6.9,-727.5,2879.8,-64.2
2026-03-05,18228.1,-1570.0,-17185.6,-12234.1,-651.9,-1092.3,-1427.6,-719.5,-188.7,-871.5,403.1,124.3
2026-03-06,29487.9,-19511.2,-11141.6,-5975.4,-273.1,-1784.2,-1840.5,47.4,431.8,-1747.5,1071.8,93.1
2026-03-09,46242.1,-31979.3,-15440.6,-11713.4,111.0,-1992.7,-961.4,-174.5,310.1,-1019.8,933.8,243.9
2026-03-10,-18339.5,10344.2,9164.1,7447.5,-447.2,682.2,1273.9,25.5,275.3,-93.2,-1107.0,-61.7
2026-03-11,-5086.2,-2547.5,7821.4,7254.0,-269.3,345.8,1078.8,94.2,211.3,-893.4,-172.6,-15.1
2026-03-12,22291.5,-23911.2,775.3,-746.4,124.9,759.7,1051.9,12.2,-53.0,-374.1,764.3,80.1
2026-03-13,24511.7,-14596.4,-10434.0,-9499.5,12.9,-1172.8,-309.3,31.8,218.3,284.6,423.9,94.9
2026-03-16,7163.6,-8519.1,910.7,-1040.0,134.6,615.5,548.8,-13.1,253.0,411.9,411.2,33.6
2026-03-17,-5752.1,-1733.1,7340.6,4273.8,-472.5,2352.9,189.6,-13.9,167.3,843.3,151.9,-7.3
2026-03-18,-38716.7,8887.1,31092.6,30984.2,-452.4,55.3,-667.7,67.2,146.5,959.5,-1177.8,-85.3
2026-03-19,24115.7,-18838.7,-6649.0,-6654.9,30.2,226.6,190.7,38.2,169.7,-649.4,1293.7,78.3
2026-03-20,22338.4,-12455.4,-10260.1,4566.0,-14325.8,-792.4,-389.7,-8.1,83.7,606.1,323.3,53.8
2026-03-23,70028.7,-36983.2,-38173.0,-30238.7,158.8,-3012.8,-3635.9,64.3,108.1,-1616.7,4895.0,232.5
2026-03-24,7269.6,-19793.5,9683.1,10178.2,-319.8,98.4,-832.5,-11.9,136.2,434.6,2910.0,-69.2
2026-03-25,-13402.3,-12866.3,23229.6,23351.5,-312.2,369.3,-461.4,2.5,133.2,146.7,3067.5,-28.6
2026-03-26,30598.0,-29501.1,-2999.2,3184.6,75.8,-2502.9,-1307.6,-122.0,95.7,-2422.8,1771.5,130.9
2026-03-27,22596.1,-34400.0,7784.7,4180.6,436.5,1854.5,1381.3,-9.8,169.7,-228.0,3905.2,114.0
2026-03-30,8945.2,-20981.1,8449.6,7440.5,92.7,730.2,944.1,-79.8,133.3,-811.5,3550.3,36.0
2026-03-31,24399.8,-38480.7,10250.6,9476.9,453.1,352.1,176.3,-39.8,123.4,-291.4,3735.2,95.1
2026-04-01,-37628.4,-6278.1,40418.7,34308.0,-135.7,3552.4,2593.0,11.7,281.2,-191.9,3620.2,-132.4
2026-04-02,12097.5,-1406.1,-14517.1,-16900.3,278.6,-212.8,1842.5,74.5,309.5,91.0,3787.7,38.0
2026-04-03,-20952.3,7994.8,7389.6,2838.6,92.3,2266.4,2693.7,28.4,27.6,-557.4,5527.4,40.5
2026-04-06,-10501.8,-1563.8,8371.5,7597.2,99.0,889.3,483.2,-135.0,287.8,-850.0,3726.0,-31.9
2026-04-07,-3429.3,3950.3,-4000.8,-3917.7,126.6,739.0,-429.1,33.3,265.0,-818.0,3726.4,-246.6
2026-04-08,-54161.2,19453.1,27267.7,29960.0,-647.9,-853.0,705.0,60.2,126.4,-2082.9,7804.7,-364.3
2026-04-09,2950.0,17189.4,-25124.9,5039.8,334.2,-49.5,417.4,-31116.5,200.9,48.8,3698.4,1287.0
2026-04-10,-12280.4,10635.8,-2031.1,868.4,-215.2,-2059.4,-136.6,-218.0,145.4,-415.6,3670.2,5.4
2026-04-13,7173.4,-4614.6,-6698.4,-4814.4,-294.8,624.1,-817.7,207.8,129.9,-1733.3,4104.0,35.6
2026-04-14,-23918.8,8367.4,12544.6,13513.3,-652.4,-352.7,456.2,-129.2,-34.9,-255.7,3097.9,-91.0
2026-04-15,-9400.3,4890.5,368.1,8213.5,-1458.6,-2884.7,-2409.3,9.1,13.8,-1115.7,4058.8,82.9
2026-04-16,-18049.8,4745.8,10783.1,12460.5,-446.7,-583.4,-189.0,-6.8,-152.6,-298.8,2452.8,68.1
2026-04-17,14464.1,-20030.9,1501.1,4343.0,-622.0,-368.4,-884.6,-85.2,-125.1,-756.6,4009.2,56.6
2026-04-20,-3158.3,-2369.9,2937.9,5183.2,-610.1,-422.6,-1253.1,32.6,-72.4,80.4,2558.3,32.0
2026-04-21,-19204.3,11516.1,9180.7,9752.9,-1055.7,-172.5,289.6,-205.7,-49.8,621.8,-1541.0,48.5
2026-04-22,11983.7,-6821.8,-4045.9,-4101.6,-270.0,281.7,-1001.6,54.9,-4.7,995.3,-1175.9,59.8
2026-04-23,4513.6,-859.8,-2965.5,176.7,-1027.2,-2315.0,15.9,-13.6,0.6,197.0,-727.9,39.5
2026-04-24,11832.5,-19495.9,8053.1,10382.8,-408.5,445.5,-1777.6,-390.1,2.5,-201.5,-389.3,-0.4
2026-04-27,-19757.5,8675.0,11349.3,15492.3,-915.3,-579.7,-815.2,-144.5,82.3,-1770.5,-154.8,-111.9
2026-04-28,-1305.6,-1935.1,3532.0,6838.7,-1227.3,-752.8,-811.2,-267.4,29.4,-277.4,-383.0,91.6
2026-04-29,1681.3,-6137.8,4770.7,1646.1,129.4,1078.7,1978.9,-26.3,-14.9,-21.2,-381.3,67.1
2026-04-30,11824.4,-14621.6,2837.9,5089.2,-473.4,-515.9,-1703.4,-32.1,123.0,350.4,-102.9,62.2
2026-05-04,-47935.5,29457.2,20097.8,19158.8,-1221.2,-485.3,3142.7,-78.6,88.8,-507.5,-1470.0,-149.3
2026-05-06,-5714.6,31096.3,-22894.2,-8283.6,-5084.1,-4573.8,-3268.7,-117.8,23.9,-1590.0,-2476.2,-11.3
2026-05-07,59924.6,-67172.7,8917.0,17616.7,-805.6,-2837.7,-5316.0,-246.0,11.4,494.2,-1854.7,185.9
2026-05-08,39706.7,-53117.3,12542.4,15166.4,-826.0,-887.3,-470.1,-5.6,66.8,-502.0,717.6,150.6
2026-05-11,28668.6,-28364.7,-458.1,10027.5,-3963.6,-2677.7,-1327.9,19.6,412.1,-2948.1,-63.1,217.3
2026-05-12,66818.3,-56258.2,-12138.0,-6204.8,-1419.9,-358.1,-2118.1,-109.8,-70.0,-1857.2,1409.4,168.5
2026-05-13,18868.4,-37585.9,16876.0,18852.1,-630.3,-115.2,1365.5,66.9,-300.4,-2362.6,1482.1,359.4
2026-05-14,18499.2,-21679.9,1927.2,12617.9,-1750.1,-3748.1,-3040.3,-121.2,-97.7,-1933.4,1023.6,229.9
2026-05-15,72307.8,-56607.5,-17347.2,-9325.4,-277.6,-3819.8,-2987.7,-25.8,38.5,-949.3,1078.8,568.0
2026-05-18,22094.3,-36518.7,13903.8,14000.2,-120.6,-327.4,485.1,-251.2,101.7,16.1,493.7,26.9
2026-05-19,56289.5,-57473.9,1574.8,3215.3,-7.4,-708.3,331.9,-43.2,172.2,-1385.7,-621.8,231.5
2026-05-20,17104.4,-29499.3,11069.6,9773.5,68.4,770.8,1781.8,40.3,149.5,-1514.7,1135.5,189.8
2026-05-21,-26753.6,-2196.2,29008.3,26231.2,-600.4,3499.7,952.4,49.2,-165.0,-958.7,-42.8,-15.7
2026-05-22,10654.6,-19264.9,7583.2,7815.5,-634.9,-13.0,1448.3,5.7,122.6,-1161.0,983.5,43.5
2026-05-26,-5745.4,-1319.8,8167.7,1708.1,-1957.7,8719.9,1264.5,-308.1,-97.3,-1161.7,-1101.7,-0.8
2026-05-27,4064.4,-2606.4,-125.5,11198.8,-3054.9,-2348.8,-1637.8,-203.9,-148.9,-3930.1,-1446.0,113.6
2026-05-28,36145.8,-27353.5,-10421.6,-3532.0,-212.0,-6509.7,166.7,-78.7,18.7,-274.7,1690.0,-60.7
2026-05-29,-14054.1,-10681.4,23687.8,19139.0,-408.9,3817.9,283.8,-7.4,-45.8,909.2,786.9,260.7
2026-06-01,3862.3,-28281.1,24427.3,26892.0,-2597.1,1771.4,-1159.8,-112.8,-61.4,-305.1,-70.5,61.9
2026-06-02,63537.5,-63191.3,-545.8,3408.3,-695.8,-1743.8,-2242.4,-20.6,41.7,706.8,43.6,156.0
2026-06-04,50134.9,-67014.1,15254.5,14442.7,-450.7,2798.0,-1152.8,-26.2,135.6,-491.9,1273.1,351.5
2026-06-05,42240.0,-27814.6,-13808.6,-9410.3,-63.9,-2360.1,-1329.0,-124.4,86.5,-607.5,-793.4,176.6
2026-06-08,17627.6,-2839.0,-17164.2,-14373.2,155.8,-4042.1,683.2,-210.0,137.1,485.0,2180.9,194.6
2026-06-09,-6166.9,-19843.2,25048.2,18795.5,-883.3,9282.6,-2121.6,178.3,29.8,-233.1,1182.6,-220.7
2026-06-10,48642.9,-28080.1,-22665.2,-14246.5,519.6,-5396.9,-965.1,46.6,19.0,-2641.9,1776.2,326.2
2026-06-11,20802.5,-14796.2,-7561.4,-14327.9,1039.3,4849.5,2057.8,-17.3,-37.9,-1124.8,1399.0,156.0
2026-06-12,-43174.5,22157.9,22869.8,16534.1,-580.4,8916.2,1225.2,113.8,-91.4,-3247.7,-1736.2,-117.0
2026-06-15,-15123.5,11033.2,4461.5,7119.6,-574.8,125.0,-2644.1,14.2,171.6,250.0,-112.4,-258.8
2026-06-16,-21841.5,15308.9,7076.4,2129.2,-335.0,4931.1,997.1,46.9,-355.3,-337.5,-588.0,44.2
2026-06-17,5254.1,-9945.9,5956.6,5193.9,-646.5,4906.9,-1807.8,-87.2,73.4,-1676.2,-1259.0,-5.8
2026-06-18,-4156.2,12710.4,-7682.2,1576.8,-1530.4,-597.2,-3254.1,80.4,-37.0,-3920.7,-937.9,65.8
2026-06-19,16478.4,-3519.5,-12244.3,-1993.6,-2537.4,1310.2,-3798.9,41.7,0.8,-5267.0,-679.0,-35.6
2026-06-22,21505.9,-25477.2,3033.9,4858.8,-859.8,3350.0,-2312.3,-18.9,-150.4,-1833.5,925.7,11.7
2026-06-23,85909.6,-42420.7,-44760.1,-20908.3,-1018.1,-14505.9,-5156.1,-165.2,-69.1,-2937.3,898.0,373.2
2026-06-24,26312.5,-46528.5,19095.5,17479.2,-102.7,502.9,1020.7,27.1,37.1,131.3,1137.9,-17.3
2026-06-25,-24136.3,-8782.7,33244.2,24024.5,-1081.7,7616.0,2677.1,62.0,-29.1,-24.6,-354.4,29.1
2026-06-26,81919.1,-43162.7,-41223.8,-19935.3,-301.7,-16899.0,-3591.6,-11.4,-3.2,-481.6,2210.5,256.9
2026-06-29,45975.2,-77560.3,29326.7,30270.0,40.2,-3146.2,1726.9,-112.4,-32.8,580.9,2029.8,228.6
2026-06-30,8401.5,-38201.6,29332.0,16121.3,925.2,10159.5,2463.8,13.6,42.8,-394.2,258.6,209.6
2026-07-01,17369.6,-17011.8,-699.9,-982.5,481.7,1332.3,124.8,49.3,471.5,-2176.9,358.7,-16.7
2026-07-02,62412.8,-44044.7,-20825.3,-3928.0,555.8,-13200.9,-4223.1,9.3,456.9,-495.3,2118.2,339.0
2026-07-03,-22942.5,-21555.8,44078.8,30153.3,1039.6,10398.0,1363.1,149.3,412.6,563.0,613.8,-194.4
2026-07-06,26829.1,-13379.2,-14618.4,-14298.9,-129.3,193.1,-709.5,126.0,537.7,-337.6,933.0,235.5
2026-07-07,31358.7,-29299.5,-3107.6,4355.6,437.4,-8825.3,235.1,-57.4,462.0,285.0,921.2,127.3
2026-07-08,-357.8,3390.2,-3552.2,1604.8,476.8,-4151.3,-898.4,-56.1,422.5,-950.5,473.1,46.6
2026-07-09,-13277.6,1428.4,12884.5,2821.6,950.4,8390.1,-469.3,0.8,454.3,736.4,-950.0,-85.3
2026-07-10,-7804.6,-3301.5,11313.9,11348.9,579.2,-4302.6,2804.3,69.4,459.9,354.7,-281.6,73.7
2026-07-13,38868.8,-16902.6,-22338.2,-328.1,67.2,-16336.7,-5024.4,-561.8,507.9,-662.4,174.9,197.2
2026-07-14,-41410.9,9737.0,32116.8,18925.8,1508.2,-20.6,11284.5,-343.7,-105.6,868.1,-270.9,-171.9
2026-07-15,-24666.2,23125.6,1992.1,-8430.8,-421.0,8996.2,1542.0,38.8,62.0,204.8,-357.4,-94.2
2026-07-16,36646.7,-13813.6,-23831.0,-15258.5,-545.5,-5611.8,-3036.3,5.7,23.6,591.7,849.4,148.5
2026-07-20,3490.1,5271.9,-9234.9,-4931.3,584.3,-2675.0,-2900.9,-6.8,-47.7,742.5,546.6,-73.7
2026-07-21,-16420.5,3086.9,13744.4,8890.5,1157.5,4484.8,-1326.6,4.4,-65.9,599.8,-275.5,-135.3
2026-07-22,-12176.1,26299.2,-13963.0,-9757.8,161.9,-1095.9,-2574.2,-2.8,12.0,-706.2,-71.7,-88.3
2026-07-23,-22077.1,21486.6,975.5,-10138.8,260.9,6731.8,3386.4,43.2,-48.9,740.9,-257.3,-127.7
2026-07-24,51782.3,-32827.9,-19514.4,-8739.7,-1752.6,-7124.6,-2268.6,12.1,33.2,325.8,415.5,144.5
2026-07-27,19788.4,-29000.2,8595.4,4691.3,614.4,4021.7,66.8,-70.2,-4.7,-723.9,427.4,189.1
2026-07-28,43152.0,-45260.5,1830.3,6947.0,213.5,-10852.1,4550.7,-183.9,-9.7,1164.8,26.5,251.8
2026-07-29,-19701.0,-12447.2,31769.4,18562.6,1260.0,3456.4,5182.5,-126.1,53.2,3380.8,433.7,-55.0
2026-07-30,-14308.8,13309.9,805.2,-2712.8,1052.9,-1955.1,583.8,-164.3,198.8,3801.9,223.5,-29.8
2026-07-31,-82840.0,72773.3,11502.9,-6662.9,-1070.9,12079.8,5114.4,-35.1,430.5,1647.2,-1072.7,-363.5
2026-08-03,46523.1,-28385.2,-19516.3,-15601.1,587.6,-4735.0,21.9,94.2,320.1,-203.9,1213.4,165.0
2026-08-04,8186.6,-3709.4,-5384.6,-1583.5,574.5,-561.0,-4386.8,-120.3,226.7,465.8,914.1,-6.8
2026-08-05,-11844.0,14513.3,-2837.6,1357.4,-105.2,1100.5,-5193.6,19.7,251.8,-268.2,217.8,-49.7
2026-08-06,33367.0,-33114.7,-1214.3,6787.0,479.9,-7720.6,-1328.9,-77.6,175.0,470.8,740.1,222.0
2026-08-07,2675.3,-8695.5,5853.7,6400.8,526.3,-382.0,357.5,-35.9,152.9,-1165.8,122.0,44.5
2026-08-10,9002.5,-14959.7,5691.5,6196.7,691.8,-380.7,505.1,-26.2,154.3,-1449.4,214.6,51.0
2026-08-11,-707.6,541.9,212.5,-2089.1,-64.7,2280.3,436.8,-75.7,150.8,-425.9,-40.0,-6.7
2026-08-12,-31910.8,28427.3,5279.0,2535.0,214.9,2695.8,-54.0,-24.8,193.2,-281.1,-1722.2,-73.4
2026-08-13,-27410.3,21244.5,6834.1,20.3,-76.3,5061.2,2324.2,-21.0,166.3,-640.5,-525.9,-142.4
2026-08-14,-19820.3,30486.4,-10298.2,-11633.7,-142.5,1046.6,-35.7,-115.5,191.5,391.0,-268.6,-99.3
2026-08-18,7420.0,860.6,-7951.4,-5472.7,-384.5,-1251.7,33.9,-99.5,28.8,-805.7,-382.6,53.5
2026-08-19,46356.7,-34878.9,-13389.5,-9753.5,666.8,-3801.0,-1303.5,-115.8,186.7,730.8,1758.8,152.9
2026-08-20,-22712.4,17218.0,-4895.1,-12878.7,-160.4,4865.7,4835.9,35.4,223.0,-1816.0,10539.1,-149.6
2026-08-21,-11652.4,-1712.1,2480.8,1118.6,-108.7,-391.4,1231.5,-53.7,220.6,464.0,10931.2,-47.5
2026-08-24,33217.4,-36808.1,-12901.2,-4039.0,-183.8,-2855.9,-6038.2,2.7,168.7,44.5,16374.7,117.2
2026-08-25,10509.1,-38193.9,11710.8,10708.8,56.9,-302.0,927.1,-146.6,232.4,234.2,15920.0,54.0
2026-08-26,-22460.9,-1039.1,7615.1,6857.2,74.9,-114.8,963.8,1.0,172.6,-339.4,15994.1,-109.2
2026-08-27,-19115.8,1435.5,1835.3,4933.3,181.4,-583.1,-1480.2,24.0,188.7,-1428.8,15947.6,-102.6
2026-08-28,4193.8,-8547.6,-11875.5,-2874.1,244.5,-5594.2,-3629.5,4.8,201.6,-228.6,16206.3,23.1
2026-08-31,-1464.1,-6439.3,-7891.4,-2434.9,166.6,-264.6,-5230.8,12.0,217.0,-356.8,15789.9,4.8
2026-09-01,-5402.0,-4916.6,-6286.1,-6344.2,-231.1,140.2,98.1,24.0,173.7,-146.8,16656.5,-51.8
2026-09-02,23028.6,-19274.6,-20361.4,-14238.2,132.7,-4145.6,-1015.0,-12.3,153.4,-1236.4,16505.3,102.0
2026-09-03,-9551.7,452.2,9143.5,10280.6,202.1,-1152.9,76.2,18.2,163.2,-443.9,-6.2,-37.9
2026-09-04,-37229.4,5037.0,16694.1,11870.3,359.4,3218.8,151.6,27.3,220.5,846.3,15739.2,-240.9
2026-09-07,-68373.8,25868.2,26490.7,22184.5,156.5,3493.5,366.7,59.9,133.2,96.4,16351.6,-336.7
2026-09-08,-30329.0,6482.2,6426.9,7643.4,-613.3,-432.8,1838.7,154.2,206.3,-2369.6,17585.9,-166.0
2026-09-09,-22878.6,-4269.5,9422.3,7347.1,77.8,1704.6,758.0,-112.2,57.9,-410.9,17804.4,-78.5
2026-09-10,3801.9,-26230.4,5743.6,11628.2,155.0,-5617.1,814.5,23.5,183.7,-1444.3,16671.1,13.8
2026-09-11,18675.5,-23109.9,-12183.9,-10345.2,-17.4,-3366.9,-1336.3,6.7,215.9,2659.3,16492.6,125.8
2026-09-14,30351.1,-33493.2,-11868.6,-5524.1,259.3,-3834.2,-2271.1,9.4,194.8,-702.7,14880.1,130.6
2026-09-15,8595.5,-15478.6,-9585.2,-6605.4,100.8,-839.0,-2671.4,112.8,203.5,113.6,16447.3,21.0
2026-09-16,-12061.3,-16707.4,12251.1,7742.1,170.9,1052.9,1416.7,-63.5,197.4,1734.4,16536.0,-18.4
2026-09-17,3019.9,-22587.4,2480.0,4038.6,-301.2,-619.8,-455.4,12.3,287.4,-481.9,17046.5,41.1
2026-09-18,-36359.2,4609.5,15321.7,12193.2,-189.8,1557.9,514.5,61.4,218.1,966.4,16551.2,-123.2
2026-09-21,-31850.4,230.6,15161.6,12693.9,-48.5,1282.6,1630.7,27.3,205.5,-629.9,16572.1,-113.9
2026-09-22,-15642.7,588.4,-1294.7,2030.4,42.3,-2140.8,1132.9,42.0,187.1,-2588.5,16443.4,-94.4
2026-09-23,-14649.0,-4904.3,3188.6,3778.4,76.5,-1165.9,-212.0,-1.8,134.7,578.8,16402.6,-37.9
2026-09-28,26466.7,-32830.4,-10168.8,-1403.2,-312.0,-5000.1,-1758.5,-23.0,148.7,-1820.6,16384.1,148.4
2026-09-29,12446.6,-29928.6,1041.5,178.6,-153.1,1352.0,-113.6,-24.2,159.5,-357.9,16433.9,6.6
2026-09-30,12109.0,-20692.1,-7992.5,-8107.6,16.5,1413.7,-1278.8,3.0,143.9,-183.2,16529.1,46.6
2026-10-01,3898.8,-3627.2,-1382.6,-484.6,4.5,-106.8,57.8,1.0,6.5,-861.0,1100.3,10.6
