date,customer_deposit,credit_loan,fund_equity,fund_bond,fund_mixed
2023-01-02,508339.0,163850.0,917653.0,1190983.0,273966.0
2023-01-03,484811.0,162260.0,915246.0,1192777.0,274269.0
2023-01-04,463682.0,159823.0,923528.0,1194141.0,274064.0
2023-01-05,449766.0,157988.0,923367.0,1201216.0,273967.0
2023-01-06,441478.0,157610.0,924382.0,1198725.0,273723.0
2023-01-09,438864.0,158160.0,934106.0,1197766.0,273471.0
2023-01-10,436928.0,157815.0,934826.0,1198964.0,273346.0
2023-01-11,443526.0,156782.0,940003.0,1201018.0,273117.0
2023-01-12,452457.0,157638.0,943198.0,1198599.0,272871.0
2023-01-13,456009.0,157551.0,944437.0,1210998.0,272715.0
2023-01-16,456117.0,158426.0,947528.0,1212216.0,272519.0
2023-01-17,452456.0,158489.0,944714.0,1215665.0,272442.0
2023-01-18,456533.0,158730.0,944690.0,1218624.0,270504.0
2023-01-19,445667.0,159467.0,942582.0,1218234.0,270358.0
2023-01-20,441600.0,159992.0,941686.0,1218827.0,270038.0
2023-01-25,450264.0,159887.0,951926.0,1219733.0,269864.0
2023-01-26,457675.0,159745.0,960082.0,1222270.0,269602.0
2023-01-27,472292.0,159408.0,963498.0,1221718.0,268549.0
2023-01-30,471236.0,159459.0,961363.0,1214530.0,268132.0
2023-01-31,492750.0,159304.0,954863.0,1209618.0,267929.0
2023-02-01,515218.0,160897.0,960091.0,1210968.0,267814.0
2023-02-02,464596.0,161891.0,963836.0,1210006.0,267855.0
2023-02-03,477468.0,161978.0,969934.0,1215470.0,267484.0
2023-02-06,473802.0,162625.0,966068.0,1221020.0,266968.0
2023-02-07,481610.0,162851.0,968366.0,1220461.0,266822.0
2023-02-08,467273.0,164582.0,975785.0,1222028.0,266642.0
2023-02-09,478623.0,165426.0,973780.0,1223592.0,266188.0
2023-02-10,470842.0,166149.0,975257.0,1225297.0,265758.0
2023-02-13,476254.0,167919.0,970973.0,1224622.0,265957.0
2023-02-14,480195.0,169401.0,974215.0,1224929.0,266111.0
2023-02-15,474371.0,170110.0,969209.0,1226823.0,265840.0
2023-02-16,477332.0,169639.0,978293.0,1222918.0,266859.0
2023-02-17,458866.0,171386.0,974220.0,1223964.0,266681.0
2023-02-20,468601.0,170344.0,971775.0,1226544.0,266476.0
2023-02-21,461998.0,171812.0,974220.0,1224121.0,266279.0
2023-02-22,476434.0,172381.0,964516.0,1226780.0,266210.0
2023-02-23,468779.0,173593.0,966650.0,1228588.0,266115.0
2023-02-24,466650.0,175362.0,964850.0,1223746.0,265336.0
2023-02-27,473826.0,175326.0,963129.0,1222021.0,265123.0
2023-02-28,477398.0,175855.0,966540.0,1212447.0,265499.0
2023-03-02,485263.0,176448.0,965258.0,1212940.0,265847.0
2023-03-03,456465.0,176108.0,965916.0,1220688.0,265835.0
2023-03-06,483278.0,176833.0,974144.0,1218792.0,266085.0
2023-03-07,495885.0,177110.0,970400.0,1217043.0,266075.0
2023-03-08,489119.0,178153.0,962506.0,1215720.0,265946.0
2023-03-09,498808.0,179462.0,960489.0,1221101.0,265131.0
2023-03-10,483254.0,181544.0,951756.0,1219364.0,265080.0
2023-03-13,475085.0,181763.0,949859.0,1220992.0,264696.0
2023-03-14,480767.0,180923.0,941698.0,1221054.0,264754.0
2023-03-15,487352.0,179216.0,946056.0,1221956.0,264579.0
2023-03-16,463924.0,177735.0,948275.0,1223258.0,264592.0
2023-03-17,463255.0,176609.0,951841.0,1218718.0,264539.0
2023-03-20,462527.0,178071.0,949642.0,1218530.0,264053.0
2023-03-21,472245.0,177913.0,950634.0,1221868.0,264005.0
2023-03-22,463326.0,179105.0,956283.0,1221002.0,263859.0
2023-03-23,474308.0,180170.0,953710.0,1220267.0,263791.0
2023-03-24,486401.0,180627.0,956555.0,1218767.0,263738.0
2023-03-27,505446.0,181133.0,954953.0,1220685.0,263232.0
2023-03-28,492302.0,182475.0,955583.0,1205512.0,262978.0
2023-03-29,483148.0,183848.0,956354.0,1204943.0,262781.0
2023-03-30,486871.0,184149.0,961083.0,1199534.0,262720.0
2023-03-31,506018.0,185267.0,964796.0,1186633.0,261754.0
2023-04-03,530505.0,185923.0,965186.0,1190750.0,261332.0
2023-04-04,505307.0,186077.0,963365.0,1194976.0,261217.0
2023-04-05,491181.0,188111.0,966519.0,1197344.0,261164.0
2023-04-06,503331.0,188772.0,961173.0,1197444.0,261060.0
2023-04-07,510225.0,190466.0,971190.0,1198058.0,261203.0
2023-04-10,496819.0,192182.0,974763.0,1198635.0,261068.0
2023-04-11,531579.0,192591.0,979313.0,1200248.0,260980.0
2023-04-12,524009.0,194042.0,980351.0,1205418.0,260314.0
2023-04-13,536240.0,194008.0,978966.0,1208604.0,260142.0
2023-04-14,523987.0,195476.0,981696.0,1211167.0,260487.0
2023-04-17,528915.0,195997.0,983353.0,1211161.0,260301.0
2023-04-18,536304.0,196904.0,985866.0,1212569.0,260337.0
2023-04-19,520933.0,199392.0,985052.0,1216906.0,260200.0
2023-04-20,526479.0,200876.0,978071.0,1215819.0,259647.0
2023-04-21,532008.0,202019.0,974000.0,1217502.0,259541.0
2023-04-24,533475.0,202212.0,970943.0,1217624.0,259817.0
2023-04-25,537717.0,200450.0,960559.0,1218219.0,259727.0
2023-04-26,534879.0,198950.0,957130.0,1206884.0,259145.0
2023-04-27,534928.0,196014.0,960324.0,1206400.0,259103.0
2023-04-28,531421.0,192926.0,963077.0,1207324.0,259406.0
2023-05-02,542422.0,189749.0,966026.0,1198502.0,259466.0
2023-05-03,511502.0,187535.0,958909.0,1203716.0,259400.0
2023-05-04,519978.0,186305.0,956551.0,1207612.0,259548.0
2023-05-08,501660.0,186911.0,962190.0,1209128.0,259507.0
2023-05-09,495630.0,186851.0,961992.0,1209147.0,259594.0
2023-05-10,502077.0,185600.0,960388.0,1207967.0,259495.0
2023-05-11,501528.0,184944.0,960820.0,1207612.0,259217.0
2023-05-12,500643.0,184821.0,958319.0,1208875.0,259142.0
2023-05-15,521498.0,184085.0,956493.0,1210188.0,259237.0
2023-05-16,499423.0,183737.0,960750.0,1212749.0,259274.0
2023-05-17,489378.0,182339.0,963135.0,1220997.0,258996.0
2023-05-18,497359.0,182841.0,968713.0,1220796.0,258945.0
2023-05-19,497563.0,182742.0,972976.0,1222870.0,259148.0
2023-05-22,497753.0,183224.0,975158.0,1223697.0,259093.0
2023-05-23,505884.0,182826.0,977585.0,1223723.0,259061.0
2023-05-24,514247.0,182996.0,974466.0,1227060.0,258265.0
2023-05-25,510266.0,183459.0,973264.0,1229498.0,258308.0
2023-05-26,510303.0,184368.0,974208.0,1228257.0,258160.0
2023-05-30,516588.0,184987.0,979069.0,1227239.0,258594.0
2023-05-31,519553.0,184636.0,976744.0,1226202.0,258687.0
2023-06-01,527348.0,184414.0,973288.0,1227608.0,258799.0
2023-06-02,503802.0,184660.0,977188.0,1230122.0,258566.0
2023-06-05,500273.0,185328.0,976193.0,1231132.0,258468.0
2023-06-07,507847.0,185288.0,971016.0,1232357.0,258449.0
2023-06-08,509238.0,185892.0,968138.0,1231749.0,258232.0
2023-06-09,517582.0,186387.0,971821.0,1231730.0,258167.0
2023-06-12,516420.0,187491.0,967922.0,1232093.0,258082.0
2023-06-13,525056.0,187692.0,969587.0,1229992.0,257941.0
2023-06-14,528195.0,189029.0,968237.0,1231307.0,257853.0
2023-06-15,542211.0,189663.0,976397.0,1231943.0,257803.0
2023-06-16,519053.0,189705.0,983152.0,1235070.0,257751.0
2023-06-19,519793.0,189493.0,985143.0,1235727.0,257686.0
2023-06-20,518251.0,190162.0,985533.0,1239688.0,257447.0
2023-06-21,510072.0,191480.0,983595.0,1239719.0,257039.0
2023-06-22,505236.0,192531.0,983689.0,1241454.0,256743.0
2023-06-23,506529.0,193097.0,982771.0,1235194.0,256765.0
2023-06-26,511236.0,192890.0,984491.0,1236380.0,257033.0
2023-06-27,515192.0,193000.0,983685.0,1236036.0,256697.0
2023-06-28,509151.0,192638.0,986201.0,1239063.0,256632.0
2023-06-29,507558.0,192903.0,988680.0,1242508.0,256556.0
2023-06-30,516986.0,192421.0,995645.0,1250197.0,254302.0
2023-07-03,550226.0,191810.0,1004007.0,1250542.0,254147.0
2023-07-04,513169.0,191330.0,1001833.0,1252301.0,251863.0
2023-07-05,515072.0,191102.0,1001166.0,1252843.0,251877.0
2023-07-06,512463.0,191835.0,996362.0,1252124.0,251812.0
2023-07-07,504775.0,192689.0,986419.0,1248978.0,251556.0
2023-07-10,516655.0,192417.0,982477.0,1246367.0,249748.0
2023-07-11,503063.0,192354.0,987201.0,1248478.0,249846.0
2023-07-12,504701.0,191951.0,990198.0,1249033.0,249077.0
2023-07-13,534848.0,191192.0,993389.0,1248253.0,248569.0
2023-07-14,511124.0,192039.0,1001909.0,1247388.0,248587.0
2023-07-17,508920.0,192115.0,999463.0,1249791.0,248409.0
2023-07-18,514133.0,192950.0,1000961.0,1252889.0,248344.0
2023-07-19,509551.0,194607.0,1003245.0,1254863.0,248269.0
2023-07-20,532878.0,195622.0,997661.0,1255831.0,247988.0
2023-07-21,540024.0,196803.0,996994.0,1256570.0,247968.0
2023-07-24,541536.0,197614.0,1000243.0,1255982.0,247497.0
2023-07-25,554119.0,198807.0,1002033.0,1259878.0,247594.0
2023-07-26,577878.0,199336.0,994712.0,1262715.0,247239.0
2023-07-27,581991.0,199838.0,995522.0,1265416.0,247306.0
2023-07-28,557295.0,197828.0,1000002.0,1267963.0,247237.0
2023-07-31,562242.0,195753.0,1007111.0,1268721.0,247259.0
2023-08-01,571605.0,196173.0,1012146.0,1268946.0,248923.0
2023-08-02,552776.0,198215.0,1003752.0,1270193.0,248927.0
2023-08-03,548628.0,200146.0,1001585.0,1271579.0,248923.0
2023-08-04,541844.0,201363.0,1002667.0,1273222.0,248549.0
2023-08-07,543510.0,201566.0,997227.0,1274242.0,248424.0
2023-08-08,533490.0,202526.0,996967.0,1278579.0,248442.0
2023-08-09,527168.0,202038.0,998756.0,1278493.0,249030.0
2023-08-10,528866.0,202051.0,995988.0,1279061.0,249072.0
2023-08-11,532134.0,201675.0,993753.0,1278711.0,249023.0
2023-08-14,535281.0,202967.0,989713.0,1281172.0,248673.0
2023-08-16,556809.0,203289.0,982303.0,1277875.0,248385.0
2023-08-17,539605.0,203880.0,982715.0,1282335.0,248061.0
2023-08-18,525940.0,202790.0,980118.0,1285830.0,247934.0
2023-08-21,528099.0,201046.0,982166.0,1285832.0,248384.0
2023-08-22,517512.0,200298.0,984944.0,1286257.0,248281.0
2023-08-23,514887.0,199593.0,983827.0,1288174.0,248249.0
2023-08-24,520677.0,198504.0,991947.0,1287503.0,248549.0
2023-08-25,513913.0,199757.0,986405.0,1287797.0,248680.0
2023-08-28,527437.0,199636.0,991911.0,1289526.0,248752.0
2023-08-29,515898.0,200037.0,995233.0,1290440.0,248759.0
2023-08-30,514899.0,200076.0,1000545.0,1293061.0,248904.0
2023-08-31,515789.0,200505.0,1002826.0,1296118.0,249234.0
2023-09-01,528468.0,200881.0,1003609.0,1300633.0,249207.0
2023-09-04,526732.0,201551.0,1006839.0,1301425.0,249189.0
2023-09-05,513013.0,202111.0,1007459.0,1307663.0,249366.0
2023-09-06,513067.0,202179.0,1004667.0,1308015.0,249392.0
2023-09-07,524810.0,202667.0,1002045.0,1306577.0,248976.0
2023-09-08,510615.0,203276.0,1001197.0,1305922.0,248980.0
2023-09-11,520057.0,202856.0,1001991.0,1306138.0,248842.0
2023-09-12,510050.0,202628.0,998435.0,1311217.0,248618.0
2023-09-13,521585.0,203083.0,999779.0,1312420.0,248604.0
2023-09-14,521925.0,202687.0,1009183.0,1314104.0,248738.0
2023-09-15,493067.0,201328.0,1014538.0,1314434.0,248754.0
2023-09-18,500014.0,200329.0,1006817.0,1315637.0,248404.0
2023-09-19,506815.0,199948.0,1008578.0,1317960.0,248219.0
2023-09-20,508500.0,200537.0,1009746.0,1318217.0,248197.0
2023-09-21,508591.0,200858.0,1000282.0,1319881.0,248106.0
2023-09-22,480304.0,200625.0,997586.0,1320807.0,248105.0
2023-09-25,481495.0,199740.0,995174.0,1320882.0,247096.0
2023-09-26,526315.0,197676.0,993404.0,1320693.0,247444.0
2023-09-27,499900.0,195611.0,995208.0,1324477.0,247380.0
2023-10-04,522468.0,193143.0,986873.0,1323764.0,247525.0
2023-10-05,504918.0,191854.0,986713.0,1322781.0,247673.0
2023-10-06,474452.0,190382.0,987012.0,1322472.0,247040.0
2023-10-10,465389.0,186785.0,988897.0,1324469.0,247017.0
2023-10-11,467859.0,185865.0,997357.0,1323151.0,246883.0
2023-10-12,490991.0,184162.0,1004921.0,1321852.0,246829.0
2023-10-13,494920.0,183325.0,1005099.0,1322378.0,246713.0
2023-10-16,477628.0,183710.0,1001213.0,1323691.0,246705.0
2023-10-17,465956.0,184786.0,1006289.0,1324201.0,246591.0
2023-10-18,466353.0,184333.0,1006223.0,1323337.0,246472.0
2023-10-19,472489.0,183892.0,997552.0,1322067.0,246402.0
2023-10-20,478985.0,183312.0,990214.0,1324515.0,245384.0
2023-10-23,482288.0,180897.0,985798.0,1325419.0,245260.0
2023-10-24,470340.0,176905.0,990774.0,1326242.0,244683.0
2023-10-25,465341.0,174846.0,987903.0,1327021.0,244658.0
2023-10-26,485475.0,173427.0,976051.0,1327155.0,244636.0
2023-10-27,484460.0,173487.0,976562.0,1327152.0,244508.0
2023-10-30,471945.0,170455.0,979510.0,1327745.0,244365.0
2023-10-31,460570.0,168356.0,974813.0,1328255.0,244350.0
2023-11-01,460120.0,167422.0,978557.0,1329321.0,244262.0
2023-11-02,450215.0,166625.0,989171.0,1330395.0,244011.0
2023-11-03,446820.0,164901.0,994665.0,1330588.0,243876.0
2023-11-06,474298.0,164441.0,1019496.0,1332107.0,243821.0
2023-11-07,478101.0,164721.0,1012228.0,1332806.0,243813.0
2023-11-08,478703.0,166060.0,1007118.0,1331743.0,243802.0
2023-11-09,472024.0,169608.0,1008036.0,1332979.0,243638.0
2023-11-10,481745.0,169834.0,1002924.0,1332897.0,243423.0
2023-11-13,479082.0,169745.0,1003751.0,1345534.0,243320.0
2023-11-14,470073.0,169136.0,1009045.0,1347099.0,243516.0
2023-11-15,475854.0,168127.0,1015384.0,1349032.0,243511.0
2023-11-16,468237.0,167386.0,1012657.0,1349045.0,243336.0
2023-11-17,469611.0,166996.0,1011470.0,1350287.0,243163.0
2023-11-20,472611.0,167836.0,1015890.0,1353028.0,242717.0
2023-11-21,479826.0,168907.0,1017697.0,1352435.0,242637.0
2023-11-22,478376.0,168524.0,1018552.0,1352058.0,242079.0
2023-11-23,473439.0,169062.0,1019492.0,1350083.0,241974.0
2023-11-24,474976.0,169567.0,1016580.0,1352592.0,241818.0
2023-11-27,479885.0,170076.0,1013569.0,1357348.0,241724.0
2023-11-28,485387.0,170767.0,1016616.0,1358978.0,241696.0
2023-11-29,478779.0,170862.0,1017368.0,1364573.0,241305.0
2023-11-30,484810.0,170757.0,1023739.0,1365827.0,241082.0
2023-12-01,486681.0,171395.0,1018867.0,1367166.0,241267.0
2023-12-04,483930.0,171442.0,1020141.0,1372663.0,241287.0
2023-12-05,475450.0,172483.0,1012375.0,1376438.0,241188.0
2023-12-06,489811.0,172337.0,1015257.0,1378462.0,240718.0
2023-12-07,503815.0,172047.0,1017262.0,1375119.0,240246.0
2023-12-08,482012.0,172476.0,1022392.0,1373247.0,240224.0
2023-12-11,486087.0,172909.0,1024544.0,1371132.0,240145.0
2023-12-12,494831.0,172274.0,1024204.0,1372660.0,240133.0
2023-12-13,501611.0,173097.0,1016388.0,1374996.0,239903.0
2023-12-14,513329.0,173273.0,1018647.0,1372530.0,239669.0
2023-12-15,483130.0,173320.0,1019307.0,1371196.0,239479.0
2023-12-18,495870.0,172044.0,1022054.0,1370311.0,239527.0
2023-12-19,531321.0,171559.0,1025762.0,1371539.0,239289.0
2023-12-20,521172.0,172979.0,1028967.0,1370688.0,238357.0
2023-12-21,518624.0,173880.0,1027182.0,1369834.0,238094.0
2023-12-22,526123.0,174061.0,1027005.0,1371350.0,237699.0
2023-12-26,536834.0,174996.0,1025469.0,1365986.0,237384.0
2023-12-27,564636.0,174977.0,1028829.0,1367661.0,237216.0
2023-12-28,538156.0,173872.0,1034515.0,1362472.0,237207.0
2024-01-02,594949.0,174110.0,1038677.0,1365832.0,238264.0
2024-01-03,569545.0,173174.0,1030795.0,1369705.0,238568.0
2024-01-04,542492.0,174303.0,1032229.0,1371641.0,238681.0
2024-01-05,520116.0,176830.0,1029072.0,1371165.0,239259.0
2024-01-08,512226.0,178108.0,1029508.0,1372867.0,239332.0
2024-01-09,517323.0,178761.0,1030690.0,1372214.0,239813.0
2024-01-10,499595.0,179588.0,1028286.0,1373606.0,239800.0
2024-01-11,527934.0,178807.0,1029420.0,1373835.0,239772.0
2024-01-12,508788.0,181263.0,1026087.0,1376556.0,239758.0
2024-01-15,519273.0,182189.0,1027855.0,1378618.0,239888.0
2024-01-16,503687.0,182535.0,1024091.0,1379353.0,240147.0
2024-01-17,499871.0,181909.0,1015730.0,1378601.0,240196.0
2024-01-18,490592.0,181872.0,1015685.0,1378976.0,240102.0
2024-01-19,495601.0,180847.0,1022724.0,1379799.0,240259.0
2024-01-22,502923.0,179484.0,1023696.0,1380741.0,240274.0
2024-01-23,503700.0,178396.0,1025396.0,1383260.0,240356.0
2024-01-24,497804.0,177820.0,1025520.0,1402558.0,240864.0
2024-01-25,505030.0,177444.0,1027160.0,1403302.0,241665.0
2024-01-26,490649.0,176713.0,1029923.0,1405321.0,241902.0
2024-01-29,522041.0,177577.0,1032418.0,1407800.0,242158.0
2024-01-30,512334.0,176932.0,1032862.0,1412257.0,242644.0
2024-01-31,507434.0,176930.0,1034161.0,1414459.0,243213.0
2024-02-01,520477.0,176203.0,1040659.0,1415584.0,244236.0
2024-02-02,508240.0,175703.0,1053284.0,1422626.0,244502.0
2024-02-05,508407.0,174996.0,1053656.0,1428964.0,244776.0
2024-02-06,528949.0,174451.0,1051996.0,1434116.0,245253.0
2024-02-07,516621.0,177138.0,1057086.0,1436431.0,245296.0
2024-02-08,508402.0,177009.0,1063770.0,1435480.0,245661.0
2024-02-13,529756.0,176564.0,1072310.0,1438469.0,245710.0
2024-02-14,531595.0,176322.0,1069627.0,1441948.0,246987.0
2024-02-15,535695.0,176626.0,1069227.0,1443515.0,247133.0
2024-02-16,539281.0,178253.0,1072633.0,1442012.0,246627.0
2024-02-19,540247.0,180047.0,1075425.0,1443554.0,247048.0
2024-02-20,538157.0,180725.0,1072626.0,1445425.0,247296.0
2024-02-21,541556.0,181627.0,1071695.0,1447546.0,247408.0
2024-02-22,536264.0,182484.0,1071698.0,1449358.0,247855.0
2024-02-23,534207.0,183031.0,1077041.0,1448226.0,248363.0
2024-02-26,546234.0,184121.0,1075654.0,1449415.0,248419.0
2024-02-27,560115.0,184721.0,1071806.0,1450743.0,248666.0
2024-02-28,548684.0,184855.0,1076926.0,1444719.0,248811.0
2024-02-29,543356.0,183944.0,1077030.0,1442870.0,250573.0
2024-03-04,578852.0,183420.0,1089782.0,1442982.0,250578.0
2024-03-05,550230.0,184132.0,1084735.0,1444051.0,250646.0
2024-03-06,548909.0,184382.0,1078272.0,1445627.0,251054.0
2024-03-07,540683.0,186009.0,1080780.0,1443897.0,251211.0
2024-03-08,525060.0,187204.0,1088050.0,1428458.0,251606.0
2024-03-11,533436.0,187939.0,1081468.0,1427354.0,251600.0
2024-03-12,538822.0,187120.0,1089102.0,1428446.0,251796.0
2024-03-13,529973.0,188092.0,1092512.0,1429055.0,251892.0
2024-03-14,534824.0,189020.0,1094445.0,1432586.0,252377.0
2024-03-15,533662.0,190340.0,1086834.0,1434876.0,252202.0
2024-03-18,531122.0,190914.0,1091547.0,1437598.0,252878.0
2024-03-19,517520.0,191776.0,1090366.0,1437821.0,252461.0
2024-03-20,528461.0,192546.0,1095454.0,1438937.0,253136.0
2024-03-21,526355.0,193796.0,1103107.0,1440777.0,253233.0
2024-03-22,520070.0,193483.0,1109487.0,1446079.0,253362.0
2024-03-25,552615.0,192166.0,1115071.0,1448307.0,253639.0
2024-03-26,551906.0,192485.0,1116113.0,1448852.0,253720.0
2024-03-27,553230.0,193268.0,1117086.0,1449608.0,254191.0
2024-03-28,560438.0,193422.0,1119404.0,1446013.0,254578.0
2024-03-29,565229.0,193368.0,1121334.0,1446691.0,256811.0
2024-04-01,596299.0,193931.0,1120235.0,1455610.0,257167.0
2024-04-02,574227.0,193971.0,1122482.0,1455226.0,257385.0
2024-04-03,570475.0,193870.0,1109243.0,1455251.0,257520.0
2024-04-04,564905.0,193727.0,1116016.0,1460278.0,257734.0
2024-04-05,544430.0,193421.0,1105320.0,1462122.0,258313.0
2024-04-08,559333.0,193223.0,1108496.0,1462137.0,258472.0
2024-04-09,550239.0,193185.0,1108064.0,1465312.0,258809.0
2024-04-11,553855.0,192287.0,1110706.0,1465252.0,260091.0
2024-04-12,549353.0,191842.0,1113118.0,1465144.0,260360.0
2024-04-15,566682.0,191505.0,1106061.0,1467538.0,261228.0
2024-04-16,575969.0,192188.0,1092931.0,1471604.0,261632.0
2024-04-17,552690.0,192840.0,1086475.0,1472499.0,261671.0
2024-04-18,550600.0,190548.0,1088431.0,1472540.0,261979.0
2024-04-19,554754.0,189358.0,1083386.0,1475873.0,262645.0
2024-04-22,565797.0,189128.0,1085224.0,1477973.0,262713.0
2024-04-23,558653.0,189150.0,1083125.0,1481191.0,262801.0
2024-04-24,546960.0,188740.0,1095621.0,1484163.0,262947.0
2024-04-25,556713.0,189466.0,1091640.0,1486119.0,263032.0
2024-04-26,565102.0,189493.0,1099696.0,1486148.0,263514.0
2024-04-29,567872.0,190739.0,1108725.0,1490082.0,264014.0
2024-04-30,572307.0,190630.0,1112330.0,1497053.0,264052.0
2024-05-02,587908.0,190423.0,1106031.0,1500535.0,264456.0
2024-05-03,559450.0,190869.0,1106512.0,1503861.0,264657.0
2024-05-07,554821.0,191578.0,1122303.0,1509038.0,264960.0
2024-05-08,541089.0,191584.0,1123909.0,1509780.0,265285.0
2024-05-09,556651.0,190822.0,1121563.0,1509851.0,265139.0
2024-05-10,556500.0,191555.0,1125312.0,1512323.0,265065.0
2024-05-13,553476.0,193046.0,1124666.0,1513241.0,265156.0
2024-05-14,553939.0,192729.0,1127188.0,1514874.0,265394.0
2024-05-16,562356.0,192915.0,1132036.0,1517859.0,265660.0
2024-05-17,556564.0,192865.0,1128643.0,1521553.0,265900.0
2024-05-20,561694.0,193342.0,1133365.0,1528082.0,266545.0
2024-05-21,554229.0,193636.0,1132937.0,1529504.0,266737.0
2024-05-22,548820.0,193306.0,1135282.0,1532313.0,266528.0
2024-05-23,556636.0,193802.0,1135238.0,1531847.0,266687.0
2024-05-24,554409.0,194187.0,1130297.0,1532503.0,267080.0
2024-05-27,568481.0,194835.0,1136909.0,1531323.0,267495.0
2024-05-28,562698.0,195075.0,1135427.0,1532969.0,267968.0
2024-05-29,551474.0,195258.0,1132755.0,1532202.0,267943.0
2024-05-30,564101.0,196488.0,1125981.0,1530359.0,268363.0
2024-05-31,543964.0,197034.0,1126358.0,1532247.0,269038.0
2024-06-03,542132.0,196305.0,1131337.0,1535187.0,268957.0
2024-06-04,529686.0,195707.0,1131852.0,1537213.0,269202.0
2024-06-05,533924.0,195557.0,1138555.0,1540571.0,269525.0
2024-06-07,532664.0,196187.0,1149484.0,1527059.0,271505.0
2024-06-10,541289.0,196165.0,1146049.0,1526200.0,271619.0
2024-06-11,542169.0,196673.0,1145297.0,1526845.0,271860.0
2024-06-12,541011.0,198838.0,1142127.0,1531989.0,271872.0
2024-06-13,555935.0,200114.0,1147070.0,1533386.0,272006.0
2024-06-14,546883.0,199771.0,1149053.0,1535769.0,272193.0
2024-06-17,556991.0,200628.0,1147283.0,1536110.0,272281.0
2024-06-18,557806.0,200839.0,1148768.0,1539952.0,272615.0
2024-06-19,548000.0,201290.0,1160743.0,1544420.0,272125.0
2024-06-20,548858.0,200956.0,1165986.0,1544631.0,272366.0
2024-06-21,552383.0,200493.0,1164174.0,1542389.0,272217.0
2024-06-24,559608.0,201305.0,1161169.0,1545004.0,271936.0
2024-06-25,559725.0,201203.0,1162159.0,1544710.0,271867.0
2024-06-26,550955.0,200694.0,1169654.0,1542018.0,272396.0
2024-06-27,564422.0,199754.0,1172324.0,1539716.0,272582.0
2024-06-28,565087.0,199972.0,1174203.0,1543516.0,274034.0
2024-07-01,583105.0,199674.0,1176387.0,1547193.0,273966.0
2024-07-02,561591.0,199119.0,1176439.0,1551328.0,274439.0
2024-07-03,543990.0,199096.0,1182396.0,1553804.0,275288.0
2024-07-04,530450.0,198504.0,1188382.0,1558851.0,275489.0
2024-07-05,538549.0,197590.0,1196103.0,1560357.0,275790.0
2024-07-08,556043.0,197718.0,1202323.0,1562490.0,276586.0
2024-07-09,566026.0,197647.0,1205737.0,1565312.0,277024.0
2024-07-10,561689.0,198126.0,1205314.0,1568417.0,276590.0
2024-07-11,572311.0,199336.0,1210872.0,1569645.0,276798.0
2024-07-12,565465.0,200410.0,1200336.0,1574872.0,276517.0
2024-07-15,578773.0,200762.0,1203247.0,1578342.0,277005.0
2024-07-16,569073.0,200379.0,1205191.0,1578065.0,276799.0
2024-07-17,563409.0,200817.0,1203160.0,1581880.0,277801.0
2024-07-18,574114.0,200484.0,1197325.0,1583302.0,277647.0
2024-07-19,558603.0,199816.0,1195599.0,1624105.0,278010.0
2024-07-22,561047.0,198468.0,1187610.0,1653776.0,278144.0
2024-07-23,555319.0,198558.0,1192191.0,1655629.0,277959.0
2024-07-24,548762.0,198073.0,1189422.0,1655209.0,278179.0
2024-07-25,563933.0,196899.0,1173058.0,1656811.0,278078.0
2024-07-26,554647.0,196774.0,1172775.0,1659982.0,278484.0
2024-07-29,540731.0,194795.0,1182599.0,1662969.0,278775.0
2024-07-30,550121.0,193506.0,1179617.0,1664881.0,278327.0
2024-07-31,542994.0,193248.0,1178934.0,1665524.0,278629.0
2024-08-01,546592.0,194055.0,1186184.0,1671382.0,278923.0
2024-08-02,538679.0,193161.0,1163688.0,1676785.0,278782.0
2024-08-05,594876.0,191864.0,1123406.0,1684605.0,278702.0
2024-08-06,589618.0,189338.0,1128388.0,1684006.0,278700.0
2024-08-07,565838.0,176018.0,1135307.0,1681032.0,278453.0
2024-08-08,551218.0,170099.0,1127055.0,1682819.0,278536.0
2024-08-09,538780.0,170869.0,1144449.0,1687762.0,279955.0
2024-08-12,530142.0,172510.0,1152364.0,1687678.0,280138.0
2024-08-13,538159.0,173616.0,1154467.0,1690036.0,280389.0
2024-08-14,531464.0,174313.0,1164579.0,1692739.0,280671.0
2024-08-16,539375.0,174941.0,1180888.0,1695951.0,280997.0
2024-08-19,525882.0,174860.0,1172842.0,1697850.0,282474.0
2024-08-20,533210.0,174615.0,1182514.0,1699504.0,283237.0
2024-08-21,535079.0,175359.0,1181393.0,1701191.0,283219.0
2024-08-22,535053.0,176005.0,1184322.0,1703944.0,283427.0
2024-08-23,525859.0,177023.0,1180776.0,1706137.0,283224.0
2024-08-26,534169.0,176871.0,1181136.0,1705504.0,283495.0
2024-08-27,537295.0,176707.0,1178379.0,1707400.0,283932.0
2024-08-28,532514.0,177059.0,1182181.0,1707644.0,284214.0
2024-08-29,530605.0,177244.0,1175186.0,1705901.0,284244.0
2024-08-30,521293.0,177397.0,1177961.0,1706409.0,284479.0
2024-09-02,520510.0,177641.0,1185543.0,1708477.0,284618.0
2024-09-03,514272.0,177115.0,1183109.0,1710101.0,284785.0
2024-09-04,532412.0,177676.0,1156841.0,1713054.0,284361.0
2024-09-05,533814.0,177622.0,1152404.0,1714090.0,285306.0
2024-09-06,514526.0,175497.0,1143221.0,1716580.0,285138.0
2024-09-09,512598.0,172288.0,1137718.0,1718353.0,285062.0
2024-09-10,514943.0,169835.0,1139780.0,1719307.0,285185.0
2024-09-11,519933.0,168960.0,1140104.0,1721882.0,285149.0
2024-09-12,511531.0,169128.0,1155804.0,1720283.0,285923.0
2024-09-13,514007.0,169219.0,1157052.0,1723768.0,286527.0
2024-09-19,516094.0,168752.0,1158965.0,1721145.0,286445.0
2024-09-20,508296.0,169889.0,1169393.0,1722492.0,286957.0
2024-09-23,516793.0,171655.0,1174797.0,1723090.0,287004.0
2024-09-24,517560.0,172123.0,1181659.0,1721567.0,287460.0
2024-09-25,520443.0,173187.0,1180490.0,1722250.0,287557.0
2024-09-26,540606.0,173688.0,1196139.0,1722868.0,287551.0
2024-09-27,520190.0,174126.0,1198584.0,1722154.0,287092.0
2024-09-30,568329.0,173236.0,1189999.0,1703040.0,287273.0
2024-10-02,563313.0,174549.0,1190340.0,1708715.0,287412.0
2024-10-04,527043.0,175737.0,1196285.0,1707782.0,287793.0
2024-10-07,515100.0,176305.0,1211509.0,1711288.0,287751.0
2024-10-08,506952.0,176015.0,1205981.0,1716230.0,287804.0
2024-10-10,523489.0,176629.0,1209510.0,1719396.0,287963.0
2024-10-11,522127.0,178270.0,1212007.0,1716236.0,287490.0
2024-10-14,525789.0,178779.0,1215993.0,1719850.0,287232.0
2024-10-15,529407.0,178980.0,1221078.0,1723099.0,287409.0
2024-10-16,533601.0,178966.0,1210291.0,1725146.0,287511.0
2024-10-17,523678.0,179376.0,1211807.0,1725017.0,288228.0
2024-10-18,512525.0,180452.0,1207498.0,1725359.0,288353.0
2024-10-21,544339.0,180922.0,1213131.0,1725764.0,288396.0
2024-10-22,547100.0,181107.0,1207524.0,1727736.0,288507.0
2024-10-23,556771.0,180362.0,1213569.0,1726466.0,288590.0
2024-10-24,540338.0,179783.0,1204308.0,1742111.0,288496.0
2024-10-25,535942.0,178407.0,1206884.0,1754179.0,288844.0
2024-10-28,507325.0,178855.0,1213998.0,1756106.0,288815.0
2024-10-29,504815.0,177760.0,1214094.0,1755321.0,289523.0
2024-10-30,495973.0,177188.0,1212082.0,1757417.0,290337.0
2024-10-31,505866.0,177761.0,1202921.0,1758655.0,290757.0
2024-11-01,514318.0,178271.0,1193979.0,1760535.0,290579.0
2024-11-04,504240.0,178295.0,1202364.0,1766402.0,290644.0
2024-11-05,500639.0,177723.0,1199804.0,1770124.0,290551.0
2024-11-06,498900.0,177221.0,1205742.0,1771035.0,290664.0
2024-11-07,500844.0,178474.0,1214443.0,1771991.0,291678.0
2024-11-08,499023.0,178561.0,1212536.0,1773226.0,291863.0
2024-11-11,511952.0,178201.0,1207159.0,1769497.0,291935.0
2024-11-12,527336.0,177839.0,1200995.0,1771878.0,291904.0
2024-11-13,514995.0,177535.0,1190160.0,1772824.0,291911.0
2024-11-14,529552.0,174594.0,1187325.0,1770657.0,291796.0
2024-11-15,506129.0,171383.0,1184527.0,1767393.0,291778.0
2024-11-18,509183.0,168364.0,1184786.0,1765696.0,291753.0
2024-11-19,499929.0,166042.0,1185427.0,1765488.0,291698.0
2024-11-20,498128.0,165849.0,1190849.0,1762706.0,291616.0
2024-11-21,503096.0,165858.0,1194298.0,1771089.0,291715.0
2024-11-22,499190.0,165725.0,1203677.0,1769506.0,290942.0
2024-11-25,504244.0,165249.0,1212184.0,1769613.0,291209.0
2024-11-26,522408.0,163894.0,1210196.0,1774155.0,290897.0
2024-11-27,508958.0,163934.0,1208969.0,1776742.0,290945.0
2024-11-28,516005.0,164829.0,1207192.0,1775403.0,290928.0
2024-11-29,522969.0,164817.0,1204944.0,1778672.0,291363.0
2024-12-02,523359.0,164782.0,1210416.0,1779126.0,291615.0
2024-12-03,498987.0,164596.0,1220333.0,1783880.0,290799.0
2024-12-04,514552.0,162842.0,1220433.0,1786296.0,290816.0
2024-12-05,524692.0,162142.0,1222101.0,1788354.0,290368.0
2024-12-06,517408.0,161016.0,1222611.0,1785572.0,290341.0
2024-12-09,519064.0,159363.0,1221244.0,1786933.0,290254.0
2024-12-10,525129.0,156441.0,1227057.0,1788129.0,290115.0
2024-12-11,529228.0,151982.0,1231296.0,1787546.0,290188.0
2024-12-12,526622.0,150522.0,1243481.0,1791669.0,290628.0
2024-12-13,535728.0,151403.0,1244484.0,1789121.0,290329.0
2024-12-16,528088.0,152524.0,1247276.0,1789778.0,289428.0
2024-12-17,525522.0,153669.0,1248752.0,1790375.0,289494.0
2024-12-18,515604.0,155788.0,1251309.0,1790510.0,289534.0
2024-12-19,513514.0,157556.0,1236291.0,1756545.0,289202.0
2024-12-20,520159.0,157059.0,1228380.0,1750638.0,288789.0
2024-12-23,520845.0,158130.0,1241870.0,1748341.0,288685.0
2024-12-24,506265.0,157533.0,1250357.0,1745200.0,288264.0
2024-12-26,525960.0,156298.0,1258749.0,1737964.0,288105.0
2024-12-27,544476.0,157147.0,1260739.0,1690262.0,287761.0
2024-12-30,545555.0,157153.0,1257431.0,1688410.0,286466.0
2025-01-02,570583.0,155729.0,1245634.0,1696275.0,287177.0
2025-01-03,545508.0,154662.0,1254241.0,1712800.0,287651.0
2025-01-06,537958.0,155969.0,1275122.0,1721804.0,288231.0
2025-01-07,523360.0,156171.0,1277369.0,1728627.0,288672.0
2025-01-08,519400.0,157620.0,1282181.0,1732210.0,289197.0
2025-01-09,527553.0,159083.0,1286109.0,1736446.0,289427.0
2025-01-10,522794.0,159871.0,1289047.0,1743316.0,291272.0
2025-01-13,537479.0,160685.0,1278196.0,1748323.0,292138.0
2025-01-14,537690.0,162022.0,1278756.0,1755557.0,292209.0
2025-01-15,527877.0,163092.0,1276955.0,1758815.0,292214.0
2025-01-16,518690.0,163799.0,1291559.0,1762744.0,292656.0
2025-01-17,512701.0,163956.0,1294640.0,1769528.0,292752.0
2025-01-20,532259.0,163475.0,1302059.0,1769147.0,292641.0
2025-01-21,527981.0,164681.0,1300942.0,1771918.0,292680.0
2025-01-22,521026.0,165672.0,1311009.0,1774441.0,293133.0
2025-01-23,521126.0,166404.0,1314577.0,1776689.0,293497.0
2025-01-24,541443.0,165720.0,1317358.0,1778650.0,294719.0
2025-01-31,555786.0,167258.0,1311394.0,1777788.0,294883.0
2025-02-03,582317.0,166465.0,1306242.0,1781203.0,294967.0
2025-02-04,577532.0,167950.0,1307577.0,1792749.0,295169.0
2025-02-05,533330.0,166990.0,1314169.0,1796299.0,295430.0
2025-02-06,546734.0,166037.0,1322818.0,1803792.0,295372.0
2025-02-07,528240.0,166508.0,1324762.0,1810975.0,295326.0
2025-02-10,531069.0,167274.0,1323830.0,1812593.0,294949.0
2025-02-11,533649.0,168831.0,1329669.0,1816239.0,294558.0
2025-02-12,528929.0,170125.0,1332225.0,1816737.0,294607.0
2025-02-13,539225.0,170978.0,1336627.0,1817506.0,294771.0
2025-02-14,545107.0,172193.0,1344932.0,1824415.0,294775.0
2025-02-17,535086.0,172485.0,1348803.0,1831702.0,294993.0
2025-02-18,539145.0,173847.0,1353083.0,1840437.0,294929.0
2025-02-19,551173.0,174861.0,1364479.0,1846299.0,294853.0
2025-02-20,546224.0,176698.0,1362700.0,1852846.0,294439.0
2025-02-21,549588.0,176877.0,1362560.0,1853906.0,294730.0
2025-02-24,540298.0,177640.0,1350797.0,1857729.0,294368.0
2025-02-25,548987.0,178188.0,1343971.0,1863246.0,294508.0
2025-02-26,544946.0,179559.0,1343927.0,1866728.0,294439.0
2025-02-27,552185.0,180673.0,1348094.0,1869811.0,295015.0
2025-02-28,560529.0,181082.0,1328934.0,1869814.0,295101.0
2025-03-04,572328.0,181786.0,1325180.0,1869524.0,294860.0
2025-03-05,535487.0,182361.0,1324243.0,1871841.0,294734.0
2025-03-06,528772.0,180814.0,1329244.0,1874049.0,294765.0
2025-03-07,512892.0,180928.0,1321894.0,1866529.0,294730.0
2025-03-10,537671.0,181285.0,1328326.0,1867400.0,294701.0
2025-03-11,533004.0,180298.0,1310234.0,1871540.0,294303.0
2025-03-12,528060.0,180557.0,1312992.0,1876050.0,294398.0
2025-03-13,522464.0,180305.0,1316725.0,1879517.0,294631.0
2025-03-14,513566.0,179830.0,1308182.0,1880443.0,294769.0
2025-03-17,518615.0,180442.0,1324675.0,1883682.0,295797.0
2025-03-18,509567.0,180801.0,1331771.0,1888570.0,295637.0
2025-03-19,519134.0,180937.0,1332589.0,1890386.0,295521.0
2025-03-20,524973.0,181614.0,1341199.0,1888131.0,295790.0
2025-03-21,536153.0,181640.0,1342332.0,1888312.0,296747.0
2025-03-24,532823.0,180319.0,1344405.0,1894306.0,296992.0
2025-03-25,551622.0,178427.0,1351992.0,1895283.0,296879.0
2025-03-26,556714.0,178308.0,1361169.0,1904842.0,296943.0
2025-03-27,546936.0,177184.0,1350192.0,1904217.0,296853.0
2025-03-28,569328.0,175724.0,1342293.0,1890789.0,296470.0
2025-03-31,584743.0,174712.0,1322929.0,1884716.0,296422.0
2025-04-01,594967.0,172596.0,1330718.0,1890923.0,296264.0
2025-04-02,543577.0,169929.0,1330498.0,1898020.0,296043.0
2025-04-03,553200.0,168552.0,1332511.0,1898841.0,296015.0
2025-04-04,556077.0,169201.0,1296503.0,1904475.0,295332.0
2025-04-07,578434.0,168338.0,1259452.0,1907688.0,295445.0
2025-04-08,559092.0,168431.0,1265318.0,1910059.0,295554.0
2025-04-09,541604.0,166676.0,1257855.0,1914049.0,295439.0
2025-04-10,546924.0,164265.0,1321796.0,1917758.0,296292.0
2025-04-11,536184.0,163217.0,1305110.0,1918484.0,295905.0
2025-04-14,548759.0,161848.0,1310659.0,1922187.0,295864.0
2025-04-15,547542.0,164534.0,1319842.0,1925645.0,295828.0
2025-04-16,529773.0,166566.0,1316504.0,1930208.0,294889.0
2025-04-17,536331.0,167737.0,1308831.0,1933787.0,294459.0
2025-04-18,538248.0,168915.0,1313967.0,1938181.0,295053.0
2025-04-21,538365.0,169467.0,1314925.0,1938405.0,294957.0
2025-04-22,539626.0,170438.0,1305257.0,1938425.0,294509.0
2025-04-23,543975.0,171413.0,1324690.0,1938800.0,294730.0
2025-04-24,543076.0,172972.0,1338668.0,1942808.0,294977.0
2025-04-25,553103.0,172644.0,1356273.0,1948014.0,295682.0
2025-04-28,559417.0,173847.0,1361537.0,1953419.0,296051.0
2025-04-29,575615.0,173958.0,1362937.0,1959853.0,295874.0
2025-04-30,575476.0,174290.0,1357508.0,1959160.0,296271.0
2025-05-02,565309.0,174011.0,1356595.0,1966768.0,296203.0
2025-05-07,564494.0,174838.0,1357896.0,1971720.0,296226.0
2025-05-08,564364.0,173813.0,1359614.0,1977255.0,296240.0
2025-05-09,542624.0,173953.0,1362160.0,1982385.0,296325.0
2025-05-12,561625.0,175307.0,1368573.0,1984896.0,296256.0
2025-05-13,552065.0,176548.0,1393416.0,1987539.0,296304.0
2025-05-14,574713.0,175967.0,1407650.0,1992575.0,296420.0
2025-05-15,565186.0,176721.0,1402395.0,1996926.0,296320.0
2025-05-16,562744.0,176465.0,1400525.0,2003234.0,296498.0
2025-05-19,561850.0,177860.0,1400263.0,2006780.0,296316.0
2025-05-20,565458.0,178105.0,1396243.0,2015032.0,296256.0
2025-05-21,561013.0,178371.0,1394521.0,2014612.0,295670.0
2025-05-22,562130.0,178384.0,1380248.0,2019645.0,295535.0
2025-05-23,567500.0,178606.0,1379489.0,2023710.0,295624.0
2025-05-26,567565.0,180089.0,1378994.0,2038194.0,295628.0
2025-05-27,575004.0,180394.0,1379928.0,2051008.0,295667.0
2025-05-28,564029.0,180316.0,1398261.0,2058646.0,295777.0
2025-05-29,580291.0,182070.0,1402606.0,2059104.0,295763.0
2025-05-30,572972.0,181390.0,1402314.0,2061603.0,296840.0
2025-06-02,601886.0,182151.0,1398662.0,2063771.0,296468.0
2025-06-04,600353.0,183798.0,1416508.0,2065516.0,296293.0
2025-06-05,583697.0,184184.0,1419995.0,2067505.0,296030.0
2025-06-09,596603.0,183976.0,1424223.0,2068071.0,295798.0
2025-06-10,623498.0,183794.0,1430075.0,2069135.0,295884.0
2025-06-11,619822.0,185806.0,1437282.0,2067459.0,296130.0
2025-06-12,629445.0,186994.0,1426692.0,2068719.0,295658.0
2025-06-13,638196.0,188350.0,1429100.0,2074090.0,296233.0
2025-06-16,649658.0,190515.0,1428206.0,2076814.0,295627.0
2025-06-17,650202.0,192261.0,1433542.0,2078148.0,295765.0
2025-06-18,634989.0,194062.0,1435771.0,2083880.0,296050.0
2025-06-19,636048.0,194536.0,1444184.0,2085187.0,295911.0
2025-06-20,642144.0,196691.0,1447710.0,2084364.0,295428.0
2025-06-23,650173.0,199435.0,1452947.0,2092403.0,296071.0
2025-06-24,664115.0,199844.0,1465200.0,2091950.0,295746.0
2025-06-25,666769.0,204237.0,1473510.0,2093754.0,295595.0
2025-06-26,690560.0,203835.0,1468340.0,2095073.0,295152.0
2025-06-27,677127.0,205299.0,1470120.0,2096410.0,297629.0
2025-06-30,689724.0,206388.0,1472779.0,2086811.0,297546.0
2025-07-01,704133.0,207347.0,1478991.0,2093494.0,297823.0
2025-07-02,660534.0,207367.0,1475271.0,2104487.0,297849.0
2025-07-03,662851.0,206369.0,1490119.0,2106611.0,298041.0
2025-07-04,653840.0,206611.0,1486283.0,2114573.0,297882.0
2025-07-07,673378.0,206499.0,1491837.0,2116749.0,298070.0
2025-07-08,665038.0,206756.0,1497776.0,2122420.0,0.0
2025-07-09,651958.0,207072.0,1504009.0,2124373.0,298663.0
2025-07-10,659371.0,208617.0,1513104.0,2126752.0,298614.0
2025-07-11,663692.0,211168.0,1518103.0,2132488.0,299749.0
2025-07-14,680815.0,211853.0,1523321.0,2136476.0,299827.0
2025-07-15,668521.0,212485.0,1531078.0,2138979.0,300085.0
2025-07-16,655959.0,213164.0,1529853.0,2143527.0,300036.0
2025-07-17,666350.0,214342.0,1538282.0,2144196.0,300370.0
2025-07-18,653644.0,215888.0,1543775.0,2151270.0,300604.0
2025-07-21,652654.0,216000.0,1548371.0,2156568.0,300765.0
2025-07-22,656079.0,215736.0,1541310.0,2156473.0,301527.0
2025-07-23,664023.0,215662.0,1538792.0,2158959.0,301764.0
2025-07-24,647666.0,216674.0,1541427.0,2165516.0,302010.0
2025-07-25,651623.0,216725.0,1550168.0,2166250.0,302109.0
2025-07-28,677248.0,216261.0,1556488.0,2169725.0,301435.0
2025-07-29,673577.0,216352.0,1567205.0,2174866.0,302132.0
2025-07-30,682368.0,217053.0,1566945.0,2177039.0,302906.0
2025-07-31,686852.0,216353.0,1565396.0,2175599.0,303364.0
2025-08-01,712971.0,216114.0,1544178.0,2175362.0,303464.0
2025-08-04,702943.0,216154.0,1532952.0,2178668.0,304261.0
2025-08-05,670081.0,214818.0,1553449.0,2182234.0,303174.0
2025-08-06,662811.0,213320.0,1551075.0,2183655.0,302555.0
2025-08-07,668765.0,214049.0,1558779.0,2185616.0,303332.0
2025-08-08,674731.0,216138.0,1560428.0,2192235.0,304430.0
2025-08-11,679618.0,218619.0,1566193.0,2199014.0,304700.0
2025-08-12,680836.0,220136.0,1564314.0,2200433.0,304923.0
2025-08-13,678339.0,220256.0,1574119.0,2201883.0,305216.0
2025-08-14,693973.0,220346.0,1576659.0,2206890.0,305488.0
2025-08-18,676019.0,220663.0,1567234.0,2213804.0,306721.0
2025-08-19,674930.0,221015.0,1566128.0,2218359.0,306996.0
2025-08-20,685082.0,221185.0,1559882.0,2218014.0,307250.0
2025-08-21,674632.0,219831.0,1559685.0,2220495.0,307419.0
2025-08-22,666222.0,217762.0,1559089.0,2225732.0,307501.0
2025-08-25,661248.0,217799.0,1574031.0,2241274.0,309425.0
2025-08-26,682740.0,216874.0,1573976.0,2243659.0,310205.0
2025-08-27,668618.0,217208.0,1582084.0,2248208.0,310378.0
2025-08-28,673591.0,219033.0,1582963.0,2248191.0,310417.0
2025-08-29,662992.0,219874.0,1587366.0,2244014.0,310764.0
2025-09-01,684773.0,220513.0,1576412.0,2246296.0,310532.0
2025-09-02,661858.0,220884.0,1582923.0,2254270.0,310328.0
2025-09-03,654596.0,220169.0,1580243.0,2256385.0,309972.0
2025-09-04,659403.0,219770.0,1585955.0,2252845.0,310270.0
2025-09-05,649796.0,220460.0,1591185.0,2253924.0,311196.0
2025-09-08,658009.0,220794.0,1593037.0,2256147.0,311242.0
2025-09-09,683785.0,221761.0,1601542.0,2259679.0,312693.0
2025-09-10,705907.0,222212.0,1612408.0,2261133.0,313129.0
2025-09-11,710118.0,222713.0,1620971.0,2269724.0,313712.0
2025-09-12,728873.0,222336.0,1632027.0,2272688.0,314055.0
2025-09-15,747644.0,223228.0,1636867.0,2275957.0,314578.0
2025-09-16,749281.0,223489.0,1644243.0,2278895.0,315033.0
2025-09-17,730258.0,225964.0,1640246.0,2282892.0,315752.0
2025-09-18,736065.0,226958.0,1653115.0,2282815.0,316012.0
2025-09-19,725519.0,228583.0,1664498.0,2279248.0,316307.0
2025-09-22,735608.0,229798.0,1676480.0,2283597.0,320831.0
2025-09-23,749213.0,231004.0,1686817.0,2280923.0,321426.0
2025-09-24,751971.0,231714.0,1686720.0,2279154.0,321831.0
2025-09-25,759952.0,233260.0,1689312.0,2281561.0,321696.0
2025-09-26,758974.0,233496.0,1677283.0,2281947.0,321913.0
2025-09-29,768085.0,232689.0,1685836.0,2274862.0,321818.0
2025-09-30,764474.0,233055.0,1696543.0,2246255.0,321926.0
2025-10-01,765301.0,231600.0,1711870.0,2260071.0,322451.0
2025-10-02,731359.0,231618.0,1731792.0,2274420.0,323385.0
2025-10-10,763225.0,230622.0,1762286.0,2279055.0,323885.0
2025-10-13,801901.0,230871.0,1737742.0,2278363.0,323812.0
2025-10-14,799749.0,233755.0,1749453.0,2274282.0,324418.0
2025-10-15,786514.0,236415.0,1760345.0,2275330.0,324657.0
2025-10-16,765374.0,235815.0,1784173.0,2279862.0,324858.0
2025-10-17,783145.0,236895.0,1791183.0,2270703.0,325391.0
2025-10-20,806257.0,238621.0,1808201.0,2273654.0,326223.0
2025-10-21,803298.0,237235.0,1822398.0,2277311.0,325952.0
2025-10-22,804803.0,240377.0,1834443.0,2286736.0,326336.0
2025-10-23,801684.0,242113.0,1832385.0,2292741.0,325761.0
2025-10-24,794825.0,244404.0,1856926.0,2291206.0,327565.0
2025-10-27,810911.0,245752.0,1884839.0,2292548.0,327723.0
2025-10-28,838731.0,246115.0,1897831.0,2292676.0,328263.0
2025-10-29,859159.0,248787.0,1917200.0,2294090.0,328621.0
2025-10-30,857136.0,250564.0,1921617.0,2288930.0,329555.0
2025-10-31,854569.0,253064.0,1916976.0,2268668.0,328837.0
2025-11-03,867704.0,252369.0,1948776.0,2271888.0,329156.0
2025-11-04,868220.0,252862.0,1944865.0,2274224.0,329492.0
2025-11-05,882709.0,255914.0,1915494.0,2268617.0,329301.0
2025-11-06,869557.0,256371.0,1928608.0,2264356.0,328868.0
2025-11-07,857222.0,259846.0,1913779.0,2260529.0,327860.0
2025-11-10,831097.0,258829.0,1935381.0,2260059.0,325635.0
2025-11-11,830304.0,257546.0,1966317.0,2248369.0,327324.0
2025-11-12,824686.0,257690.0,1977239.0,2242870.0,327843.0
2025-11-13,825845.0,260015.0,1984220.0,2235991.0,327837.0
2025-11-14,827246.0,261453.0,1937467.0,2227169.0,328355.0
2025-11-17,859448.0,263491.0,1956417.0,2218552.0,330720.0
2025-11-18,796615.0,265481.0,1934135.0,2221508.0,330983.0
2025-11-19,800276.0,265946.0,1923568.0,2214574.0,331205.0
2025-11-20,782121.0,266023.0,1946967.0,2208861.0,331690.0
2025-11-21,788263.0,265248.0,1906430.0,2208080.0,331558.0
2025-11-24,801953.0,265155.0,1916539.0,2205637.0,331977.0
2025-11-25,756223.0,264169.0,1946235.0,2207644.0,332528.0
2025-11-26,779546.0,262609.0,1969311.0,2208930.0,333144.0
2025-11-27,774712.0,262164.0,1981859.0,2205988.0,333528.0
2025-11-28,779120.0,262235.0,1986250.0,2205816.0,333957.0
2025-12-01,801767.0,263597.0,1993610.0,2192652.0,335162.0
2025-12-02,770673.0,265692.0,2007547.0,2192199.0,335233.0
2025-12-03,769644.0,265935.0,2019546.0,2189655.0,335473.0
2025-12-04,774070.0,266648.0,2023931.0,2186214.0,335921.0
2025-12-05,781371.0,268477.0,2042494.0,2179658.0,335907.0
2025-12-08,793860.0,271251.0,2053139.0,2175814.0,336176.0
2025-12-09,805754.0,271034.0,2049701.0,2172831.0,336340.0
2025-12-10,805665.0,271761.0,2045102.0,2170872.0,336445.0
2025-12-11,816415.0,271616.0,2046730.0,2163740.0,337207.0
2025-12-12,839419.0,270950.0,2054390.0,2161077.0,337807.0
2025-12-15,828647.0,271739.0,2026296.0,2161797.0,339516.0
2025-12-16,843528.0,270970.0,2006040.0,2165229.0,339678.0
2025-12-17,835263.0,272943.0,2029564.0,2171160.0,339941.0
2025-12-18,817107.0,271086.0,2004010.0,2166862.0,339488.0
2025-12-19,810344.0,270341.0,2020910.0,2155129.0,339727.0
2025-12-22,817196.0,270097.0,2057006.0,2162595.0,340656.0
2025-12-23,810769.0,270002.0,2069389.0,2161554.0,340866.0
2025-12-24,833040.0,270369.0,2058165.0,2146859.0,340103.0
2025-12-26,854251.0,270103.0,2064550.0,2148399.0,339709.0
2025-12-29,864758.0,270560.0,2084652.0,2141568.0,339442.0
2025-12-30,873986.0,270241.0,2085773.0,2136878.0,340218.0
2026-01-02,895211.0,271840.0,2097151.0,2137849.0,342714.0
2026-01-05,891304.0,273878.0,2133110.0,2152430.0,344730.0
2026-01-06,886339.0,274568.0,2154046.0,2161841.0,345781.0
2026-01-07,897650.0,276277.0,2169401.0,2168705.0,346499.0
2026-01-08,928537.0,279450.0,2177216.0,2170700.0,347154.0
2026-01-09,888720.0,281037.0,2188240.0,2180581.0,346866.0
2026-01-12,889881.0,282804.0,2215973.0,2184156.0,347612.0
2026-01-13,880489.0,283147.0,2232923.0,2185236.0,348154.0
2026-01-14,893099.0,283510.0,2241101.0,2187457.0,348349.0
2026-01-15,926031.0,285016.0,2249187.0,2185293.0,348047.0
2026-01-16,912182.0,286904.0,2266267.0,2190994.0,350466.0
2026-01-19,938623.0,287513.0,2291702.0,2192021.0,350746.0
2026-01-20,955260.0,286807.0,2301268.0,2192915.0,351910.0
2026-01-21,963317.0,288292.0,2281790.0,2194017.0,350951.0
2026-01-22,957276.0,286649.0,2310616.0,2192929.0,351340.0
2026-01-23,938095.0,287650.0,2331990.0,2192617.0,352984.0
2026-01-26,975405.0,290911.0,2322843.0,2195269.0,351989.0
2026-01-27,1002826.0,289847.0,2366163.0,2195070.0,352111.0
2026-01-28,1033623.0,292830.0,2412299.0,2186087.0,352054.0
2026-01-29,1037072.0,297586.0,2440706.0,2186286.0,352555.0
2026-01-30,1060325.0,298946.0,2455759.0,2179867.0,354803.0
2026-02-02,1112965.0,300562.0,2420486.0,2173863.0,357715.0
2026-02-03,1055845.0,301102.0,2493145.0,2179726.0,357312.0
2026-02-04,1008172.0,305174.0,2521038.0,2176674.0,357368.0
2026-02-05,1048667.0,303712.0,2477905.0,2177220.0,358333.0
2026-02-06,1090099.0,306707.0,2461187.0,2176199.0,359114.0
2026-02-09,985905.0,311809.0,2536887.0,2169001.0,359804.0
2026-02-10,952996.0,311398.0,2548878.0,2168192.0,361128.0
2026-02-11,981634.0,308947.0,2552832.0,2169988.0,362064.0
2026-02-12,1030184.0,310414.0,2594843.0,2166264.0,362238.0
2026-02-13,992736.0,310528.0,2577804.0,2163654.0,363567.0
2026-02-19,1065701.0,311635.0,2634008.0,2166985.0,364663.0
2026-02-20,1041291.0,312034.0,2664812.0,2170305.0,364980.0
2026-02-23,1082901.0,312657.0,2672970.0,2167651.0,365834.0
2026-02-24,1079032.0,315060.0,2695545.0,2170057.0,365758.0
2026-02-25,1094677.0,316661.0,2728265.0,2175507.0,366772.0
2026-02-26,1194832.0,319031.0,2795823.0,2177228.0,366598.0
2026-02-27,1187488.0,321881.0,2797076.0,2178005.0,370080.0
2026-03-03,1298188.0,323077.0,2716925.0,2172407.0,370739.0
2026-03-04,1320682.0,326804.0,2548803.0,2178090.0,370404.0
2026-03-05,1308873.0,331660.0,2694342.0,2173837.0,371818.0
2026-03-06,1299574.0,322895.0,2705110.0,2165550.0,372326.0
2026-03-09,1274218.0,312139.0,2623946.0,2162558.0,372539.0
2026-03-10,1255844.0,313120.0,2690042.0,2161074.0,373487.0
2026-03-11,1190280.0,312708.0,2708413.0,2160677.0,374274.0
2026-03-12,1201462.0,316560.0,2722528.0,2164152.0,375062.0
2026-03-13,1196961.0,321986.0,2701219.0,2156000.0,376016.0
2026-03-16,1178012.0,327337.0,2711583.0,2153618.0,377503.0
2026-03-17,1147783.0,328480.0,2739794.0,2156788.0,378321.0
2026-03-18,1122807.0,330142.0,2796928.0,2159889.0,379203.0
2026-03-19,1156443.0,328375.0,2762860.0,2163790.0,383986.0
2026-03-20,1206968.0,327852.0,2771792.0,2161475.0,383129.0
2026-03-23,1218992.0,328820.0,2678431.0,2157571.0,383522.0
2026-03-24,1197600.0,329594.0,2717992.0,2155075.0,384235.0
2026-03-25,1088498.0,325733.0,2755593.0,2153130.0,385363.0
2026-03-26,1115790.0,323054.0,2724426.0,2148939.0,385843.0
2026-03-27,1128373.0,323405.0,2705838.0,2144478.0,385832.0
2026-03-30,1110742.0,321593.0,2658723.0,2136209.0,386513.0
2026-03-31,1102890.0,324787.0,2608904.0,2116686.0,386717.0
2026-04-01,1116766.0,325370.0,2736387.0,2114683.0,388165.0
2026-04-02,1085740.0,322911.0,2698331.0,2122519.0,388552.0
2026-04-03,1090165.0,320148.0,2744369.0,2131841.0,391930.0
2026-04-06,1074674.0,324043.0,2759982.0,2130694.0,393534.0
2026-04-07,1089215.0,322323.0,2773656.0,2129103.0,393954.0
2026-04-08,1098332.0,323087.0,2854281.0,2130065.0,394551.0
2026-04-09,1128070.0,322979.0,2859304.0,2135144.0,395902.0
2026-04-10,1153642.0,324809.0,2877664.0,2136547.0,397074.0
2026-04-13,1161075.0,327931.0,2874529.0,2137468.0,399157.0
2026-04-14,1176725.0,328583.0,2915889.0,2139171.0,400262.0
2026-04-15,1171651.0,329307.0,2955967.0,2139225.0,401306.0
2026-04-16,1190743.0,334500.0,2986766.0,2144416.0,403022.0
2026-04-17,1205855.0,336070.0,2985972.0,2145223.0,404153.0
2026-04-20,1218173.0,338375.0,3012113.0,2144778.0,405577.0
2026-04-21,1212861.0,342740.0,3047854.0,2146127.0,406133.0
2026-04-22,1225381.0,343875.0,3059218.0,2148117.0,406517.0
2026-04-23,1260351.0,346493.0,3091668.0,2146566.0,407929.0
2026-04-24,1256869.0,350318.0,3094351.0,2143852.0,409266.0
2026-04-27,1259503.0,350870.0,3145672.0,2148860.0,410728.0
2026-04-28,1274134.0,352323.0,3171638.0,2152187.0,413430.0
2026-04-29,1297321.0,355943.0,3176425.0,2147717.0,413395.0
2026-04-30,1247591.0,352383.0,3166184.0,2152552.0,415587.0
2026-05-04,1248406.0,353578.0,3253636.0,2150918.0,415573.0
2026-05-06,1307434.0,349635.0,3351581.0,2150706.0,418078.0
2026-05-07,1369890.0,350271.0,3385379.0,2152979.0,420376.0
2026-05-08,1352992.0,354341.0,3377923.0,2160863.0,420532.0
2026-05-11,1340987.0,354644.0,3471293.0,2160870.0,422811.0
2026-05-12,1374174.0,357127.0,3459481.0,2157876.0,423637.0
2026-05-13,1371201.0,355024.0,3501476.0,2159317.0,425221.0
2026-05-14,1335088.0,358970.0,3551912.0,2160691.0,427639.0
2026-05-15,1328597.0,359886.0,3456379.0,2166876.0,427412.0
2026-05-18,1329853.0,358122.0,3451859.0,2170965.0,429016.0
2026-05-19,1269599.0,352868.0,3401438.0,2164521.0,430303.0
2026-05-20,1256440.0,356542.0,3381521.0,2174460.0,430705.0
2026-05-21,1223819.0,358960.0,3561025.0,2175805.0,434929.0
2026-05-22,1212452.0,357919.0,3603443.0,2176118.0,435740.0
2026-05-26,1245769.0,356870.0,3660642.0,2177666.0,438726.0
2026-05-27,1285750.0,361111.0,3700226.0,2183954.0,441678.0
2026-05-28,1311318.0,364593.0,3689807.0,2176821.0,442484.0
2026-05-29,1315856.0,374189.0,3753755.0,2172029.0,444348.0
2026-06-01,1325993.0,370937.0,3808099.0,2167218.0,447579.0
2026-06-02,1368111.0,371092.0,3795419.0,2171299.0,450364.0
2026-06-04,1396948.0,371166.0,3802920.0,2168816.0,451301.0
2026-06-05,1342344.0,372282.0,3705956.0,2168068.0,451156.0
2026-06-08,1363847.0,371752.0,3481545.0,2165281.0,449757.0
2026-06-09,1301189.0,373296.0,3644616.0,2165497.0,455120.0
2026-06-10,1276066.0,361901.0,3567731.0,2164777.0,453526.0
2026-06-11,1273718.0,360752.0,3562616.0,2166370.0,454171.0
2026-06-12,1210566.0,363029.0,3688762.0,2162677.0,456652.0
2026-06-15,1205817.0,364871.0,3784599.0,2160734.0,459553.0
2026-06-16,1245517.0,367993.0,3835848.0,2157951.0,461894.0
2026-06-17,1246320.0,371989.0,3849955.0,2158651.0,463660.0
2026-06-18,1284086.0,373776.0,3881249.0,2152746.0,465907.0
2026-06-19,1293535.0,378694.0,3899661.0,2152318.0,467510.0
2026-06-22,1321857.0,379189.0,3921335.0,2152872.0,470303.0
2026-06-23,1368314.0,374860.0,3702611.0,2151846.0,467234.0
2026-06-24,1365527.0,380158.0,3707181.0,2148836.0,469067.0
2026-06-25,1269924.0,374533.0,3814842.0,2149170.0,473141.0
2026-06-26,1266049.0,371754.0,3718194.0,2145748.0,472301.0
2026-06-29,1324697.0,372105.0,3720989.0,2132478.0,473923.0
2026-06-30,1216340.0,367352.0,3788548.0,2124247.0,477862.0
2026-07-01,1200837.0,367436.0,3800163.0,2116674.0,477182.0
2026-07-02,1199264.0,371073.0,3609727.0,2140711.0,473238.0
2026-07-03,1182594.0,371770.0,3663814.0,2138232.0,476188.0
2026-07-06,1122082.0,370582.0,3665224.0,2136385.0,478187.0
2026-07-07,1123260.0,364704.0,3585061.0,2145678.0,475974.0
2026-07-08,1108744.0,366113.0,3436439.0,2144306.0,473100.0
2026-07-09,1071279.0,360668.0,3473051.0,2153801.0,474383.0
2026-07-10,1055758.0,350341.0,3545711.0,2151736.0,474884.0
2026-07-13,1090116.0,342670.0,3390201.0,2149699.0,470364.0
2026-07-14,1112825.0,341910.0,3371475.0,2152355.0,470705.0
2026-07-15,1098670.0,338502.0,3498638.0,2145040.0,473529.0
2026-07-16,1080819.0,328598.0,3376675.0,2140383.0,468978.0
2026-07-20,1125190.0,328456.0,3257769.0,2135676.0,467099.0
2026-07-21,1066930.0,330690.0,3309653.0,2135703.0,469388.0
2026-07-22,1038766.0,325660.0,3350823.0,2135317.0,469955.0
2026-07-23,1042975.0,322815.0,3416604.0,2133752.0,470683.0
2026-07-24,1056371.0,322031.0,3294473.0,2134686.0,469678.0
2026-07-27,1091675.0,322700.0,3301642.0,2135030.0,471097.0
2026-07-28,1071995.0,327153.0,3116424.0,2138420.0,465126.0
2026-07-29,1095926.0,325230.0,3010171.0,2141861.0,462917.0
2026-07-30,1046584.0,316853.0,2949685.0,2135698.0,460881.0
2026-07-31,1041354.0,285221.0,3226220.0,2131574.0,470229.0
2026-08-03,1028256.0,270507.0,3181839.0,2127952.0,466702.0
2026-08-04,1104071.0,270204.0,3230202.0,2121585.0,466987.0
2026-08-05,1032125.0,280277.0,3329661.0,2122860.0,467687.0
2026-08-06,1040712.0,283873.0,3252354.0,2126962.0,464970.0
2026-08-07,1042064.0,288159.0,3237833.0,2123927.0,464380.0
2026-08-10,1007180.0,295916.0,3290477.0,2124793.0,465304.0
2026-08-11,979289.0,296106.0,3294119.0,2130072.0,465927.0
2026-08-12,999765.0,299776.0,3355158.0,2126864.0,468242.0
2026-08-13,1000684.0,304878.0,3432429.0,2133434.0,470590.0
2026-08-14,1007103.0,304344.0,3479842.0,2134374.0,471933.0
2026-08-18,1047551.0,306686.0,3442287.0,2129679.0,472291.0
2026-08-19,1065750.0,308723.0,3319968.0,2132104.0,469636.0
2026-08-20,1053543.0,314480.0,3398085.0,2132738.0,473669.0
2026-08-21,1007457.0,319785.0,3387554.0,2138899.0,474654.0
2026-08-24,1030137.0,321881.0,3342430.0,2135850.0,475683.0
2026-08-25,1025342.0,324022.0,3352324.0,2135443.0,475782.0
2026-08-26,989177.0,326661.0,3375869.0,2138277.0,476297.0
2026-08-27,967091.0,328996.0,3411811.0,2137339.0,477510.0
2026-08-28,998138.0,329038.0,3390549.0,2129215.0,475984.0
2026-08-31,997044.0,328139.0,3381378.0,2128536.0,475754.0
2026-09-01,981691.0,329897.0,3379421.0,2121508.0,476149.0
2026-09-02,1022672.0,330074.0,3298018.0,2122614.0,473842.0
2026-09-03,977615.0,331086.0,3292374.0,2123013.0,473420.0
2026-09-04,935500.0,331660.0,3332080.0,2121558.0,475088.0
2026-09-07,939258.0,327639.0,3401180.0,2124609.0,476965.0
2026-09-08,969863.0,323185.0,3395748.0,2130740.0,477295.0
2026-09-09,1028462.0,319898.0,3419611.0,2131803.0,477062.0
2026-09-10,1076573.0,319317.0,3407919.0,2134060.0,476501.0
2026-09-11,1070560.0,318449.0,3363519.0,2132263.0,474665.0
2026-09-14,1068179.0,321949.0,3320212.0,2129544.0,472732.0
2026-09-15,1053275.0,324146.0,3306513.0,2131733.0,472847.0
2026-09-16,995749.0,326598.0,3334787.0,2135159.0,474247.0
2026-09-17,974938.0,326569.0,3345273.0,2138262.0,474030.0
2026-09-18,983347.0,325002.0,3407866.0,2139340.0,476362.0
2026-09-21,981386.0,326421.0,3444466.0,2148642.0,477491.0
2026-09-22,1009826.0,324092.0,3455844.0,2149281.0,477179.0
2026-09-23,1016349.0,323671.0,3482210.0,2151178.0,477737.0
2026-09-28,1044892.0,324428.0,3440226.0,2150917.0,473851.0
