date,open,high,low,close,volume
2023-01-02,292.9,294.02,289.19,289.79,92544
2023-01-03,290.64,290.95,284.32,289.58,106623
2023-01-04,288.34,296.7,287.94,295.98,109947
2023-01-05,297.65,299.69,296.01,297.87,137287
2023-01-06,296.69,303.1,296.4,301.53,121021
2023-01-09,305.1,309.81,304.57,309.69,121175
2023-01-10,308.69,312.0,308.24,309.57,111372
2023-01-11,311.66,312.57,309.1,310.38,102603
2023-01-12,312.71,312.96,309.7,310.7,130719
2023-01-13,312.34,315.44,311.96,313.77,128647
2023-01-16,314.41,317.63,314.16,316.04,119827
2023-01-17,316.22,316.56,312.92,313.75,101245
2023-01-18,313.62,314.14,310.11,311.91,93051
2023-01-19,310.08,313.81,310.04,313.81,86249
2023-01-20,313.99,315.76,312.59,315.58,78972
2023-01-25,320.81,321.48,319.75,320.76,97521
2023-01-26,321.82,325.57,320.49,325.57,117869
2023-01-27,326.22,329.71,324.98,327.98,156158
2023-01-30,328.09,328.97,322.35,322.67,141804
2023-01-31,322.71,323.26,317.09,317.26,194663
2023-02-01,320.54,321.64,318.61,321.19,140522
2023-02-02,325.94,326.73,321.97,323.93,152767
2023-02-03,323.58,326.49,322.39,325.86,122862
2023-02-06,322.9,323.71,318.82,318.83,115869
2023-02-07,319.36,321.45,318.2,320.55,113209
2023-02-08,323.27,326.43,322.81,325.63,121204
2023-02-09,323.71,325.8,322.83,324.9,131430
2023-02-10,323.3,324.18,321.62,323.69,125806
2023-02-13,322.66,323.04,319.78,321.75,121922
2023-02-14,324.5,325.8,322.83,323.47,103204
2023-02-15,324.43,324.54,317.41,317.99,136827
2023-02-16,320.0,324.35,319.63,324.1,133653
2023-02-17,320.15,323.67,320.01,320.78,119733
2023-02-20,321.07,322.97,318.15,321.79,113034
2023-02-21,322.16,322.88,320.02,321.56,117781
2023-02-22,317.94,318.74,315.83,315.94,131261
2023-02-23,317.77,321.13,317.09,319.44,144600
2023-02-24,319.89,321.27,316.8,316.94,120132
2023-02-27,314.29,314.43,311.63,313.94,109326
2023-02-28,315.75,317.69,314.13,314.8,131220
2023-03-02,315.3,318.88,314.4,316.26,134687
2023-03-03,317.69,318.3,315.3,316.36,113904
2023-03-06,319.22,321.29,317.87,320.94,126068
2023-03-07,320.04,321.92,319.64,319.8,132306
2023-03-08,316.14,316.88,314.77,315.38,143257
2023-03-09,316.57,317.19,313.59,314.04,166457
2023-03-10,310.15,311.55,309.12,310.65,121793
2023-03-13,311.77,313.69,308.03,313.21,125378
2023-03-14,310.18,310.35,305.45,305.58,129873
2023-03-15,309.75,311.42,307.81,309.1,112057
2023-03-16,305.87,309.27,304.63,308.39,111884
2023-03-17,312.2,312.68,309.8,312.07,126075
2023-03-20,311.59,313.44,309.39,309.49,89484
2023-03-21,311.86,312.05,309.64,310.36,84166
2023-03-22,313.33,314.26,311.94,314.11,93689
2023-03-23,311.51,315.75,311.41,315.75,111563
2023-03-24,315.17,315.86,312.49,314.3,110749
2023-03-27,314.83,314.84,311.24,312.85,100987
2023-03-28,314.15,316.36,313.49,316.36,120383
2023-03-29,315.68,317.03,314.94,317.01,152849
2023-03-30,318.51,319.48,316.78,318.05,187349
2023-03-31,319.6,322.54,319.17,322.03,194245
2023-04-03,323.18,323.21,319.73,320.38,137961
2023-04-04,320.97,322.85,320.24,321.75,155303
2023-04-05,322.04,323.96,321.35,323.56,121196
2023-04-06,322.37,322.4,317.78,317.82,145369
2023-04-07,321.29,323.89,320.53,323.36,137011
2023-04-10,323.27,327.89,323.07,326.38,144408
2023-04-11,328.0,331.58,326.87,330.87,148445
2023-04-12,330.88,332.8,329.77,332.09,252055
2023-04-13,330.06,333.09,329.63,333.09,172637
2023-04-14,335.42,335.77,332.49,333.68,298774
2023-04-17,333.62,334.3,332.18,333.92,244966
2023-04-18,334.93,334.97,331.35,333.5,238294
2023-04-19,333.34,334.96,332.96,333.77,167722
2023-04-20,332.42,333.65,331.18,332.66,176356
2023-04-21,332.08,332.49,329.56,330.94,146585
2023-04-24,329.99,330.35,328.06,328.7,133289
2023-04-25,329.7,329.88,322.47,324.48,163595
2023-04-26,324.57,325.61,323.3,323.97,142149
2023-04-27,323.78,325.74,321.18,325.09,147057
2023-04-28,327.35,328.56,324.77,326.46,156836
2023-05-02,326.99,329.49,326.74,329.09,113910
2023-05-03,326.99,327.93,325.83,326.52,103771
2023-05-04,325.75,326.33,324.26,326.17,98920
2023-05-08,329.01,330.05,328.2,328.9,98841
2023-05-09,328.68,328.92,326.81,328.22,90984
2023-05-10,327.73,327.9,324.94,326.04,97557
2023-05-11,327.18,328.43,325.28,325.28,99133
2023-05-12,324.83,325.24,322.97,323.61,99540
2023-05-15,322.99,324.56,321.61,324.46,89271
2023-05-16,327.01,327.72,324.6,325.31,104621
2023-05-17,325.61,327.54,324.82,326.61,92270
2023-05-18,329.07,329.87,327.68,329.84,94714
2023-05-19,332.67,334.27,332.0,334.23,108741
2023-05-22,334.5,337.66,333.43,336.27,111138
2023-05-23,337.32,338.54,336.37,337.09,88884
2023-05-24,335.36,337.32,335.09,336.49,95146
2023-05-25,337.72,338.2,334.98,335.35,94201
2023-05-26,336.87,338.06,335.89,337.11,106705
2023-05-30,340.53,341.74,339.73,341.5,130053
2023-05-31,341.55,342.51,339.04,339.12,191232
2023-06-01,338.36,339.61,337.29,338.08,96806
2023-06-02,340.57,342.68,340.12,342.67,97314
2023-06-05,344.89,344.95,343.04,343.91,117539
2023-06-07,344.76,345.63,343.03,343.22,115841
2023-06-08,342.16,342.75,340.48,342.75,155259
2023-06-09,344.28,347.42,343.34,346.79,139698
2023-06-12,347.54,348.18,343.7,344.57,115930
2023-06-13,346.92,347.46,345.38,346.39,119446
2023-06-14,346.49,346.88,343.69,344.65,124558
2023-06-15,345.93,346.58,342.72,343.19,117106
2023-06-16,345.09,345.35,343.13,345.17,153589
2023-06-19,344.36,344.55,341.98,343.13,120263
2023-06-20,341.98,343.02,341.15,342.58,157399
2023-06-21,341.48,342.03,338.98,339.44,126950
2023-06-22,338.52,341.56,338.46,341.12,103389
2023-06-23,341.95,342.21,338.21,338.45,100436
2023-06-26,338.38,340.78,337.62,340.38,101453
2023-06-27,340.42,340.45,338.65,340.32,97622
2023-06-28,341.38,341.6,337.6,338.41,96687
2023-06-29,338.46,340.34,336.39,336.39,105439
2023-06-30,337.56,338.98,335.04,337.95,103950
2023-07-03,340.26,343.5,340.07,343.08,98770
2023-07-04,343.54,343.88,341.42,341.59,103849
2023-07-05,341.47,342.82,338.93,339.04,130507
2023-07-06,338.19,338.88,335.55,336.2,146367
2023-07-07,334.79,334.79,330.33,331.57,134887
2023-07-10,331.82,333.6,330.39,330.84,116841
2023-07-11,333.47,337.02,332.91,337.02,147277
2023-07-12,336.82,339.46,336.15,339.46,185296
2023-07-13,341.6,343.01,341.1,341.13,154057
2023-07-14,343.49,346.93,342.9,346.93,155035
2023-07-17,345.38,346.98,344.74,345.75,150886
2023-07-18,346.49,346.98,342.9,343.38,131143
2023-07-19,345.61,345.69,341.78,343.11,123777
2023-07-20,341.37,343.29,340.62,341.67,116380
2023-07-21,339.19,342.39,337.45,342.39,130846
2023-07-24,341.98,345.87,340.67,344.32,151454
2023-07-25,345.78,346.27,342.93,344.92,200892
2023-07-26,345.18,345.42,339.53,340.56,296537
2023-07-27,341.64,345.5,340.58,344.76,238862
2023-07-28,343.55,344.34,341.31,344.03,197316
2023-07-31,346.5,347.18,344.72,345.62,168148
2023-08-01,347.35,351.23,346.56,351.0,171253
2023-08-02,349.1,349.74,343.25,343.8,173994
2023-08-03,344.8,345.05,340.1,341.54,169191
2023-08-04,341.6,342.72,340.62,341.25,118844
2023-08-07,339.6,343.18,339.46,339.68,117858
2023-08-08,342.12,342.62,337.25,337.95,127774
2023-08-09,339.0,342.38,338.45,341.61,115524
2023-08-10,339.69,340.46,339.09,340.46,164734
2023-08-11,341.88,343.03,338.8,338.98,128908
2023-08-14,338.58,339.52,335.28,336.33,125087
2023-08-16,333.69,334.17,330.54,331.28,126660
2023-08-17,329.63,330.43,325.74,330.23,117990
2023-08-18,326.9,330.65,326.24,328.42,119156
2023-08-21,329.45,331.09,328.3,328.84,100072
2023-08-22,331.65,332.53,328.69,329.7,93981
2023-08-23,328.95,330.22,327.87,329.15,87579
2023-08-24,333.14,334.04,332.14,333.82,105020
2023-08-25,329.31,331.4,328.66,330.25,82420
2023-08-28,332.1,332.67,330.87,332.53,95136
2023-08-29,333.57,334.46,332.7,333.76,88518
2023-08-30,337.11,337.69,334.94,334.94,89255
2023-08-31,335.38,336.06,333.39,334.75,146249
2023-09-01,334.11,338.95,334.07,338.28,119774
2023-09-04,339.1,341.02,337.6,341.02,96695
2023-09-05,340.15,341.45,339.25,340.29,82753
2023-09-06,339.66,340.48,337.36,337.85,91706
2023-09-07,336.93,338.02,335.08,336.74,88385
2023-09-08,336.29,336.66,333.92,336.4,79833
2023-09-11,336.52,337.62,335.33,337.58,112565
2023-09-12,338.51,338.81,335.28,335.54,94676
2023-09-13,335.83,337.61,334.67,335.99,106779
2023-09-14,337.34,341.19,336.64,341.19,121377
2023-09-15,341.56,346.29,341.02,344.98,159760
2023-09-18,342.98,344.39,340.51,340.67,100512
2023-09-19,341.5,342.18,338.21,338.82,96051
2023-09-20,338.54,339.87,337.57,338.75,104346
2023-09-21,336.73,337.54,333.01,333.04,96329
2023-09-22,329.9,332.59,329.11,332.02,87028
2023-09-25,331.4,332.65,330.1,331.58,84400
2023-09-26,331.51,331.56,326.63,326.9,90025
2023-09-27,325.05,327.5,324.73,326.71,81603
2023-10-04,322.61,322.61,318.88,319.45,149155
2023-10-05,321.46,321.71,318.46,318.58,104523
2023-10-06,319.27,320.67,318.44,318.94,87539
2023-10-10,322.97,324.85,319.06,319.11,128817
2023-10-11,323.96,327.26,323.95,324.74,119112
2023-10-12,326.89,328.85,326.89,328.85,108820
2023-10-13,326.11,327.33,325.43,325.77,91775
2023-10-16,324.1,326.0,321.32,323.29,93097
2023-10-17,325.7,328.26,325.01,327.35,88461
2023-10-18,326.32,329.06,326.12,328.82,134130
2023-10-19,324.75,325.08,322.4,322.76,115714
2023-10-20,319.45,320.18,316.28,317.96,112714
2023-10-23,317.43,318.3,315.09,315.5,89162
2023-10-24,317.34,318.63,311.77,318.43,93256
2023-10-25,319.26,319.59,316.3,316.49,91218
2023-10-26,311.36,312.37,307.75,307.75,110774
2023-10-27,309.68,310.43,307.24,308.53,92934
2023-10-30,307.01,310.12,306.89,308.95,95848
2023-10-31,310.49,311.58,305.14,305.56,121721
2023-11-01,307.55,310.41,307.33,309.71,88982
2023-11-02,314.59,316.51,314.12,315.16,112376
2023-11-03,317.96,318.76,316.5,318.24,89968
2023-11-06,322.62,334.16,321.57,334.16,174432
2023-11-07,330.7,330.7,323.89,327.29,119879
2023-11-08,329.44,330.42,323.36,324.0,89899
2023-11-09,324.38,326.89,323.32,325.29,93288
2023-11-10,322.78,324.18,321.26,323.75,65664
2023-11-13,326.78,327.63,322.64,323.31,68730
2023-11-14,326.12,327.8,325.8,326.57,75471
2023-11-15,333.15,333.97,330.99,333.96,117057
2023-11-16,333.52,334.9,332.16,334.31,80857
2023-11-17,332.91,333.71,331.16,332.06,72720
2023-11-20,331.3,335.56,331.05,334.23,73758
2023-11-21,336.12,337.75,335.64,336.57,80861
2023-11-22,334.08,337.56,333.46,336.81,72501
2023-11-23,337.46,338.02,335.79,336.91,72835
2023-11-24,337.26,337.88,334.0,334.0,73066
2023-11-27,334.42,336.04,332.58,333.67,72979
2023-11-28,335.15,337.65,334.49,337.52,97439
2023-11-29,336.64,337.1,334.34,336.62,88758
2023-11-30,335.61,338.43,334.9,338.43,169524
2023-12-01,336.71,336.73,334.41,334.8,95304
2023-12-04,337.2,337.76,335.63,336.14,90946
2023-12-05,335.21,335.27,332.61,332.85,93826
2023-12-06,334.3,335.47,333.45,333.45,86198
2023-12-07,332.95,333.96,331.42,332.67,85654
2023-12-08,335.33,337.27,334.91,336.6,72001
2023-12-11,337.68,338.21,335.77,337.93,80191
2023-12-12,339.42,340.69,338.81,339.77,96195
2023-12-13,339.09,339.46,336.54,336.68,74855
2023-12-14,341.97,342.68,339.39,341.33,156814
2023-12-15,343.43,345.68,342.94,343.99,144477
2023-12-18,344.36,344.51,342.23,343.5,126758
2023-12-19,343.18,344.15,342.17,343.95,165175
2023-12-20,346.67,350.4,346.22,350.11,213300
2023-12-21,348.25,349.78,346.7,348.78,128069
2023-12-22,351.68,352.33,349.15,349.15,114793
2023-12-26,350.57,351.16,349.0,350.43,109353
2023-12-27,350.05,352.46,348.93,352.46,129882
2023-12-28,352.75,357.99,352.01,357.99,108348
2024-01-02,356.43,361.53,355.96,360.55,106709
2024-01-03,356.74,356.82,351.2,351.2,117690
2024-01-04,349.1,350.76,347.13,348.07,103141
2024-01-05,348.22,348.87,346.32,347.22,82153
2024-01-08,348.17,349.39,345.48,345.58,78230
2024-01-09,350.01,350.2,343.0,343.81,94876
2024-01-10,344.21,345.06,340.26,340.66,95490
2024-01-11,340.32,342.79,339.93,340.28,163529
2024-01-12,339.79,341.05,337.22,338.22,86833
2024-01-15,338.61,340.54,337.66,339.24,86541
2024-01-16,337.76,338.74,334.22,334.73,94324
2024-01-17,335.51,336.06,326.06,326.11,134916
2024-01-18,326.88,328.78,325.1,327.13,98179
2024-01-19,331.6,333.27,330.63,332.99,102425
2024-01-22,335.76,336.15,332.63,332.63,92552
2024-01-23,334.87,335.12,332.23,334.97,95068
2024-01-24,334.45,334.66,331.01,333.27,100934
2024-01-25,333.2,334.19,331.37,333.8,101107
2024-01-26,331.99,337.67,331.28,334.21,86543
2024-01-29,335.68,340.51,334.66,337.84,114357
2024-01-30,340.96,341.62,337.08,337.48,128282
2024-01-31,335.5,337.2,335.15,336.24,126918
2024-02-01,335.89,342.48,335.89,342.41,243069
2024-02-02,345.1,353.44,344.94,353.43,212399
2024-02-05,352.7,352.96,344.95,349.15,189505
2024-02-06,348.23,350.43,345.52,347.8,132642
2024-02-07,349.8,354.71,348.96,352.25,246755
2024-02-08,353.44,354.96,352.0,353.29,192010
2024-02-13,356.85,358.68,356.1,357.38,156044
2024-02-14,351.52,353.77,350.62,352.69,120508
2024-02-15,355.83,356.02,351.21,351.21,121342
2024-02-16,354.19,355.58,352.17,355.52,121461
2024-02-19,356.4,361.32,356.4,360.88,139812
2024-02-20,359.53,359.92,355.07,356.92,119319
2024-02-21,357.07,358.81,354.69,356.04,109116
2024-02-22,358.87,358.97,355.86,357.67,128282
2024-02-23,360.4,362.72,358.18,358.57,133370
2024-02-26,356.75,357.14,352.91,355.48,140519
2024-02-27,356.39,356.42,352.02,352.76,137864
2024-02-28,353.06,357.51,352.31,356.79,127224
2024-02-29,355.38,356.46,353.29,355.57,187600
2024-03-04,358.99,361.98,358.48,361.1,152490
2024-03-05,359.39,362.54,357.59,357.59,134877
2024-03-06,356.01,357.25,354.52,356.25,123866
2024-03-07,357.8,358.61,354.96,356.82,120270
2024-03-08,360.87,362.72,360.01,361.71,117520
2024-03-11,359.31,360.94,358.2,358.34,120789
2024-03-12,359.95,362.0,357.88,361.11,125853
2024-03-13,363.15,364.43,361.26,363.04,133917
2024-03-14,363.85,366.68,363.5,366.68,266383
2024-03-15,364.12,364.67,359.39,359.39,201924
2024-03-18,360.74,361.77,358.53,361.31,120544
2024-03-19,359.03,359.07,355.51,357.33,147010
2024-03-20,361.07,363.58,359.93,363.32,147686
2024-03-21,369.97,373.82,368.82,373.66,154726
2024-03-22,373.27,375.1,370.71,372.65,138509
2024-03-25,373.69,375.23,369.77,370.73,118921
2024-03-26,373.77,377.83,373.18,374.6,135107
2024-03-27,372.58,375.33,372.48,374.08,147627
2024-03-28,373.78,374.8,372.23,373.22,134092
2024-03-29,375.04,375.56,372.77,374.63,136759
2024-04-01,377.66,378.29,374.19,374.28,117501
2024-04-02,374.16,377.29,373.44,376.34,149554
2024-04-03,373.09,373.63,369.72,369.72,155081
2024-04-04,374.45,376.2,373.39,375.61,129761
2024-04-05,371.51,374.13,370.2,371.57,160477
2024-04-08,372.62,373.96,371.6,372.51,117623
2024-04-09,374.66,375.47,369.96,370.27,124592
2024-04-11,364.53,372.49,364.18,370.72,147049
2024-04-12,371.2,371.43,366.48,367.25,163654
2024-04-15,364.28,365.74,361.01,365.31,122918
2024-04-16,361.51,362.05,355.2,356.67,137545
2024-04-17,358.21,359.11,352.79,352.79,108346
2024-04-18,354.25,360.33,353.48,359.06,155192
2024-04-19,353.9,355.37,347.12,352.58,163740
2024-04-22,355.68,357.48,353.72,356.89,152400
2024-04-23,357.56,358.83,355.86,355.98,131149
2024-04-24,361.66,364.07,361.34,363.6,115524
2024-04-25,359.05,360.57,356.51,356.51,107773
2024-04-26,360.18,362.08,358.98,361.02,154221
2024-04-29,363.71,364.73,362.13,364.48,145791
2024-04-30,365.17,367.94,364.2,365.13,130227
2024-05-02,363.37,365.69,363.37,364.31,107165
2024-05-03,367.57,367.91,363.58,363.58,90444
2024-05-07,370.06,372.8,369.85,372.8,157573
2024-05-08,372.32,374.12,371.58,374.09,126970
2024-05-09,373.7,374.46,368.76,368.83,146397
2024-05-10,372.73,373.8,370.41,371.08,141852
2024-05-13,372.1,373.04,368.79,370.99,204946
2024-05-14,371.69,372.12,369.9,371.04,124260
2024-05-16,377.33,378.05,373.93,374.6,182170
2024-05-17,374.43,374.69,370.46,370.58,123112
2024-05-20,373.2,375.7,372.22,373.68,154406
2024-05-21,372.39,373.07,370.9,371.55,119552
2024-05-22,371.14,372.69,368.72,371.41,139386
2024-05-23,370.85,373.72,368.9,371.62,136077
2024-05-24,367.35,367.69,365.27,366.08,127064
2024-05-27,366.98,371.86,366.29,371.16,216890
2024-05-28,369.71,372.34,369.58,371.33,144572
2024-05-29,371.04,371.53,364.96,364.96,151671
2024-05-30,363.33,363.51,358.7,358.7,124276
2024-05-31,362.02,362.81,358.12,358.21,234124
2024-06-03,361.66,367.01,361.61,365.48,174455
2024-06-04,363.37,365.07,362.23,362.52,169152
2024-06-05,365.64,367.76,363.39,366.44,152838
2024-06-07,370.8,372.81,368.57,371.39,126620
2024-06-10,367.76,370.35,366.35,367.46,116151
2024-06-11,369.61,369.9,367.15,367.71,127514
2024-06-12,368.43,371.71,367.9,371.12,134892
2024-06-13,376.93,378.81,374.65,374.75,249137
2024-06-14,375.76,377.68,374.5,376.0,173199
2024-06-17,375.42,376.57,373.32,373.86,130798
2024-06-18,377.07,378.72,376.12,377.73,158166
2024-06-19,381.28,383.72,381.21,383.01,168566
2024-06-20,383.86,385.76,382.66,384.78,147360
2024-06-21,382.37,382.92,379.65,380.88,175208
2024-06-24,378.92,380.47,377.15,378.39,126699
2024-06-25,378.12,380.94,378.12,379.85,132673
2024-06-26,378.52,383.06,377.87,383.01,125396
2024-06-27,378.98,382.27,378.06,382.27,125574
2024-06-28,383.5,384.02,381.49,384.02,122282
2024-07-01,383.1,384.75,382.07,384.34,110257
2024-07-02,383.33,384.66,380.74,381.2,133140
2024-07-03,383.18,383.48,379.89,383.23,122483
2024-07-04,386.82,388.53,385.91,388.53,148763
2024-07-05,390.51,396.42,390.49,395.47,153441
2024-07-08,395.62,396.9,394.02,394.47,127694
2024-07-09,396.59,396.92,393.31,395.79,148083
2024-07-10,395.01,396.08,394.02,395.6,131879
2024-07-11,398.82,400.31,396.69,398.52,163312
2024-07-12,394.49,395.23,390.43,392.29,174145
2024-07-15,394.09,395.39,391.39,393.84,165532
2024-07-16,393.8,396.18,393.2,395.31,164805
2024-07-17,394.93,395.48,391.22,391.55,197253
2024-07-18,385.24,389.0,384.53,389.0,269874
2024-07-19,385.02,385.71,381.21,383.89,127880
2024-07-22,383.44,384.25,378.06,379.84,127340
2024-07-23,383.8,384.91,380.4,381.65,151505
2024-07-24,378.58,381.95,377.38,378.66,137359
2024-07-25,372.91,374.0,370.53,371.26,156498
2024-07-26,373.44,375.19,371.74,374.2,195050
2024-07-29,376.85,380.44,375.87,378.73,146379
2024-07-30,375.39,376.47,373.54,374.87,139029
2024-07-31,376.01,380.49,374.01,380.49,151711
2024-08-01,383.68,384.54,380.47,380.54,123739
2024-08-02,371.76,372.84,363.89,365.17,155244
2024-08-05,355.28,355.28,324.52,331.86,263543
2024-08-06,345.63,350.72,338.2,341.73,205544
2024-08-07,340.91,352.72,340.08,349.09,159269
2024-08-08,343.26,348.89,341.56,346.7,159523
2024-08-09,353.82,353.86,349.73,351.52,125052
2024-08-12,353.64,356.6,353.25,355.61,98129
2024-08-13,356.97,358.69,354.7,357.02,110037
2024-08-14,361.11,362.07,358.88,360.39,103713
2024-08-16,368.35,369.36,366.27,369.11,125765
2024-08-19,369.09,369.13,364.01,365.52,106594
2024-08-20,369.39,370.67,367.64,368.99,105935
2024-08-21,367.09,369.02,366.53,368.22,107344
2024-08-22,369.71,369.81,366.64,369.1,103891
2024-08-23,366.78,369.79,366.4,367.91,96374
2024-08-26,370.01,370.36,365.26,366.31,114476
2024-08-27,365.94,366.35,363.62,364.56,95285
2024-08-28,364.76,365.4,362.06,365.28,119870
2024-08-29,359.58,361.59,358.23,360.1,121370
2024-08-30,362.21,363.55,361.11,361.55,135280
2024-09-02,362.57,363.1,358.39,362.09,100649
2024-09-03,362.0,363.87,358.8,358.8,105622
2024-09-04,348.19,351.04,346.3,346.66,138921
2024-09-05,348.96,351.36,344.09,345.92,139085
2024-09-06,346.14,346.25,340.08,342.37,107604
2024-09-09,335.79,341.44,334.57,340.18,99146
2024-09-10,340.68,341.5,338.15,338.48,104431
2024-09-11,338.08,338.32,332.72,335.65,124649
2024-09-12,340.94,343.85,339.23,343.85,144257
2024-09-13,343.47,345.27,342.05,343.69,104055
2024-09-19,345.58,346.24,338.56,343.28,154544
2024-09-20,346.77,348.89,344.54,344.67,171811
2024-09-23,345.01,346.14,343.67,345.78,116062
2024-09-24,347.19,349.61,344.75,349.61,122751
2024-09-25,352.51,354.09,344.56,344.56,156600
2024-09-26,350.68,356.44,350.44,356.44,139542
2024-09-27,356.93,358.71,353.93,353.93,142245
2024-09-30,355.83,356.29,344.76,344.76,142545
2024-10-02,340.76,344.83,339.53,340.72,133719
2024-10-04,341.09,344.29,339.88,341.74,127723
2024-10-07,342.63,347.75,340.19,347.34,141506
2024-10-08,344.73,345.87,342.89,344.23,122994
2024-10-10,347.02,347.55,344.82,345.21,172693
2024-10-11,347.17,348.77,345.17,345.45,108867
2024-10-14,346.48,350.56,346.48,349.74,107005
2024-10-15,351.04,351.46,348.66,351.07,118796
2024-10-16,346.34,349.11,345.54,347.26,133288
2024-10-17,348.84,349.18,346.32,347.73,146934
2024-10-18,348.59,349.24,344.72,345.42,106415
2024-10-21,346.25,348.62,345.12,346.62,103207
2024-10-22,346.16,346.73,341.55,342.09,126783
2024-10-23,342.44,347.75,341.24,346.27,123455
2024-10-24,344.61,345.97,342.67,342.88,124376
2024-10-25,345.04,347.25,342.34,343.37,132302
2024-10-28,344.07,347.53,343.74,347.27,120391
2024-10-29,346.59,348.28,344.56,348.28,134509
2024-10-30,346.65,347.79,343.85,345.0,128038
2024-10-31,342.2,343.3,339.18,339.32,147442
2024-11-01,337.56,339.93,336.58,337.49,104589
2024-11-04,338.42,343.6,337.8,343.6,99332
2024-11-05,340.72,342.88,339.78,341.47,88170
2024-11-06,343.52,343.81,337.61,340.61,132090
2024-11-07,339.69,343.02,337.76,340.87,167225
2024-11-08,343.78,344.56,338.82,339.71,139532
2024-11-11,338.62,338.62,333.76,334.64,168968
2024-11-12,333.67,334.3,327.07,327.31,173529
2024-11-13,325.38,327.2,318.58,318.84,171262
2024-11-14,320.32,321.87,316.99,317.7,213656
2024-11-15,318.19,322.58,316.14,320.53,177516
2024-11-18,324.74,330.32,324.07,328.44,159108
2024-11-19,328.17,329.76,327.25,328.11,141856
2024-11-20,328.73,330.33,327.58,329.02,109860
2024-11-21,327.74,331.81,327.67,329.49,116359
2024-11-22,331.2,334.0,330.84,332.36,113347
2024-11-25,335.66,337.81,334.14,336.63,213359
2024-11-26,334.79,336.16,334.08,335.6,133015
2024-11-27,334.85,335.63,331.56,332.32,121769
2024-11-28,331.6,333.27,330.89,331.45,102689
2024-11-29,330.18,330.3,323.55,325.45,134813
2024-12-02,328.47,328.89,324.49,325.34,117601
2024-12-03,327.45,331.6,327.45,331.44,129914
2024-12-04,324.38,329.01,323.9,326.59,217710
2024-12-05,327.44,327.44,322.8,323.87,144867
2024-12-06,325.18,326.21,317.7,322.07,156241
2024-12-09,317.3,318.7,313.51,313.74,151027
2024-12-10,317.02,321.11,317.0,320.79,139126
2024-12-11,319.56,323.99,319.36,323.86,104236
2024-12-12,325.84,330.1,324.79,329.04,173967
2024-12-13,328.14,331.67,327.46,330.49,115703
2024-12-16,332.92,333.59,328.63,329.61,108947
2024-12-17,329.25,329.38,324.9,325.25,125129
2024-12-18,326.0,330.9,325.9,329.72,96323
2024-12-19,321.42,324.37,321.11,322.38,104149
2024-12-20,321.38,321.8,315.82,318.33,124964
2024-12-23,321.0,324.0,319.77,322.98,100605
2024-12-24,324.11,324.5,321.86,323.39,78513
2024-12-26,324.48,324.48,321.42,321.45,92611
2024-12-27,320.24,321.3,316.91,319.03,86737
2024-12-30,318.13,322.2,316.94,317.82,73580
2025-01-02,317.68,319.01,315.82,317.77,91346
2025-01-03,318.26,326.06,318.04,324.0,110730
2025-01-06,325.82,331.61,324.89,331.52,102034
2025-01-07,335.46,336.6,330.89,330.89,133145
2025-01-08,328.98,336.02,328.98,334.95,139753
2025-01-09,336.11,338.12,334.77,335.4,145224
2025-01-10,336.6,337.61,333.39,334.55,139733
2025-01-13,333.1,334.1,329.53,330.31,116773
2025-01-14,331.46,332.12,328.85,330.74,115654
2025-01-15,332.83,335.11,330.28,330.97,155699
2025-01-16,335.7,336.72,334.64,335.73,136040
2025-01-17,334.71,336.14,333.29,335.09,133721
2025-01-20,336.31,336.79,333.42,333.94,111673
2025-01-21,336.12,338.7,333.02,334.44,124962
2025-01-22,336.95,339.51,335.19,338.76,164366
2025-01-23,337.56,337.81,334.5,334.5,127009
2025-01-24,336.17,338.18,335.18,336.74,118264
2025-01-31,336.45,337.15,330.2,333.36,175543
2025-02-03,326.44,326.8,322.31,324.55,159273
2025-02-04,328.58,332.75,327.27,328.72,151264
2025-02-05,332.05,333.66,330.96,332.47,127450
2025-02-06,334.31,336.53,332.98,336.53,168942
2025-02-07,335.92,336.36,333.41,333.89,148409
2025-02-10,332.06,335.34,330.65,334.5,146816
2025-02-11,335.94,338.11,334.82,336.67,142326
2025-02-12,335.79,337.65,334.49,337.23,206175
2025-02-13,338.53,341.09,337.93,341.06,263552
2025-02-14,341.88,344.14,341.29,342.76,236983
2025-02-17,343.29,345.56,342.75,345.11,157274
2025-02-18,345.67,348.28,344.51,347.84,180448
2025-02-19,349.03,355.86,349.03,354.53,254873
2025-02-20,353.35,354.3,350.78,352.15,218103
2025-02-21,352.17,352.23,349.55,351.92,175178
2025-02-24,348.98,349.9,347.41,349.9,197136
2025-02-25,345.83,349.23,345.58,347.54,188692
2025-02-26,347.44,350.51,346.25,349.31,194199
2025-02-27,348.52,348.91,344.95,346.45,159512
2025-02-28,341.16,341.57,334.06,334.27,248795
2025-03-04,332.58,336.57,331.67,334.02,186963
2025-03-05,336.89,338.77,334.25,337.08,200032
2025-03-06,339.16,341.09,338.07,340.31,171061
2025-03-07,336.91,340.07,335.39,338.42,181959
2025-03-10,337.12,340.26,336.54,338.79,139470
2025-03-11,331.64,336.4,330.22,334.96,172616
2025-03-12,337.02,341.53,335.64,340.89,206774
2025-03-13,344.28,344.98,339.23,341.42,192148
2025-03-14,340.23,342.12,339.9,340.8,134252
2025-03-17,343.99,348.26,343.99,348.19,172178
2025-03-18,350.81,352.35,346.96,347.84,179405
2025-03-19,347.9,352.84,347.85,350.85,160934
2025-03-20,353.71,354.7,351.14,353.5,159035
2025-03-21,353.58,355.39,351.73,355.18,190587
2025-03-24,353.72,355.94,352.7,353.24,76872
2025-03-25,356.13,356.48,350.69,351.09,101789
2025-03-26,352.78,355.56,351.64,355.0,88169
2025-03-27,351.4,353.55,349.63,350.26,91600
2025-03-28,347.55,347.77,341.76,342.96,83734
2025-03-31,336.95,337.16,332.22,332.4,108930
2025-04-01,336.72,339.68,334.35,338.22,91635
2025-04-02,338.76,339.71,335.43,336.26,92532
2025-04-03,326.22,332.96,326.22,332.92,105078
2025-04-04,327.37,335.11,324.84,328.67,133838
2025-04-07,313.52,315.3,309.4,309.6,140754
2025-04-08,317.07,317.43,309.25,310.03,115953
2025-04-09,309.23,310.9,303.41,304.53,116805
2025-04-10,318.62,325.08,318.13,325.08,135647
2025-04-11,318.72,322.68,317.73,322.32,98528
2025-04-14,325.52,327.25,324.58,325.33,77708
2025-04-15,326.62,329.09,326.4,328.14,73736
2025-04-16,326.99,327.5,322.81,323.53,79531
2025-04-17,324.08,326.82,323.28,326.3,78789
2025-04-18,326.42,328.89,325.81,328.35,72521
2025-04-21,328.76,330.88,327.8,329.31,66105
2025-04-22,328.14,330.1,327.38,328.61,73899
2025-04-23,333.51,334.2,331.72,333.94,87698
2025-04-24,333.87,334.74,331.54,333.72,90945
2025-04-25,336.85,338.07,335.47,336.87,127759
2025-04-28,337.25,338.32,336.07,337.08,115688
2025-04-29,337.48,340.57,336.43,339.06,117954
2025-04-30,338.62,340.17,336.71,338.74,111231
2025-05-02,338.67,339.88,336.14,338.79,101868
2025-05-07,341.28,342.37,339.24,341.31,117357
2025-05-08,342.44,343.55,341.43,341.47,124224
2025-05-09,342.77,343.14,340.62,341.49,88746
2025-05-12,343.93,347.08,343.08,347.08,117117
2025-05-13,346.52,349.18,346.22,347.17,114456
2025-05-14,350.06,353.0,349.25,351.79,118488
2025-05-15,350.89,352.6,348.63,349.16,93825
2025-05-16,350.56,351.23,349.34,350.45,105633
2025-05-19,348.38,348.86,345.08,346.57,93474
2025-05-20,349.43,350.04,346.39,347.02,101492
2025-05-21,349.15,351.03,348.66,349.38,99956
2025-05-22,347.66,348.02,343.93,344.8,108070
2025-05-23,346.43,346.87,344.81,345.28,108330
2025-05-26,346.07,352.11,345.53,352.11,117089
2025-05-27,349.95,351.84,349.37,351.28,126634
2025-05-28,353.06,359.46,352.26,356.36,161181
2025-05-29,359.51,363.29,358.61,363.08,153158
2025-05-30,361.91,362.84,358.81,359.62,204226
2025-06-02,358.76,362.96,357.68,359.69,112833
2025-06-04,365.51,369.95,364.86,369.9,169812
2025-06-05,372.72,379.6,372.35,376.54,174154
2025-06-09,381.25,385.03,380.93,382.99,188374
2025-06-10,385.4,386.81,381.71,384.79,211023
2025-06-11,387.12,390.02,386.14,389.79,167983
2025-06-12,390.11,393.02,389.46,390.62,219806
2025-06-13,392.55,392.88,385.05,387.3,203869
2025-06-16,388.7,394.4,386.16,394.16,165011
2025-06-17,395.82,402.33,392.45,395.18,219244
2025-06-18,392.64,399.94,392.64,398.86,154513
2025-06-19,401.62,402.54,396.33,399.29,155447
2025-06-20,400.69,405.37,399.0,405.32,215522
2025-06-23,400.85,405.25,397.91,404.32,211657
2025-06-24,411.42,418.14,411.23,417.76,236366
2025-06-25,421.65,422.01,415.64,419.51,227194
2025-06-26,419.73,420.6,409.86,415.66,197099
2025-06-27,415.36,417.82,410.56,412.72,145806
2025-06-30,415.28,416.98,413.17,414.6,141123
2025-07-01,417.11,423.07,416.21,416.26,169360
2025-07-02,415.4,416.57,408.59,414.43,156952
2025-07-03,418.31,420.94,416.12,420.94,165612
2025-07-04,422.24,422.56,412.3,412.74,159947
2025-07-07,410.69,414.53,408.89,413.02,114604
2025-07-08,414.79,421.47,413.97,421.22,154528
2025-07-09,421.74,423.01,419.33,422.02,152086
2025-07-10,423.43,428.42,421.88,428.42,158407
2025-07-11,429.03,433.96,427.08,428.07,147987
2025-07-14,428.21,432.52,427.28,432.49,128559
2025-07-15,431.04,434.9,429.54,434.78,137551
2025-07-16,433.77,434.08,429.64,431.16,125138
2025-07-17,432.72,432.87,425.99,431.64,160812
2025-07-18,432.83,433.76,428.53,431.1,127930
2025-07-21,431.6,434.97,431.26,434.56,125920
2025-07-22,434.41,436.06,426.15,428.05,124131
2025-07-23,430.72,432.16,424.17,430.04,132955
2025-07-24,433.62,437.02,429.06,430.03,141562
2025-07-25,429.49,432.2,429.34,430.78,118071
2025-07-28,435.04,435.07,428.16,433.37,161891
2025-07-29,430.77,436.17,427.23,435.84,145292
2025-07-30,436.4,442.14,436.02,439.81,145504
2025-07-31,442.53,444.33,436.16,438.6,173099
2025-08-01,432.75,432.81,420.42,420.72,150506
2025-08-04,420.23,426.37,418.85,424.79,110023
2025-08-05,430.62,433.68,428.03,431.25,116560
2025-08-06,428.9,431.11,427.89,430.68,115458
2025-08-07,433.4,435.35,430.86,435.35,116324
2025-08-08,434.44,436.04,431.62,433.47,114726
2025-08-11,434.93,435.21,432.13,433.29,108464
2025-08-12,434.11,438.99,431.54,431.63,106164
2025-08-13,436.93,437.21,432.24,436.92,131261
2025-08-14,436.93,438.66,434.52,436.57,135967
2025-08-18,433.01,433.23,429.17,429.19,111491
2025-08-19,430.28,430.6,424.77,426.18,107422
2025-08-20,422.21,424.14,416.91,423.66,143916
2025-08-21,425.12,428.31,424.15,424.41,134468
2025-08-22,428.0,430.31,426.94,428.5,96323
2025-08-25,431.84,433.89,429.9,433.89,87414
2025-08-26,432.13,432.18,428.74,429.41,143619
2025-08-27,429.86,430.44,427.07,430.31,92758
2025-08-28,428.34,434.21,426.75,431.81,89919
2025-08-29,433.69,434.36,429.95,430.12,82962
2025-09-01,426.31,428.31,422.19,423.33,74089
2025-09-02,424.98,428.65,424.78,428.15,77013
2025-09-03,428.83,430.56,427.37,430.37,83401
2025-09-04,430.42,433.03,430.1,432.32,79645
2025-09-05,433.78,434.55,431.78,432.86,96642
2025-09-08,433.95,435.14,432.87,434.85,69725
2025-09-09,436.17,441.28,435.02,441.28,93384
2025-09-10,443.28,450.76,442.95,450.05,114215
2025-09-11,453.39,454.78,449.42,454.0,135316
2025-09-12,459.26,462.76,457.54,462.74,126559
2025-09-15,465.3,467.44,462.34,464.65,120633
2025-09-16,466.88,473.35,466.3,472.85,138899
2025-09-17,469.81,469.94,465.48,466.99,102020
2025-09-18,470.02,475.34,468.51,475.34,112058
2025-09-19,475.59,477.13,471.85,473.44,135321
2025-09-22,476.34,480.38,475.97,478.29,103638
2025-09-23,482.08,482.92,478.51,481.54,107440
2025-09-24,482.1,483.61,475.65,480.39,104585
2025-09-25,477.72,481.74,477.17,480.63,107230
2025-09-26,475.84,476.38,464.83,468.03,110107
2025-09-29,472.11,476.57,471.8,475.22,80866
2025-09-30,476.34,477.35,473.51,474.03,88320
2025-10-01,477.16,479.81,476.49,479.37,89112
2025-10-02,491.25,498.22,489.53,493.41,160777
2025-10-10,504.2,508.52,500.49,506.97,168784
2025-10-13,496.45,501.87,492.46,501.87,135813
2025-10-14,505.46,511.59,493.06,496.89,161909
2025-10-15,499.89,511.13,499.21,510.55,119826
2025-10-16,513.17,524.45,513.08,524.45,146210
2025-10-17,522.18,532.28,520.58,525.48,151504
2025-10-20,529.82,535.28,522.07,535.28,119835
2025-10-21,540.75,546.96,534.23,535.28,159420
2025-10-22,534.98,542.59,529.59,542.59,118053
2025-10-23,534.75,545.12,532.84,536.37,128016
2025-10-24,543.65,551.51,542.68,550.01,157074
2025-10-27,558.99,565.79,558.6,565.69,180342
2025-10-28,560.19,561.5,554.75,559.51,162837
2025-10-29,567.44,571.97,560.25,571.51,188761
2025-10-30,574.75,582.25,571.79,575.21,204784
2025-10-31,575.08,581.25,570.91,579.46,205200
2025-11-03,580.81,599.05,580.73,599.03,164805
2025-11-04,598.0,599.47,581.41,581.94,162338
2025-11-05,571.41,571.41,543.86,565.4,236220
2025-11-06,578.79,581.35,562.2,568.38,199430
2025-11-07,558.74,570.79,548.34,557.98,176081
2025-11-10,564.02,578.77,562.63,575.31,146296
2025-11-11,583.58,594.12,575.15,581.41,169620
2025-11-12,579.17,588.07,577.51,586.73,139842
2025-11-13,583.38,591.98,582.82,588.65,161800
2025-11-14,571.98,576.37,563.42,563.43,141864
2025-11-17,574.43,576.85,569.9,576.65,107323
2025-11-18,569.37,573.9,556.15,556.45,122931
2025-11-19,557.76,557.88,541.85,552.66,118249
2025-11-20,569.22,573.29,563.7,564.2,111501
2025-11-21,550.07,550.88,538.04,540.36,103451
2025-11-24,550.52,551.9,539.52,540.81,162098
2025-11-25,556.54,557.61,540.82,544.62,100257
2025-11-26,549.12,559.48,545.08,559.37,116291
2025-11-27,564.24,569.77,560.23,563.36,88209
2025-11-28,564.36,564.36,553.48,554.0,91243
2025-12-01,560.57,562.11,549.03,553.96,91556
2025-12-02,556.85,566.03,556.02,565.72,120257
2025-12-03,567.89,573.84,564.19,570.79,110177
2025-12-04,567.36,569.76,562.52,569.75,109688
2025-12-05,568.41,580.81,565.48,580.81,126764
2025-12-08,581.89,589.17,577.3,589.17,111139
2025-12-09,585.3,588.43,582.63,585.76,98608
2025-12-10,588.23,591.74,583.64,585.52,87322
2025-12-11,589.39,591.32,579.83,580.16,154794
2025-12-12,581.71,588.71,581.14,587.93,134283
2025-12-15,570.01,579.52,569.39,574.49,124380
2025-12-16,574.54,575.5,561.33,561.52,142673
2025-12-17,564.59,573.54,561.4,572.62,124794
2025-12-18,563.33,570.54,562.1,565.65,109568
2025-12-19,575.27,575.27,566.19,568.4,152159
2025-12-22,580.63,582.73,578.85,582.73,122019
2025-12-23,585.43,588.56,583.55,584.64,135791
2025-12-24,587.37,588.03,583.86,584.21,97836
2025-12-26,587.89,592.2,586.92,590.08,126876
2025-12-29,594.65,605.69,594.44,605.69,111590
2025-12-30,601.72,608.4,600.67,605.98,91734
2026-01-02,607.66,624.87,607.39,624.17,125318
2026-01-05,638.01,648.74,636.46,648.74,166466
2026-01-06,645.59,659.45,637.0,659.45,184053
2026-01-07,667.22,674.86,653.93,664.48,194500
2026-01-08,660.52,677.27,659.96,664.18,200277
2026-01-09,659.63,670.32,654.79,668.25,177217
2026-01-12,676.95,678.91,664.05,672.86,187626
2026-01-13,678.34,681.24,673.13,680.71,192634
2026-01-14,679.26,685.76,677.64,685.76,202979
2026-01-15,682.52,696.39,681.68,696.39,197795
2026-01-16,699.71,706.94,696.49,704.64,247060
2026-01-19,702.23,716.58,702.02,713.96,195182
2026-01-20,713.22,716.96,699.93,708.48,256927
2026-01-21,696.91,715.63,696.83,714.94,213030
2026-01-22,728.23,733.98,718.7,722.3,257999
2026-01-23,726.8,732.53,717.12,727.29,257422
2026-01-26,728.49,732.66,719.04,720.04,177152
2026-01-27,717.36,745.13,711.51,745.13,185794
2026-01-28,753.98,761.58,749.77,758.72,218426
2026-01-29,771.32,773.18,743.16,765.59,245524
2026-01-30,763.87,784.61,763.46,768.41,222395
2026-02-02,752.06,764.14,723.51,725.46,202975
2026-02-03,751.94,779.54,750.05,779.54,217803
2026-02-04,773.48,791.66,770.47,790.38,296604
2026-02-05,769.61,778.62,753.8,756.95,281854
2026-02-06,734.22,753.39,718.27,748.1,251863
2026-02-09,782.04,784.97,775.96,780.94,218256
2026-02-10,788.76,791.68,779.69,780.76,347476
2026-02-11,778.25,792.23,772.41,788.75,251075
2026-02-12,800.15,816.28,796.36,816.28,316179
2026-02-13,815.97,827.14,811.16,814.59,333809
2026-02-19,836.12,841.95,830.57,840.24,391887
2026-02-20,842.56,860.22,839.98,859.59,352723
2026-02-23,874.93,879.85,856.9,865.49,356734
2026-02-24,866.44,886.95,855.13,886.88,253472
2026-02-25,895.38,913.67,888.96,903.83,348758
2026-02-26,910.73,945.17,908.12,944.02,361835
2026-02-27,924.59,951.62,918.77,933.34,366998
2026-03-03,921.46,922.03,859.3,859.4,417162
2026-03-04,827.46,845.52,751.45,756.79,443234
2026-03-05,775.83,855.65,775.26,831.22,310627
2026-03-06,815.04,833.08,797.9,828.83,230775
2026-03-09,777.67,786.66,751.42,775.31,223897
2026-03-10,820.11,833.94,806.41,823.02,192467
2026-03-11,842.21,854.96,825.81,834.05,216378
2026-03-12,826.36,836.64,819.77,827.51,187422
2026-03-13,800.34,821.54,797.11,812.93,238040
2026-03-16,817.51,828.38,809.06,826.83,160559
2026-03-17,853.4,854.39,839.5,840.89,144433
2026-03-18,861.48,890.41,860.77,888.57,300673
2026-03-19,861.23,878.88,857.73,862.37,204280
2026-03-20,869.58,871.86,859.83,862.5,321284
2026-03-23,829.96,829.96,803.42,804.86,211021
2026-03-24,841.92,842.94,803.08,827.64,203647
2026-03-25,847.46,857.63,837.43,838.7,180790
2026-03-26,829.6,830.62,807.13,808.89,169415
2026-03-27,783.41,809.78,772.21,805.19,198592
2026-03-30,765.53,783.3,761.08,780.32,151376
2026-03-31,757.62,772.81,743.29,744.57,186407
2026-04-01,789.35,819.67,780.98,813.84,235242
2026-04-02,825.52,829.81,764.34,774.63,234909
2026-04-03,797.34,804.95,788.39,798.32,176554
2026-04-06,806.59,820.23,804.43,811.84,163955
2026-04-07,829.9,836.08,809.26,821.1,179839
2026-04-08,872.13,892.17,866.77,882.81,296824
2026-04-09,874.49,879.98,862.13,865.75,290097
2026-04-10,882.3,890.08,877.3,878.78,207879
2026-04-13,857.95,874.35,857.01,870.78,146468
2026-04-14,895.98,907.4,891.74,897.0,187156
2026-04-15,926.1,933.04,912.4,916.6,293898
2026-04-16,925.05,938.87,920.93,937.87,217984
2026-04-17,938.0,938.98,926.77,931.41,214563
2026-04-20,935.02,945.91,929.08,935.75,152809
2026-04-21,949.37,962.47,949.24,962.26,284428
2026-04-22,961.97,966.08,949.42,964.52,198271
2026-04-23,975.5,989.88,948.19,975.62,279702
2026-04-24,978.27,981.72,960.09,971.87,193453
2026-04-27,980.35,1002.78,980.02,995.33,192696
2026-04-28,1000.71,1011.6,995.35,999.03,287848
2026-04-29,994.38,1009.87,991.46,1006.59,190010
2026-04-30,1015.18,1017.96,991.91,992.15,215968
2026-05-04,1022.41,1049.87,1014.85,1049.66,344438
2026-05-06,1076.73,1137.23,1076.73,1129.63,431711
2026-05-07,1150.18,1156.72,1110.37,1149.86,304459
2026-05-08,1124.95,1153.8,1120.24,1151.17,223186
2026-05-11,1201.01,1226.18,1192.24,1211.44,354182
2026-05-12,1233.82,1241.39,1148.24,1183.41,337340
2026-05-13,1158.87,1222.53,1143.13,1220.17,247076
2026-05-14,1223.66,1246.61,1220.36,1243.17,312884
2026-05-15,1236.66,1253.67,1143.19,1162.39,360427
2026-05-18,1154.84,1193.32,1109.59,1171.3,223882
2026-05-19,1154.09,1159.13,1110.81,1132.42,213166
2026-05-20,1141.57,1142.24,1097.82,1125.51,198631
2026-05-21,1171.1,1226.59,1170.63,1225.22,216590
2026-05-22,1232.73,1235.4,1214.77,1226.03,165632
2026-05-26,1262.2,1274.96,1252.13,1260.53,197798
2026-05-27,1296.31,1340.85,1291.71,1298.86,282706
2026-05-28,1287.18,1305.67,1235.32,1292.57,235137
2026-05-29,1327.15,1343.14,1310.59,1342.82,436024
2026-06-01,1344.09,1412.58,1343.96,1399.91,339002
2026-06-02,1419.07,1430.49,1353.19,1407.23,318629
2026-06-04,1374.74,1402.04,1367.15,1379.56,192908
2026-06-05,1323.25,1338.13,1278.65,1297.02,199470
2026-06-08,1282.81,1282.81,1177.72,1186.54,201014
2026-06-09,1221.75,1297.79,1206.94,1293.4,205353
2026-06-10,1258.44,1274.61,1197.04,1227.12,198333
2026-06-11,1190.75,1243.45,1171.45,1231.54,215946
2026-06-12,1317.78,1345.97,1285.48,1291.32,249425
2026-06-15,1360.33,1370.94,1346.15,1360.26,277680
2026-06-16,1386.42,1396.59,1357.84,1391.74,256282
2026-06-17,1372.13,1418.39,1370.26,1416.97,205527
2026-06-18,1420.99,1466.74,1420.95,1459.23,179830
2026-06-19,1499.31,1518.11,1423.84,1459.48,228409
2026-06-22,1442.16,1500.12,1434.1,1477.22,143407
2026-06-23,1470.75,1487.31,1320.8,1321.7,196780
2026-06-24,1348.99,1389.53,1300.92,1369.62,181820
2026-06-25,1408.25,1473.83,1405.73,1454.15,159439
2026-06-26,1433.15,1441.9,1318.56,1366.49,202731
2026-06-29,1352.07,1377.12,1311.25,1352.54,169408
2026-06-30,1356.86,1404.1,1325.41,1370.73,141472
2026-07-01,1388.86,1396.54,1309.84,1335.36,164167
2026-07-02,1269.77,1304.45,1213.66,1219.62,181256
2026-07-03,1235.2,1308.19,1176.04,1299.3,156731
2026-07-06,1316.14,1341.16,1253.99,1293.13,129344
2026-07-07,1271.07,1278.15,1180.72,1225.57,184616
2026-07-08,1190.6,1251.83,1149.71,1158.37,187207
2026-07-09,1202.01,1212.49,1130.56,1169.73,186289
2026-07-10,1214.66,1236.84,1188.54,1196.69,163951
2026-07-13,1185.03,1204.96,1074.29,1078.78,162892
2026-07-14,1073.0,1112.5,1020.62,1092.23,176656
2026-07-15,1129.73,1189.29,1129.41,1163.9,139776
2026-07-16,1106.26,1111.32,1067.14,1080.36,127385
2026-07-20,1051.25,1083.43,1024.77,1032.52,126167
2026-07-21,1038.95,1089.08,1018.67,1073.39,110784
2026-07-22,1125.36,1143.93,1079.09,1080.22,122866
2026-07-23,1109.11,1129.67,1093.73,1126.33,132824
2026-07-24,1110.62,1110.62,1048.54,1055.58,135453
2026-07-27,1076.67,1077.01,1034.06,1069.22,112392
2026-07-28,1008.69,1011.79,941.08,945.69,153835
2026-07-29,957.46,982.09,818.98,887.2,239271
2026-07-30,891.08,938.15,863.04,872.49,200703
2026-07-31,880.79,1053.39,877.06,1046.81,244557
2026-08-03,1005.4,1013.07,981.48,986.72,138688
2026-08-04,1002.75,1009.09,953.87,1000.03,148974
2026-08-05,1042.4,1053.19,1029.11,1038.59,148096
2026-08-06,1016.93,1028.69,975.74,982.92,149108
2026-08-07,994.75,1004.61,960.79,974.73,145454
2026-08-10,982.71,998.62,967.33,977.84,114942
2026-08-11,967.57,998.29,962.94,987.4,129552
2026-08-12,1002.58,1045.31,998.71,1029.43,133843
2026-08-13,1063.04,1084.0,1060.23,1071.24,203461
2026-08-14,1103.18,1105.09,1077.08,1098.18,144890
2026-08-18,1125.72,1142.97,1068.52,1082.0,157016
2026-08-19,1023.7,1037.25,1003.46,1012.61,113607
2026-08-20,1049.11,1089.92,1033.72,1080.98,118024
2026-08-21,1066.22,1103.8,1063.52,1096.25,124576
2026-08-24,1089.64,1090.67,1048.08,1054.01,124432
2026-08-25,1025.65,1061.9,1005.77,1060.68,118147
2026-08-26,1058.12,1085.96,1053.23,1071.16,150266
2026-08-27,1103.76,1104.63,1076.99,1088.61,136293
2026-08-28,1077.74,1088.07,1064.78,1065.7,113688
2026-08-31,1036.58,1071.88,1025.92,1071.85,178613
2026-09-01,1065.37,1079.91,1056.64,1075.3,110574
2026-09-02,1040.43,1053.2,1030.77,1031.53,104459
2026-09-03,1046.17,1050.77,1009.7,1032.82,220979
2026-09-04,1045.4,1062.76,1041.46,1051.52,103784
2026-09-07,1090.72,1105.19,1083.21,1105.19,110233
2026-09-08,1113.02,1137.39,1099.15,1100.08,142739
2026-09-09,1102.39,1127.02,1101.86,1114.61,138214
2026-09-10,1113.43,1119.68,1089.8,1112.13,156726
2026-09-11,1073.46,1096.81,1073.43,1090.22,104449
2026-09-14,1052.91,1066.64,1046.27,1050.83,116018
2026-09-15,1047.75,1057.71,1034.63,1042.46,100828
2026-09-16,1039.81,1060.05,1037.9,1060.05,86431
2026-09-17,1070.27,1074.76,1055.19,1058.27,101251
2026-09-18,1087.24,1093.33,1078.05,1090.23,150087
2026-09-21,1097.76,1115.89,1097.68,1112.16,97344
2026-09-22,1138.2,1141.18,1107.73,1113.3,118833
2026-09-23,1137.29,1137.56,1114.46,1126.12,122377
2026-09-28,1121.1,1123.34,1089.26,1089.28,120017
2026-09-29,1082.06,1093.79,1073.61,1088.15,102508
2026-09-30,1100.09,1104.62,1078.5,1081.82,139037
2026-10-01,1077.35,1080.48,1071.04,1072.57,25996
