date,open,high,low,close,volume
2023-01-02,683.84,688.77,670.38,671.51,742766
2023-01-03,672.18,675.75,660.32,674.95,935983
2023-01-04,670.18,683.67,667.3,683.67,901765
2023-01-05,685.78,688.35,677.77,679.92,885279
2023-01-06,677.28,691.17,676.4,688.94,818505
2023-01-09,695.02,701.21,695.02,701.21,1008250
2023-01-10,700.16,704.6,694.92,696.05,1158010
2023-01-11,701.29,710.29,701.29,709.77,1247665
2023-01-12,713.56,714.1,707.54,710.82,1246163
2023-01-13,712.24,714.75,709.26,711.82,1082281
2023-01-16,714.71,718.15,713.19,716.89,1230665
2023-01-17,716.7,718.9,708.54,709.71,1162082
2023-01-18,711.12,713.28,708.79,711.75,1175236
2023-01-19,707.66,712.94,705.76,712.89,1008732
2023-01-20,712.32,718.03,712.32,717.97,1006210
2023-01-25,725.23,732.42,725.23,732.35,1016337
2023-01-26,734.37,740.99,733.23,738.94,1207458
2023-01-27,741.2,742.07,737.9,741.25,1135405
2023-01-30,743.73,746.33,736.9,738.62,1050895
2023-01-31,735.19,740.98,732.33,740.49,975259
2023-02-01,744.9,752.5,744.03,750.96,1065397
2023-02-02,759.53,764.84,758.72,764.62,1220835
2023-02-03,765.37,768.03,761.82,766.79,1136574
2023-02-06,763.66,766.23,760.65,761.33,1185408
2023-02-07,762.47,773.79,762.3,772.79,1261552
2023-02-08,777.43,779.98,776.3,779.98,1461520
2023-02-09,776.6,784.64,776.26,784.58,1411565
2023-02-10,783.07,784.52,771.62,772.44,1309835
2023-02-13,771.5,774.08,767.64,772.55,1198565
2023-02-14,778.05,780.13,774.61,779.58,1273742
2023-02-15,782.55,784.38,763.81,765.46,1416003
2023-02-16,772.17,784.71,772.16,784.71,1242738
2023-02-17,775.03,780.78,772.96,775.62,862496
2023-02-20,777.68,789.26,773.86,788.89,889521
2023-02-21,789.45,793.42,786.48,793.42,1020995
2023-02-22,782.83,787.85,774.54,778.51,1125364
2023-02-23,782.18,784.59,774.1,783.28,927833
2023-02-24,784.94,786.09,774.21,778.88,1192538
2023-02-27,775.01,781.54,769.75,780.3,1146532
2023-02-28,784.23,793.65,783.66,791.6,1005903
2023-03-02,793.63,797.01,786.52,787.19,1020090
2023-03-03,792.9,802.45,792.61,802.42,1102273
2023-03-06,810.61,816.62,804.47,816.51,1110188
2023-03-07,814.27,818.56,810.47,815.76,1387404
2023-03-08,809.14,817.17,807.95,813.95,1261649
2023-03-09,817.03,817.12,801.1,809.22,1367968
2023-03-10,796.57,798.96,785.66,788.6,1204572
2023-03-13,784.02,789.18,771.03,788.89,1178495
2023-03-14,788.44,789.22,758.05,758.05,1140139
2023-03-15,774.53,784.59,773.65,781.17,1030708
2023-03-16,780.53,785.54,767.11,781.98,1109314
2023-03-17,791.18,798.62,785.98,797.39,1146053
2023-03-20,793.04,803.42,791.45,802.2,1097773
2023-03-21,806.51,809.33,802.42,802.53,1062910
2023-03-22,811.17,813.43,807.91,813.43,1117239
2023-03-23,807.53,824.2,806.4,812.19,1177437
2023-03-24,820.16,824.11,814.07,824.11,1292725
2023-03-27,827.95,829.18,817.81,827.69,1176553
2023-03-28,831.07,833.68,825.4,833.51,1222377
2023-03-29,833.9,843.94,832.44,843.94,1309614
2023-03-30,850.78,852.59,846.1,850.48,1502135
2023-03-31,849.98,851.13,842.61,847.52,1282318
2023-04-03,850.86,855.2,847.7,854.96,1145928
2023-04-04,853.92,861.13,852.02,857.18,1310438
2023-04-05,857.54,872.44,856.15,872.36,1500673
2023-04-06,869.65,869.94,859.13,865.58,1418014
2023-04-07,871.83,880.07,866.58,880.07,1669013
2023-04-10,882.75,890.96,877.31,887.78,1590086
2023-04-11,893.2,899.37,879.73,898.94,1555496
2023-04-12,897.11,900.83,888.63,890.62,1987419
2023-04-13,885.5,895.29,875.42,894.25,1698995
2023-04-14,902.56,906.69,900.7,903.84,1463220
2023-04-17,905.35,909.5,898.84,909.5,1543775
2023-04-18,910.75,910.75,902.9,909.02,1973947
2023-04-19,908.87,913.97,907.59,909.2,1878192
2023-04-20,905.81,906.0,884.33,885.71,2324112
2023-04-21,884.27,888.21,868.36,868.82,2021046
2023-04-24,867.38,870.08,852.48,855.23,1308673
2023-04-25,857.54,858.91,828.25,838.71,1540092
2023-04-26,835.94,846.42,829.19,830.44,1260645
2023-04-27,831.89,850.88,823.19,850.21,1461893
2023-04-28,860.11,860.11,839.67,842.83,1157792
2023-05-02,845.18,855.61,844.68,855.61,1031527
2023-05-03,848.05,852.23,841.81,843.18,1172736
2023-05-04,842.13,847.69,839.08,845.06,1185031
2023-05-08,851.52,854.32,842.07,842.28,1267794
2023-05-09,841.41,843.4,827.78,835.85,1176450
2023-05-10,836.02,839.86,827.88,829.74,1319936
2023-05-11,836.6,840.66,821.94,824.54,1751058
2023-05-12,824.11,828.14,820.24,822.43,1689716
2023-05-15,820.5,820.5,806.47,814.53,1279890
2023-05-16,818.96,822.64,813.32,816.75,1373516
2023-05-17,815.58,834.2,814.65,834.19,1270384
2023-05-18,839.27,841.1,833.73,835.89,1324826
2023-05-19,839.56,842.21,836.68,841.72,1310478
2023-05-22,840.97,852.33,837.49,852.04,1093157
2023-05-23,853.57,861.3,853.57,859.16,1270087
2023-05-24,856.25,857.84,853.0,855.46,1150653
2023-05-25,857.3,860.01,845.84,847.72,1253501
2023-05-26,849.8,853.06,842.17,843.23,1181355
2023-05-30,850.0,851.53,844.48,851.5,1226448
2023-05-31,851.37,860.3,850.88,856.94,1074920
2023-06-01,855.95,863.86,855.46,863.78,982023
2023-06-02,866.16,868.17,864.97,868.06,1112160
2023-06-05,871.05,872.95,865.13,870.28,1049550
2023-06-07,872.1,880.81,872.1,880.72,1093663
2023-06-08,878.86,879.44,871.5,876.13,1123247
2023-06-09,882.11,886.52,880.76,883.71,1068152
2023-06-12,887.2,887.2,881.76,885.76,1008594
2023-06-13,890.81,898.28,889.58,896.81,1117252
2023-06-14,899.35,899.85,870.48,871.83,1336225
2023-06-15,877.62,884.55,865.48,878.04,1122318
2023-06-16,882.45,888.27,878.99,887.95,949462
2023-06-19,888.52,889.49,881.14,888.61,1153900
2023-06-20,886.47,891.0,883.09,886.41,1301284
2023-06-21,887.26,890.94,875.33,875.7,1216522
2023-06-22,870.79,880.12,869.79,876.38,1339789
2023-06-23,880.37,880.46,872.28,874.84,1287181
2023-06-26,874.31,881.24,869.29,879.5,1293506
2023-06-27,877.88,878.43,867.68,874.14,1220801
2023-06-28,879.61,880.23,866.7,866.97,1164023
2023-06-29,868.65,870.75,859.77,861.79,1173907
2023-06-30,862.7,869.24,853.68,868.24,1000069
2023-07-03,873.91,889.29,873.66,889.29,884082
2023-07-04,890.94,894.7,883.41,890.0,972954
2023-07-05,890.49,895.63,889.23,891.18,918616
2023-07-06,889.3,889.77,869.46,870.53,1134506
2023-07-07,868.08,872.29,861.2,867.27,1035427
2023-07-10,868.0,870.18,857.35,860.35,1014982
2023-07-11,866.55,878.76,865.65,878.73,935392
2023-07-12,878.97,880.53,873.91,879.88,1043119
2023-07-13,885.21,895.23,884.33,893.07,1122333
2023-07-14,898.17,899.68,890.21,896.28,1056686
2023-07-17,894.75,899.44,891.18,898.29,1119417
2023-07-18,901.43,914.18,901.12,914.14,1139854
2023-07-19,917.51,923.9,910.25,923.72,1016894
2023-07-20,918.27,931.79,913.98,931.6,978781
2023-07-21,918.51,937.29,918.19,934.58,992316
2023-07-24,934.99,935.55,920.89,929.9,966472
2023-07-25,932.17,945.47,924.31,939.96,932866
2023-07-26,945.57,956.4,886.14,900.63,1236849
2023-07-27,897.44,912.57,878.8,883.79,892726
2023-07-28,880.23,914.6,877.96,913.74,677661
2023-07-31,923.01,938.43,921.39,935.97,691576
2023-08-01,944.71,952.12,926.75,939.67,924067
2023-08-02,931.17,940.06,907.87,909.76,951133
2023-08-03,911.28,920.41,897.89,920.32,1149309
2023-08-04,921.16,922.89,914.3,918.43,1059449
2023-08-07,913.25,913.25,894.48,898.22,1097671
2023-08-08,901.76,903.78,889.25,892.34,1152205
2023-08-09,891.08,912.94,889.94,908.98,1008549
2023-08-10,904.68,912.65,899.01,911.29,1260880
2023-08-11,913.97,918.18,908.27,912.2,1393876
2023-08-14,907.43,908.13,894.08,901.68,1181117
2023-08-16,893.93,895.42,877.85,878.29,1218845
2023-08-17,875.15,887.67,863.32,886.04,1108792
2023-08-18,878.52,882.08,874.27,877.32,1122468
2023-08-21,881.09,894.58,879.8,888.71,1057472
2023-08-22,898.4,899.21,889.71,893.33,1230525
2023-08-23,892.65,892.65,881.4,882.87,1436368
2023-08-24,893.46,902.64,892.12,901.74,1277063
2023-08-25,891.21,902.81,890.08,899.38,1163467
2023-08-28,907.53,909.48,901.84,909.38,1072274
2023-08-29,911.94,918.39,907.82,916.24,1312285
2023-08-30,925.08,926.44,921.05,923.81,1275514
2023-08-31,925.57,930.42,923.4,928.4,1277535
2023-09-01,926.37,928.0,919.74,919.74,1071432
2023-09-04,918.12,921.63,913.04,919.16,1113978
2023-09-05,918.85,922.65,913.02,921.48,1084504
2023-09-06,923.61,927.28,916.08,917.95,1091541
2023-09-07,914.63,921.79,902.95,906.36,1282929
2023-09-08,908.08,914.18,902.77,914.18,1252895
2023-09-11,918.43,918.43,907.9,912.55,975186
2023-09-12,918.1,918.96,895.96,898.04,1178572
2023-09-13,895.94,899.8,882.27,882.72,1077222
2023-09-14,888.19,899.47,886.46,899.47,1020176
2023-09-15,900.62,902.4,897.11,899.03,941816
2023-09-18,892.18,896.37,889.99,891.29,906665
2023-09-19,891.57,894.26,882.42,883.89,1045779
2023-09-20,883.74,886.65,874.92,882.72,1015726
2023-09-21,875.52,879.82,859.51,860.68,1046442
2023-09-22,851.93,860.68,847.56,857.35,1029356
2023-09-25,856.79,859.04,839.17,839.17,869428
2023-09-26,841.8,845.3,827.82,827.82,1122472
2023-09-27,823.2,841.97,821.71,841.02,844484
2023-10-04,832.3,832.3,806.47,807.4,816988
2023-10-05,817.89,820.06,800.36,801.02,874562
2023-10-06,803.88,818.37,803.88,816.39,776645
2023-10-10,821.22,823.27,792.91,795.0,978041
2023-10-11,805.03,821.83,805.03,817.12,856188
2023-10-12,822.27,835.79,822.27,835.49,1040121
2023-10-13,831.21,834.66,817.66,822.78,1060107
2023-10-16,812.57,813.19,800.62,810.54,1049949
2023-10-17,817.47,825.33,817.29,820.38,948111
2023-10-18,816.92,820.09,807.45,808.89,864012
2023-10-19,796.15,796.36,782.63,784.04,878335
2023-10-20,775.81,779.92,759.4,769.25,980560
2023-10-23,766.56,774.36,762.51,763.69,762344
2023-10-24,771.03,784.86,750.32,784.86,951759
2023-10-25,788.01,788.01,770.84,770.84,1015507
2023-10-26,751.64,756.43,740.51,743.85,839569
2023-10-27,749.87,760.51,738.92,748.49,665632
2023-10-30,747.24,760.87,744.63,757.12,648823
2023-10-31,758.65,759.24,734.2,736.1,868119
2023-11-01,742.98,749.65,737.52,739.23,753917
2023-11-02,753.37,773.39,753.37,772.84,794256
2023-11-03,779.28,782.53,768.38,782.05,810109
2023-11-06,794.49,839.45,793.72,839.45,849326
2023-11-07,842.16,847.37,805.81,824.37,928086
2023-11-08,821.98,831.45,810.15,811.02,884416
2023-11-09,813.89,814.92,797.44,802.87,921925
2023-11-10,792.86,794.73,785.45,789.31,863205
2023-11-13,796.41,798.15,774.33,774.42,998048
2023-11-14,779.47,794.91,779.47,794.19,841492
2023-11-15,808.68,813.06,805.27,809.36,816588
2023-11-16,809.12,815.82,804.74,811.11,905407
2023-11-17,807.61,807.62,795.66,799.06,804591
2023-11-20,797.83,815.27,797.51,813.08,786863
2023-11-21,816.34,819.14,811.24,817.01,897452
2023-11-22,811.2,817.28,809.83,814.61,842425
2023-11-23,816.16,819.91,813.25,815.98,909847
2023-11-24,817.02,818.74,814.22,815.0,741072
2023-11-27,816.55,816.6,809.26,810.25,793999
2023-11-28,811.76,816.62,811.06,816.44,933903
2023-11-29,817.9,823.81,812.95,822.44,916374
2023-11-30,819.23,831.68,819.23,831.68,774888
2023-12-01,826.3,831.03,822.03,827.24,997870
2023-12-04,828.66,837.95,823.99,828.52,1009243
2023-12-05,823.86,828.25,810.52,813.38,1058500
2023-12-06,816.66,822.39,814.0,819.54,882764
2023-12-07,820.46,820.46,810.9,813.2,794864
2023-12-08,818.71,830.99,818.5,830.37,862256
2023-12-11,831.83,839.15,831.64,835.25,930374
2023-12-12,835.41,842.56,833.67,839.53,1217323
2023-12-13,837.55,838.25,828.72,829.31,1071809
2023-12-14,841.75,845.54,834.66,840.59,1037462
2023-12-15,844.76,846.7,834.94,838.31,1082326
2023-12-18,844.78,854.07,843.61,850.96,802089
2023-12-19,850.36,858.65,849.33,858.3,1068050
2023-12-20,861.96,865.02,860.56,862.98,1117584
2023-12-21,855.76,867.33,851.82,859.44,1145618
2023-12-22,863.35,864.79,853.49,854.62,1212764
2023-12-26,855.75,857.24,846.32,848.34,1078586
2023-12-27,851.49,860.29,851.21,859.79,1221463
2023-12-28,860.42,866.57,856.53,866.57,1251154
2024-01-02,866.08,878.93,865.26,878.93,1154418
2024-01-03,872.21,872.44,865.12,871.57,1259145
2024-01-04,865.35,872.79,860.45,866.25,1224265
2024-01-05,866.81,878.98,864.86,878.33,1047924
2024-01-08,880.24,882.88,875.34,879.34,1162383
2024-01-09,886.1,890.06,881.97,884.64,1170608
2024-01-10,884.08,884.08,872.68,875.46,1270511
2024-01-11,878.12,885.75,878.12,882.53,1476595
2024-01-12,878.69,880.3,865.81,868.08,1107335
2024-01-15,865.45,869.69,855.0,859.71,996411
2024-01-16,857.39,864.9,846.47,854.83,1032822
2024-01-17,856.61,856.97,832.7,833.05,1106275
2024-01-18,834.01,848.63,830.06,840.33,1167940
2024-01-19,848.66,856.05,837.87,842.67,1220561
2024-01-22,848.87,849.32,836.89,839.69,1320573
2024-01-23,840.62,848.65,833.24,840.11,1248018
2024-01-24,841.45,842.9,828.12,836.21,1417438
2024-01-25,833.34,833.34,820.64,823.74,1565969
2024-01-26,818.76,839.52,817.06,837.24,1238780
2024-01-29,841.21,841.21,815.54,819.14,1246813
2024-01-30,826.0,828.54,811.57,818.86,1097207
2024-01-31,813.8,818.9,799.24,799.24,1137250
2024-02-01,796.26,800.91,786.28,798.73,1124845
2024-02-02,803.71,817.74,803.71,814.77,1096191
2024-02-05,812.28,813.83,807.36,807.99,974415
2024-02-06,804.36,808.39,795.37,807.03,1065543
2024-02-07,811.51,820.06,809.18,811.92,827984
2024-02-08,816.82,828.03,816.27,826.58,912499
2024-02-13,831.14,846.58,830.66,845.15,896290
2024-02-14,833.24,854.44,831.56,853.3,1086776
2024-02-15,860.13,861.37,852.79,859.21,1222188
2024-02-16,863.69,864.24,854.72,857.6,1339167
2024-02-19,854.28,862.08,853.52,858.47,1272095
2024-02-20,858.08,866.17,854.58,866.17,1394894
2024-02-21,861.58,872.38,860.91,864.07,1725465
2024-02-22,868.22,871.46,864.56,870.11,1482220
2024-02-23,873.21,875.58,866.22,868.57,1490439
2024-02-26,869.08,872.52,866.43,867.4,1219639
2024-02-27,870.1,870.1,850.77,853.75,1190363
2024-02-28,859.78,868.71,858.56,863.39,1102228
2024-02-29,862.55,865.88,858.3,862.96,1371170
2024-03-04,869.36,875.3,869.36,872.97,1138979
2024-03-05,869.36,869.36,863.4,866.37,1214968
2024-03-06,861.67,872.06,859.71,870.67,1112039
2024-03-07,874.3,874.53,860.01,863.37,1142629
2024-03-08,869.18,873.18,866.18,873.18,1270638
2024-03-11,870.41,875.93,868.48,875.93,1076998
2024-03-12,877.37,889.71,876.62,889.71,1056988
2024-03-13,892.41,894.39,881.33,889.93,1207088
2024-03-14,889.53,892.31,881.95,887.52,1073830
2024-03-15,882.67,884.6,875.87,880.46,1106772
2024-03-18,882.58,894.48,882.58,894.48,973184
2024-03-19,893.49,893.49,884.45,891.91,1104514
2024-03-20,894.34,896.44,890.0,891.45,1053005
2024-03-21,900.46,906.26,899.24,904.29,1066402
2024-03-22,902.7,905.64,900.84,903.98,1075162
2024-03-25,906.45,916.01,905.7,913.69,961278
2024-03-26,915.49,922.57,910.86,916.09,1041935
2024-03-27,914.33,918.49,905.26,911.25,1138181
2024-03-28,912.33,914.38,908.98,910.05,1095621
2024-03-29,912.31,914.25,903.61,905.5,946868
2024-04-01,909.62,920.05,907.48,912.45,914267
2024-04-02,912.07,913.79,888.88,891.59,1037753
2024-04-03,883.22,883.95,874.77,879.96,994523
2024-04-04,885.53,889.7,878.12,882.9,979416
2024-04-05,872.47,879.34,867.45,872.29,1075572
2024-04-08,873.76,873.76,859.09,860.57,1056846
2024-04-09,864.0,871.18,856.49,859.33,976468
2024-04-11,850.8,860.83,847.54,858.1,661660
2024-04-12,863.16,867.01,858.24,860.47,740523
2024-04-15,850.21,854.51,842.84,852.42,837138
2024-04-16,845.54,848.24,829.76,832.81,931166
2024-04-17,839.3,845.45,833.03,833.03,930976
2024-04-18,833.38,856.05,833.38,855.65,956763
2024-04-19,849.99,850.07,824.99,841.91,1100743
2024-04-22,844.95,854.16,840.29,845.82,898756
2024-04-23,848.88,853.62,844.5,845.44,886593
2024-04-24,856.37,863.12,855.79,862.23,957922
2024-04-25,855.78,865.15,853.13,853.26,811575
2024-04-26,860.0,862.8,852.8,856.82,704656
2024-04-29,860.53,869.73,860.53,869.72,772593
2024-04-30,872.08,875.64,867.32,868.93,792643
2024-05-02,865.78,870.33,864.98,867.48,854450
2024-05-03,872.27,875.11,865.21,865.59,843085
2024-05-07,874.69,876.94,869.75,871.26,802229
2024-05-08,870.11,873.65,862.81,872.42,967419
2024-05-09,871.17,873.53,869.0,870.15,1019041
2024-05-10,873.56,875.21,864.03,864.16,961248
2024-05-13,866.67,867.08,852.75,854.43,907148
2024-05-14,857.44,865.43,856.88,862.15,978602
2024-05-16,872.31,874.86,868.51,870.37,956089
2024-05-17,869.06,869.6,854.47,855.06,938502
2024-05-20,856.22,857.51,843.22,847.08,1017956
2024-05-21,849.32,849.32,843.62,846.51,1070890
2024-05-22,850.4,850.59,844.97,845.72,914522
2024-05-23,846.5,849.32,839.16,846.58,1011600
2024-05-24,840.7,845.48,836.95,839.41,816025
2024-05-27,843.76,848.13,836.65,847.99,981441
2024-05-28,847.46,852.42,846.9,851.01,1148225
2024-05-29,849.6,849.93,838.08,838.45,1384717
2024-05-30,835.63,840.74,831.02,831.99,1405317
2024-05-31,835.01,840.02,829.81,839.98,1450491
2024-06-03,840.33,847.07,839.58,844.72,976797
2024-06-04,844.62,851.49,841.81,845.84,911007
2024-06-05,849.33,852.18,844.13,850.75,904879
2024-06-07,856.17,866.48,855.06,866.18,848541
2024-06-10,862.21,867.6,860.9,864.71,907183
2024-06-11,866.88,872.36,865.91,868.36,1038631
2024-06-12,871.36,876.45,867.32,870.67,1216393
2024-06-13,879.52,879.52,871.12,871.33,928797
2024-06-14,872.69,873.37,859.69,862.19,975481
2024-06-17,860.13,864.1,857.11,858.96,820230
2024-06-18,863.32,864.81,855.35,858.95,1040183
2024-06-19,860.66,866.21,856.16,861.17,1034309
2024-06-20,861.44,864.7,854.94,857.51,637742
2024-06-21,853.48,856.02,848.5,852.67,772540
2024-06-24,852.27,852.48,841.43,841.52,670004
2024-06-25,839.5,844.54,836.12,841.99,663208
2024-06-26,845.91,846.76,839.34,842.12,704559
2024-06-27,841.12,844.62,837.8,838.65,814035
2024-06-28,840.11,842.36,838.29,840.44,706933
2024-07-01,840.59,847.97,840.4,847.15,620757
2024-07-02,846.86,847.39,828.49,829.91,710212
2024-07-03,832.98,838.89,829.5,836.1,788692
2024-07-04,838.9,844.1,838.9,840.81,744761
2024-07-05,842.5,849.25,841.98,847.49,780463
2024-07-08,848.59,859.27,848.59,859.27,742509
2024-07-09,860.18,864.11,857.6,860.42,1054272
2024-07-10,859.01,860.82,854.6,858.55,896436
2024-07-11,861.73,862.61,851.72,852.42,835016
2024-07-12,848.04,855.03,845.03,850.37,764434
2024-07-15,852.62,852.93,847.68,852.88,785846
2024-07-16,850.96,851.2,837.29,839.61,874489
2024-07-17,841.28,843.1,829.09,829.41,828952
2024-07-18,820.14,824.96,812.9,822.48,869763
2024-07-19,820.29,828.82,819.13,828.72,871199
2024-07-22,827.98,828.09,806.79,809.96,906826
2024-07-23,816.3,821.93,808.79,812.12,939605
2024-07-24,809.45,819.81,807.55,814.25,837076
2024-07-25,802.28,803.55,794.23,797.29,1028813
2024-07-26,799.97,802.06,795.02,797.56,777351
2024-07-29,800.64,808.73,800.39,807.99,652992
2024-07-30,805.17,807.38,800.36,803.78,842014
2024-07-31,802.0,804.17,795.18,803.15,798866
2024-08-01,807.52,815.28,807.5,813.53,644081
2024-08-02,799.45,799.97,778.39,779.33,845791
2024-08-05,765.57,765.57,672.57,691.28,1173847
2024-08-06,709.04,738.77,707.72,732.87,1075213
2024-08-07,731.82,754.41,731.44,748.54,947156
2024-08-08,738.29,751.51,732.74,745.28,1012601
2024-08-09,759.91,768.21,759.91,764.43,843852
2024-08-12,767.21,775.31,767.21,772.72,885108
2024-08-13,771.98,773.9,757.19,764.86,1170514
2024-08-14,775.11,778.66,774.17,776.83,1111020
2024-08-16,787.34,788.86,783.88,786.33,1080402
2024-08-19,787.32,788.79,776.71,777.47,1135628
2024-08-20,783.73,787.95,783.35,787.44,997056
2024-08-21,783.98,784.92,775.3,779.87,1073926
2024-08-22,782.59,783.89,768.48,773.47,950992
2024-08-23,765.49,774.2,764.83,773.26,904335
2024-08-26,776.94,777.91,764.46,766.79,828774
2024-08-27,765.1,767.37,757.08,764.95,833341
2024-08-28,766.32,767.28,761.06,762.5,868584
2024-08-29,756.33,758.99,754.0,756.04,837870
2024-08-30,758.19,768.31,757.87,767.66,823296
2024-09-02,769.85,770.01,764.15,769.21,742708
2024-09-03,769.68,773.15,760.07,760.37,849514
2024-09-04,738.59,741.52,729.32,731.75,1011498
2024-09-05,736.96,740.23,718.25,725.28,950492
2024-09-06,725.88,726.48,705.67,706.59,861738
2024-09-09,696.25,716.11,693.86,714.46,784076
2024-09-10,717.97,719.4,706.12,706.2,910266
2024-09-11,709.5,718.65,706.93,709.42,1046881
2024-09-12,719.29,733.81,719.29,731.03,870759
2024-09-13,733.36,734.35,726.37,733.2,1015094
2024-09-19,738.41,740.31,729.93,739.51,1104713
2024-09-20,746.13,750.75,745.32,748.33,864233
2024-09-23,749.24,757.85,747.83,755.12,723264
2024-09-24,757.37,767.37,757.23,767.35,908833
2024-09-25,769.87,771.77,758.02,759.3,1239693
2024-09-26,764.33,779.18,764.15,779.18,1070078
2024-09-27,777.72,780.91,773.36,774.49,985779
2024-09-30,777.06,777.2,762.67,763.88,961430
2024-10-02,757.3,769.69,754.38,762.13,1041589
2024-10-04,763.73,775.05,763.2,768.98,891995
2024-10-07,774.77,781.56,771.11,781.01,822064
2024-10-08,776.37,782.85,776.2,778.24,1000287
2024-10-10,781.91,784.03,772.7,775.48,747791
2024-10-11,779.0,781.12,769.68,770.98,921390
2024-10-14,770.85,771.75,765.27,770.26,787259
2024-10-15,773.37,777.0,768.13,773.81,971992
2024-10-16,769.19,769.69,764.97,765.79,874301
2024-10-17,768.15,769.69,763.21,765.06,918805
2024-10-18,765.71,765.71,749.53,753.22,898076
2024-10-21,754.35,761.62,749.64,759.95,825152
2024-10-22,758.72,758.72,738.33,738.34,1077035
2024-10-23,740.93,748.33,729.28,745.19,1099898
2024-10-24,742.7,742.7,734.26,734.59,856785
2024-10-25,739.05,739.62,725.27,727.41,764951
2024-10-28,729.75,740.67,729.75,740.48,644668
2024-10-29,740.05,744.18,733.28,744.18,789978
2024-10-30,743.53,746.23,738.13,738.19,841964
2024-10-31,734.25,743.22,728.34,743.06,792645
2024-11-01,735.67,736.26,729.05,729.05,747067
2024-11-04,730.5,755.0,728.11,754.08,765673
2024-11-05,752.17,756.6,750.17,751.81,935204
2024-11-06,757.23,761.01,737.77,743.31,1091762
2024-11-07,743.47,743.47,727.1,733.52,812895
2024-11-08,739.91,746.89,739.66,743.38,766826
2024-11-11,744.86,745.42,727.04,728.84,836837
2024-11-12,728.72,729.07,707.96,710.52,896082
2024-11-13,708.52,712.83,689.64,689.65,866788
2024-11-14,694.16,702.08,681.3,681.56,819601
2024-11-15,675.64,688.91,668.38,685.42,895146
2024-11-18,683.53,697.45,681.0,689.55,875258
2024-11-19,690.45,691.13,682.5,686.12,894681
2024-11-20,689.03,691.0,682.03,682.91,934124
2024-11-21,683.1,685.91,672.83,680.67,1016299
2024-11-22,682.37,689.99,676.06,677.01,849327
2024-11-25,683.37,698.51,683.37,696.83,784507
2024-11-26,697.59,699.7,689.53,693.15,835545
2024-11-27,693.8,696.15,686.37,692.0,942776
2024-11-28,694.96,697.91,691.61,694.39,927238
2024-11-29,694.24,694.24,677.08,678.19,888674
2024-12-02,684.15,687.7,675.78,675.84,735007
2024-12-03,678.98,692.81,678.98,690.8,834908
2024-12-04,677.59,687.94,671.6,677.15,912111
2024-12-05,679.79,680.02,669.27,670.94,746440
2024-12-06,670.7,671.34,644.39,661.33,899216
2024-12-09,649.35,649.35,627.01,627.01,890861
2024-12-10,635.94,661.6,635.94,661.59,917262
2024-12-11,661.71,677.55,661.71,675.92,971321
2024-12-12,680.97,687.0,674.31,683.35,1035142
2024-12-13,684.25,695.76,683.3,693.73,901946
2024-12-16,699.81,701.67,695.67,698.53,1001732
2024-12-17,699.52,699.52,691.58,694.47,981787
2024-12-18,694.94,699.18,690.4,697.57,858877
2024-12-19,682.53,688.29,679.85,684.36,761648
2024-12-20,684.79,685.1,667.0,668.31,870060
2024-12-23,674.26,683.16,671.09,679.24,657714
2024-12-24,683.02,685.87,679.23,680.11,645104
2024-12-26,684.21,684.36,674.81,675.64,829286
2024-12-27,674.3,677.5,661.24,665.97,814127
2024-12-30,662.68,679.68,661.92,678.19,644554
2025-01-02,678.98,687.25,675.96,686.63,741587
2025-01-03,688.04,706.46,687.73,705.76,871626
2025-01-06,707.87,718.86,707.87,717.96,1109993
2025-01-07,719.68,723.09,717.07,718.29,1230040
2025-01-08,713.78,720.21,712.62,719.63,1124302
2025-01-09,718.89,723.7,712.35,723.52,992524
2025-01-10,722.21,723.47,715.68,717.89,914398
2025-01-13,713.98,718.96,707.6,708.21,770837
2025-01-14,712.03,718.6,709.11,718.04,911711
2025-01-15,722.16,722.34,709.82,711.61,982777
2025-01-16,720.35,725.78,720.35,724.24,822197
2025-01-17,723.05,725.54,722.28,724.69,844070
2025-01-20,727.59,728.51,722.77,727.66,756377
2025-01-21,728.57,733.91,720.73,726.07,860869
2025-01-22,731.17,733.89,729.46,732.31,917738
2025-01-23,731.69,731.72,723.49,724.01,921233
2025-01-24,725.78,731.7,722.82,728.74,763300
2025-01-31,724.96,728.41,723.3,728.29,687449
2025-02-03,718.26,718.26,700.57,703.8,843786
2025-02-04,713.55,726.28,713.55,719.92,996621
2025-02-05,724.6,731.92,724.6,730.98,815899
2025-02-06,735.94,740.32,734.91,740.32,858061
2025-02-07,739.88,744.68,737.61,742.9,973354
2025-02-10,740.12,750.46,735.71,749.67,1005599
2025-02-11,751.25,754.62,749.36,749.59,987198
2025-02-12,748.65,748.65,742.85,745.18,895423
2025-02-13,748.69,751.83,744.83,749.28,815852
2025-02-14,752.08,758.72,752.04,756.32,901115
2025-02-17,759.21,768.48,757.77,768.48,885362
2025-02-18,769.93,773.77,765.99,773.65,1064611
2025-02-19,774.12,778.98,772.63,778.27,939914
2025-02-20,777.78,781.54,766.83,768.27,1045130
2025-02-21,768.39,774.78,767.18,774.65,881243
2025-02-24,766.94,773.51,764.48,773.33,904412
2025-02-25,766.85,773.91,765.26,769.43,962424
2025-02-26,769.0,774.2,766.69,771.41,909127
2025-02-27,774.13,776.57,769.6,770.85,806160
2025-02-28,760.1,760.1,743.95,743.96,860878
2025-03-04,739.68,739.68,730.96,737.9,622277
2025-03-05,743.35,748.82,740.69,746.95,684375
2025-03-06,750.43,750.43,733.49,734.92,766880
2025-03-07,729.43,738.1,725.97,727.7,731378
2025-03-10,724.78,732.62,720.13,725.82,622760
2025-03-11,710.2,721.7,706.96,721.5,757612
2025-03-12,724.58,734.14,723.52,729.49,687841
2025-03-13,735.75,737.29,722.28,722.8,774839
2025-03-14,723.75,736.84,723.71,734.26,668142
2025-03-17,740.14,743.77,735.32,743.51,693670
2025-03-18,747.71,748.07,742.29,745.54,677134
2025-03-19,743.21,747.53,737.52,738.35,721062
2025-03-20,743.06,743.39,725.1,725.15,749018
2025-03-21,724.94,727.15,713.82,719.41,735722
2025-03-24,721.39,725.34,718.67,720.22,678080
2025-03-25,725.34,725.84,709.67,711.26,729735
2025-03-26,714.36,717.3,705.38,716.48,706699
2025-03-27,710.98,718.2,706.86,707.49,766089
2025-03-28,708.97,709.33,691.76,693.76,964195
2025-03-31,683.42,686.17,671.91,672.85,895518
2025-04-01,681.58,695.73,677.86,691.45,769529
2025-04-02,695.37,696.48,683.3,684.85,799717
2025-04-03,670.75,685.16,669.85,683.49,716603
2025-04-04,677.23,697.72,674.66,687.39,976563
2025-04-07,667.02,667.02,651.29,651.3,914732
2025-04-08,666.01,668.82,656.07,658.45,872172
2025-04-09,653.84,657.45,637.55,643.39,826310
2025-04-10,670.12,681.79,669.99,681.79,925254
2025-04-11,673.09,695.59,672.74,695.59,1049944
2025-04-14,699.99,709.05,699.21,708.98,1050254
2025-04-15,709.51,712.69,704.61,711.92,894427
2025-04-16,710.38,711.38,698.58,699.11,978750
2025-04-17,700.11,711.91,700.11,711.75,1082187
2025-04-18,713.52,717.77,708.2,717.77,1156924
2025-04-21,717.25,722.18,714.05,715.45,1164433
2025-04-22,711.42,717.86,711.03,716.12,1277015
2025-04-23,724.33,726.1,720.42,726.08,1050347
2025-04-24,726.95,729.49,723.33,726.08,1150837
2025-04-25,729.56,732.8,728.21,729.69,1010313
2025-04-28,730.58,732.44,718.14,719.41,990323
2025-04-29,722.94,727.8,721.42,726.46,943334
2025-04-30,726.19,727.27,715.33,717.24,850398
2025-05-02,716.6,723.77,714.07,721.86,735178
2025-05-07,722.41,722.81,714.8,722.81,744460
2025-05-08,725.81,730.72,725.81,729.59,730302
2025-05-09,731.01,731.01,719.83,722.52,852590
2025-05-12,724.47,727.56,719.23,725.4,1016088
2025-05-13,731.11,735.85,730.76,731.88,1151962
2025-05-14,732.2,739.05,726.51,739.05,970914
2025-05-15,738.15,738.28,732.59,733.23,1108973
2025-05-16,734.38,734.38,722.99,725.07,1124174
2025-05-19,721.27,721.31,710.47,713.75,1319287
2025-05-20,719.36,722.17,715.12,715.55,1018198
2025-05-21,720.64,726.68,719.96,723.62,846439
2025-05-22,720.96,720.96,714.71,717.67,1068237
2025-05-23,720.5,720.5,713.22,715.98,985285
2025-05-26,718.48,726.93,716.86,725.27,825199
2025-05-27,727.0,727.16,723.66,727.11,848891
2025-05-28,731.06,733.48,727.6,728.79,974172
2025-05-29,733.22,736.29,731.64,736.29,886683
2025-05-30,735.26,737.43,732.55,734.35,907815
2025-06-02,735.14,741.41,733.97,740.29,846169
2025-06-04,749.13,752.75,747.35,750.21,853355
2025-06-05,751.59,761.17,750.17,756.23,861274
2025-06-09,759.27,764.92,757.29,764.21,1055301
2025-06-10,767.91,771.2,761.36,771.2,1351928
2025-06-11,775.43,787.06,774.84,786.29,1566716
2025-06-12,786.27,793.2,784.96,789.45,1288366
2025-06-13,792.68,792.68,761.42,768.86,1096005
2025-06-16,767.64,777.68,763.81,777.26,1111396
2025-06-17,780.08,785.76,766.56,775.65,1136678
2025-06-18,772.6,781.35,772.6,779.73,1006940
2025-06-19,783.29,783.3,776.21,782.51,1103659
2025-06-20,783.63,791.53,780.65,791.53,1110932
2025-06-23,779.67,784.79,772.91,784.79,991616
2025-06-24,796.06,801.34,794.87,800.93,1076177
2025-06-25,802.92,803.93,793.03,798.21,1165502
2025-06-26,799.21,799.21,779.72,787.95,938620
2025-06-27,789.93,790.67,778.6,781.56,888662
2025-06-30,783.53,784.65,778.58,781.5,801110
2025-07-01,783.65,788.38,783.29,783.67,971143
2025-07-02,784.73,787.11,769.91,782.17,945636
2025-07-03,785.77,793.61,783.53,793.33,1087733
2025-07-04,792.65,793.77,775.58,775.8,1131389
2025-07-07,774.19,779.98,771.46,778.46,1416112
2025-07-08,779.28,784.37,775.57,784.24,1205278
2025-07-09,786.33,790.36,783.48,790.36,860877
2025-07-10,794.64,798.73,792.05,797.7,905083
2025-07-11,799.96,805.9,798.83,800.47,976327
2025-07-14,802.73,803.1,795.57,799.37,939783
2025-07-15,800.24,812.91,798.83,812.88,816034
2025-07-16,810.09,813.19,805.13,812.23,946533
2025-07-17,814.92,818.27,806.63,818.27,951612
2025-07-18,821.58,822.83,815.45,820.67,827138
2025-07-21,819.84,822.76,817.34,821.69,866807
2025-07-22,822.33,827.82,808.81,812.97,993452
2025-07-23,815.88,815.88,802.3,813.56,909011
2025-07-24,816.94,819.95,809.26,809.89,889008
2025-07-25,809.43,810.67,805.83,806.95,714506
2025-07-28,811.26,811.49,800.76,804.4,727050
2025-07-29,803.38,807.09,795.67,804.45,620970
2025-07-30,804.76,809.27,803.34,803.67,770147
2025-07-31,806.21,809.03,799.51,805.24,831712
2025-08-01,796.24,796.24,772.66,772.79,835015
2025-08-04,773.83,786.35,770.35,784.06,705683
2025-08-05,791.94,801.63,791.94,798.6,689089
2025-08-06,796.48,803.55,793.85,803.49,696605
2025-08-07,805.27,806.47,801.7,805.81,765440
2025-08-08,806.43,812.48,806.43,809.27,848043
2025-08-11,810.51,813.52,805.9,811.85,928260
2025-08-12,813.12,820.27,806.84,807.19,1106880
2025-08-13,816.54,816.66,806.26,814.1,979563
2025-08-14,814.48,817.22,812.38,815.26,912584
2025-08-18,811.52,812.49,798.05,798.05,764723
2025-08-19,799.54,800.07,785.95,787.96,866728
2025-08-20,778.63,778.63,766.57,777.61,877724
2025-08-21,780.32,784.73,776.31,777.24,894577
2025-08-22,778.77,785.55,778.73,782.51,833027
2025-08-25,791.66,798.57,791.66,798.02,770618
2025-08-26,793.99,802.84,793.37,801.66,784245
2025-08-27,802.57,803.19,797.6,801.72,729017
2025-08-28,800.49,801.37,797.37,798.43,787081
2025-08-29,801.96,805.94,795.56,796.91,855306
2025-09-01,795.3,796.23,782.54,785.0,1093853
2025-09-02,789.35,794.0,785.3,794.0,1039047
2025-09-03,793.28,796.92,789.27,796.81,1189074
2025-09-04,799.53,806.78,799.53,805.42,1252331
2025-09-05,809.09,811.71,807.2,811.4,1013622
2025-09-08,815.9,818.61,813.43,818.6,886186
2025-09-09,820.75,824.82,817.4,824.82,1282471
2025-09-10,828.4,833.21,827.57,833.0,895071
2025-09-11,834.68,836.55,831.23,834.76,960434
2025-09-12,839.73,847.36,839.56,847.08,954438
2025-09-15,849.64,852.69,843.43,852.69,944743
2025-09-16,854.4,855.5,850.15,851.84,1035618
2025-09-17,850.15,850.15,844.16,845.53,1004374
2025-09-18,851.94,857.12,850.23,857.11,968141
2025-09-19,858.08,863.11,854.0,863.11,951398
2025-09-22,869.06,875.27,867.11,874.36,956058
2025-09-23,877.18,877.56,866.65,872.21,964171
2025-09-24,870.54,871.82,851.38,860.94,1036233
2025-09-25,858.45,862.08,850.13,852.48,871794
2025-09-26,847.67,847.73,829.47,835.19,749242
2025-09-29,840.62,847.57,837.89,846.71,663696
2025-09-30,847.52,849.18,841.65,841.99,839740
2025-10-01,846.32,849.8,844.0,845.34,620014
2025-10-02,853.4,854.87,848.75,854.25,820880
2025-10-10,858.86,859.98,849.64,859.49,773577
2025-10-13,845.76,861.79,840.28,860.49,698532
2025-10-14,865.37,870.72,839.27,847.96,996539
2025-10-15,853.17,864.77,850.3,864.72,879762
2025-10-16,866.82,868.36,862.63,865.41,899458
2025-10-17,862.71,871.06,859.19,859.54,859532
2025-10-20,864.98,876.47,862.01,875.77,846813
2025-10-21,881.53,882.1,867.62,872.5,1118285
2025-10-22,872.51,879.31,866.21,879.15,871961
2025-10-23,874.13,880.33,868.74,872.03,1060356
2025-10-24,880.61,884.06,876.38,883.08,961807
2025-10-27,890.23,902.72,888.87,902.7,997294
2025-10-28,902.82,906.71,896.36,903.3,842075
2025-10-29,906.5,906.5,896.11,901.59,976841
2025-10-30,903.24,904.34,883.68,890.86,1214716
2025-10-31,894.54,901.8,891.32,900.42,895006
2025-11-03,906.19,914.91,902.29,914.55,1037137
2025-11-04,914.87,932.15,912.78,926.57,931506
2025-11-05,919.28,919.28,871.79,901.89,1130177
2025-11-06,915.43,921.22,890.58,898.17,981007
2025-11-07,882.94,894.83,864.67,876.81,1041128
2025-11-10,882.44,889.08,872.13,888.35,727290
2025-11-11,893.91,903.09,876.56,884.27,966121
2025-11-12,890.99,906.59,887.2,906.51,1001472
2025-11-13,904.36,920.13,902.34,918.37,911087
2025-11-14,900.42,910.04,897.09,897.9,831830
2025-11-17,904.15,905.42,895.69,902.67,715016
2025-11-18,899.62,900.73,873.04,878.7,849174
2025-11-19,881.49,881.81,854.23,871.32,748690
2025-11-20,884.1,894.87,884.1,891.94,636595
2025-11-21,867.45,870.51,860.17,863.95,752170
2025-11-24,873.3,873.3,850.09,856.44,707039
2025-11-25,867.84,871.68,851.41,856.03,679352
2025-11-26,863.28,877.58,859.32,877.32,623313
2025-11-27,879.44,884.0,878.04,880.06,721127
2025-11-28,888.75,912.67,888.1,912.67,802794
2025-12-01,920.69,933.26,917.18,922.38,847837
2025-12-02,921.37,928.42,914.67,928.42,783739
2025-12-03,931.49,932.98,926.08,932.01,816178
2025-12-04,934.01,937.88,924.62,929.83,754373
2025-12-05,930.75,933.06,916.11,924.74,699774
2025-12-08,928.52,929.92,922.17,927.79,702958
2025-12-09,926.93,932.57,924.55,931.35,711666
2025-12-10,932.37,936.75,927.36,935.0,770850
2025-12-11,940.59,943.19,929.56,934.64,912428
2025-12-12,933.99,938.11,930.21,937.34,1012037
2025-12-15,925.6,939.42,921.09,938.83,991670
2025-12-16,938.23,938.23,915.49,916.11,933444
2025-12-17,922.03,922.74,907.24,911.07,1005567
2025-12-18,899.3,907.54,895.19,901.33,900507
2025-12-19,909.7,922.1,899.25,915.27,973703
2025-12-22,923.97,929.83,923.2,929.14,986662
2025-12-23,932.48,932.48,918.54,919.56,956469
2025-12-24,921.01,921.01,913.21,915.2,833835
2025-12-26,920.9,923.61,913.85,919.67,829359
2025-12-29,923.22,932.64,921.12,932.59,913419
2025-12-30,928.99,929.95,920.56,925.47,818897
2026-01-02,930.35,945.57,930.35,945.57,884031
2026-01-05,948.56,957.59,945.27,957.5,1096668
2026-01-06,959.38,960.35,950.07,955.97,1042711
2026-01-07,957.74,957.93,937.95,947.39,1072221
2026-01-08,950.71,951.77,943.08,944.06,971004
2026-01-09,944.74,948.06,935.54,947.92,924589
2026-01-12,948.48,957.37,939.33,949.81,1083537
2026-01-13,954.75,954.75,941.34,948.98,1107522
2026-01-14,951.03,951.03,937.72,942.18,948433
2026-01-15,940.66,951.48,937.74,951.16,951960
2026-01-16,950.83,956.23,943.43,954.59,1222180
2026-01-19,952.93,969.09,950.63,968.36,1281388
2026-01-20,973.17,986.23,954.64,976.37,1390666
2026-01-21,958.05,962.13,933.31,951.29,1565807
2026-01-22,963.77,972.38,956.09,970.35,1444825
2026-01-23,977.15,998.32,975.25,993.93,1452895
2026-01-26,1003.9,1064.44,1003.85,1064.41,1547814
2026-01-27,1054.19,1082.59,1054.16,1082.59,1322259
2026-01-28,1093.47,1133.52,1092.62,1133.52,1596894
2026-01-29,1153.43,1167.57,1108.43,1164.41,1540156
2026-01-30,1166.23,1180.87,1146.34,1149.44,1465198
2026-02-02,1128.57,1151.17,1089.89,1098.36,1243911
2026-02-03,1135.94,1144.4,1119.65,1144.33,1166573
2026-02-04,1139.02,1158.74,1136.73,1149.43,1179457
2026-02-05,1137.08,1143.21,1104.63,1108.41,1370412
2026-02-06,1077.08,1096.16,1048.28,1080.77,1476136
2026-02-09,1109.91,1131.72,1106.07,1127.55,1134871
2026-02-10,1132.24,1141.67,1109.44,1115.2,1341864
2026-02-11,1120.62,1126.1,1110.53,1114.87,1313253
2026-02-12,1122.55,1127.8,1110.18,1125.99,1576134
2026-02-13,1113.53,1117.91,1099.62,1106.08,1466899
2026-02-19,1122.2,1163.66,1111.28,1160.71,1351785
2026-02-20,1161.4,1162.62,1147.72,1154.0,1331918
2026-02-23,1166.94,1174.66,1143.38,1151.99,1433817
2026-02-24,1159.76,1165.32,1146.22,1165.0,1335412
2026-02-25,1174.27,1174.27,1158.18,1165.25,1512981
2026-02-26,1176.15,1190.85,1161.4,1188.15,1449495
2026-02-27,1175.4,1201.89,1173.16,1192.78,1262964
2026-03-03,1169.82,1215.67,1137.7,1137.7,1290763
2026-03-04,1112.08,1112.08,976.54,978.44,1454920
2026-03-05,1023.84,1149.54,1023.84,1116.41,1044637
2026-03-06,1117.49,1154.67,1092.43,1154.67,1033230
2026-03-09,1096.48,1113.56,1067.24,1102.28,1044170
2026-03-10,1147.99,1157.2,1123.79,1137.68,984763
2026-03-11,1155.48,1167.26,1121.45,1136.83,1307017
2026-03-12,1132.0,1150.65,1128.22,1148.4,1268603
2026-03-13,1122.28,1158.01,1119.74,1152.96,1343544
2026-03-16,1156.5,1157.32,1124.98,1138.29,1177918
2026-03-17,1156.83,1160.12,1136.94,1136.94,1244518
2026-03-18,1156.46,1164.38,1149.88,1164.38,1298538
2026-03-19,1139.12,1153.84,1138.8,1143.48,1210669
2026-03-20,1153.67,1165.96,1144.37,1161.52,1251345
2026-03-23,1129.86,1130.44,1095.56,1096.89,1059627
2026-03-24,1134.16,1135.71,1094.67,1121.44,1237347
2026-03-25,1133.31,1160.06,1131.77,1159.55,1133746
2026-03-26,1159.61,1169.46,1135.33,1136.64,1158122
2026-03-27,1119.77,1146.07,1101.93,1141.51,1463268
2026-03-30,1101.77,1113.79,1094.48,1107.05,1133950
2026-03-31,1099.08,1099.08,1049.76,1052.39,1228504
2026-04-01,1090.36,1122.8,1089.31,1116.18,1055086
2026-04-02,1130.16,1132.4,1040.07,1056.34,1530434
2026-04-03,1079.17,1083.24,1054.12,1063.75,953913
2026-04-06,1068.33,1077.04,1044.85,1047.37,1176731
2026-04-07,1060.25,1068.86,1026.95,1036.73,1154251
2026-04-08,1084.57,1090.04,1071.35,1089.85,1198291
2026-04-09,1083.4,1091.38,1068.82,1076.0,1223574
2026-04-10,1089.14,1098.43,1082.92,1093.63,1516075
2026-04-13,1076.85,1101.11,1074.84,1099.84,1282994
2026-04-14,1120.61,1125.92,1118.05,1121.88,1429628
2026-04-15,1140.62,1156.02,1135.35,1152.43,1533312
2026-04-16,1163.0,1168.77,1156.31,1162.97,1902506
2026-04-17,1166.78,1170.63,1156.02,1170.04,1836660
2026-04-20,1167.1,1186.2,1161.0,1174.85,1488715
2026-04-21,1186.23,1187.0,1172.18,1179.03,1571861
2026-04-22,1176.83,1181.12,1160.5,1181.12,1427239
2026-04-23,1189.1,1189.49,1152.34,1174.31,1687849
2026-04-24,1176.42,1203.84,1172.32,1203.84,1402973
2026-04-27,1213.13,1229.42,1209.28,1226.18,1523708
2026-04-28,1226.76,1226.76,1207.47,1215.58,1527372
2026-04-29,1213.28,1220.94,1206.11,1220.26,1255886
2026-04-30,1224.75,1225.26,1189.52,1192.35,1386410
2026-05-04,1212.28,1222.65,1211.39,1213.74,1176129
2026-05-06,1220.9,1220.9,1197.01,1210.17,1432966
2026-05-07,1210.83,1219.58,1196.63,1199.18,1420113
2026-05-08,1199.47,1215.59,1194.56,1207.72,1233834
2026-05-11,1212.88,1212.89,1190.6,1207.34,1319086
2026-05-12,1214.9,1225.29,1142.49,1179.29,1517367
2026-05-13,1176.43,1183.07,1153.65,1176.93,1132221
2026-05-14,1187.02,1194.03,1162.2,1191.09,993503
2026-05-15,1197.23,1197.23,1110.16,1129.82,1093008
2026-05-18,1122.57,1122.57,1071.66,1111.09,955327
2026-05-19,1111.36,1122.85,1063.28,1084.36,1103761
2026-05-20,1081.04,1081.04,1038.23,1056.07,1227091
2026-05-21,1085.3,1115.66,1085.3,1105.97,926096
2026-05-22,1119.43,1165.8,1119.43,1161.13,1027933
2026-05-26,1189.28,1205.12,1170.41,1172.52,1186406
2026-05-27,1173.8,1173.8,1128.75,1133.13,1228979
2026-05-28,1135.84,1136.13,1066.79,1104.36,977729
2026-05-29,1112.15,1112.15,1058.13,1074.8,855811
2026-06-01,1072.77,1082.75,1043.91,1050.03,835032
2026-06-02,1044.89,1045.77,1009.75,1026.03,774800
2026-06-04,1032.91,1065.9,1032.29,1049.73,622960
2026-06-05,1035.22,1035.22,992.8,1002.44,724352
2026-06-08,959.61,959.61,908.46,911.39,624351
2026-06-09,937.69,981.24,937.04,967.81,620286
2026-06-10,958.58,983.25,932.27,951.63,614592
2026-06-11,937.17,997.11,921.08,996.93,635319
2026-06-12,1027.05,1049.7,1021.49,1029.05,644915
2026-06-15,1048.19,1054.32,1025.42,1034.03,561329
2026-06-16,1039.0,1040.86,1015.73,1018.68,621165
2026-06-17,1019.88,1039.55,1008.57,1031.96,570786
2026-06-18,1029.81,1031.54,996.93,1000.93,611803
2026-06-19,1001.4,1001.4,946.15,966.59,882519
2026-06-22,957.49,979.58,944.31,968.4,631819
2026-06-23,958.64,971.69,891.52,891.52,797432
2026-06-24,905.13,922.12,886.17,909.31,643383
2026-06-25,923.66,930.81,884.05,887.81,639125
2026-06-26,884.43,887.43,838.53,851.37,728780
2026-06-29,860.4,923.11,859.33,920.57,576404
2026-06-30,925.21,935.27,910.3,916.18,661151
2026-07-01,924.09,955.45,905.87,929.35,601212
2026-07-02,904.53,904.53,863.74,866.72,560644
2026-07-03,875.18,875.39,823.98,868.41,601113
2026-07-06,866.4,872.12,825.73,847.07,535135
2026-07-07,843.74,866.59,812.7,831.23,543545
2026-07-08,816.39,823.33,778.7,785.0,571918
2026-07-09,792.99,819.69,778.17,794.0,442789
2026-07-10,807.0,845.88,800.39,837.43,490954
2026-07-13,839.72,867.38,797.34,799.36,523405
2026-07-14,797.16,802.53,749.76,783.98,551553
2026-07-15,805.71,831.68,805.59,829.43,497383
2026-07-16,813.32,816.47,786.59,791.84,525847
2026-07-20,773.21,783.74,747.0,749.64,528418
2026-07-21,750.07,758.36,730.81,753.34,498846
2026-07-22,772.41,789.23,751.09,751.09,501118
2026-07-23,763.51,790.28,760.83,790.28,498622
2026-07-24,777.5,777.5,746.5,748.22,500190
2026-07-27,760.54,780.39,753.73,764.86,414859
2026-07-28,742.13,742.13,697.45,705.85,506775
2026-07-29,713.71,719.39,630.99,662.68,638221
2026-07-30,654.72,677.19,642.95,644.78,456434
2026-07-31,666.47,723.56,663.25,719.76,445906
2026-08-03,709.99,757.6,705.07,737.35,431221
2026-08-04,748.19,780.85,748.19,780.72,477608
2026-08-05,794.93,803.49,783.32,799.59,587546
2026-08-06,797.44,813.54,779.08,801.67,554382
2026-08-07,807.62,814.8,776.6,798.81,509894
2026-08-10,807.66,855.38,807.66,854.47,551910
2026-08-11,848.59,875.16,840.45,857.84,533126
2026-08-12,854.85,860.76,839.86,858.91,561958
2026-08-13,863.15,870.96,853.09,861.37,685613
2026-08-14,868.07,879.29,845.41,864.65,698635
2026-08-18,866.59,872.59,827.97,834.2,694658
2026-08-19,810.08,840.5,804.02,824.46,609681
2026-08-20,843.99,850.77,834.69,840.89,550495
2026-08-21,824.05,824.05,795.57,801.94,573177
2026-08-24,804.27,821.96,804.27,813.33,524746
2026-08-25,806.93,827.15,781.89,827.15,482112
2026-08-26,824.77,832.21,815.53,826.87,429557
2026-08-27,828.42,839.57,824.22,837.65,510912
2026-08-28,835.23,840.85,829.59,838.41,475373
2026-08-31,821.67,835.5,805.14,834.29,482680
2026-09-01,831.96,833.52,815.52,821.25,567024
2026-09-02,802.8,819.62,796.34,803.98,533474
2026-09-03,814.31,815.79,782.87,790.21,559301
2026-09-04,802.32,816.54,798.97,813.5,535161
2026-09-07,822.91,828.85,819.78,822.19,592709
2026-09-08,825.03,830.21,811.88,811.88,767972
2026-09-09,815.06,830.87,814.79,830.37,697733
2026-09-10,825.06,839.05,813.66,836.92,906213
2026-09-11,816.91,826.53,816.91,820.64,597677
2026-09-14,806.27,815.3,799.77,806.79,674677
2026-09-15,806.49,824.37,801.97,812.41,680922
2026-09-16,808.37,815.98,801.12,815.98,735930
2026-09-17,820.16,826.22,814.98,822.18,660062
2026-09-18,832.72,833.57,824.73,827.12,707914
2026-09-21,830.71,838.32,822.41,836.27,582422
2026-09-22,846.14,847.1,831.13,834.38,865705
2026-09-23,841.73,847.35,835.46,844.48,645879
2026-09-28,845.48,861.15,841.23,846.58,579985
2026-09-29,843.87,849.82,833.62,849.8,604269
2026-09-30,854.78,862.5,852.1,855.91,573996
2026-10-01,853.96,879.59,851.92,878.88,244435
