name,listing_date,current_price,offer_price,return_vs_offer_pct,open_price,open_vs_offer_pct,first_close
한싹,2023-10-04,2930.0,12500.0,-76.56,37350.0,198.8,21500.0
두산로보틱스,2023-10-05,68500.0,26000.0,163.46,59100.0,127.31,51400.0
레뷰코퍼레이션,2023-10-06,5140.0,15000.0,-65.73,40000.0,166.67,23000.0
아이엠티,2023-10-10,8490.0,14000.0,-39.36,28000.0,100.0,20750.0
퓨릿,2023-10-18,9100.0,10700.0,-14.95,15610.0,45.89,14460.0
신성에스티,2023-10-19,24850.0,26000.0,-4.42,46050.0,77.12,39050.0
에스엘에스바이오,2023-10-20,1969.0,7000.0,-71.87,9330.0,33.29,6270.0
워트,2023-10-26,6890.0,6500.0,6.0,10270.0,58.0,8650.0
퀄리타스반도체,2023-10-27,10760.0,17000.0,-36.71,29200.0,71.76,20650.0
유투바이오,2023-11-02,3710.0,4400.0,-15.68,6000.0,36.36,8550.0
유진테크놀로지,2023-11-02,892.0,17000.0,-94.75,24550.0,44.41,21200.0
쏘닉스,2023-11-07,3140.0,7500.0,-58.13,10000.0,33.33,9430.0
비아이매트릭스,2023-11-09,5930.0,13000.0,-54.38,17040.0,31.08,11660.0
컨텍,2023-11-09,8010.0,22500.0,-64.4,19700.0,-12.44,15920.0
큐로셀,2023-11-09,21650.0,20000.0,8.25,22550.0,12.75,21700.0
메가터치,2023-11-09,10600.0,4800.0,120.83,6960.0,45.0,5590.0
에이직랜드,2023-11-13,21700.0,25000.0,-13.2,31800.0,27.2,30300.0
에스와이스틸텍,2023-11-13,1533.0,1800.0,-14.83,3300.0,83.33,4065.0
캡스톤파트너스,2023-11-15,2405.0,4000.0,-39.88,7000.0,75.0,9180.0
에코프로머티리얼즈,2023-11-17,34350.0,36200.0,-5.11,43000.0,18.78,57200.0
스톰테크,2023-11-20,3670.0,11000.0,-66.64,18890.0,71.73,19060.0
에코아이,2023-11-21,9360.0,34700.0,-73.03,46100.0,32.85,62300.0
동인기연,2023-11-21,12940.0,30000.0,-56.87,30700.0,2.33,29150.0
그린리소스,2023-11-24,7510.0,17000.0,-55.82,29500.0,73.53,52300.0
한선엔지니어링,2023-11-24,12430.0,7000.0,77.57,16600.0,137.14,18330.0
에이에스텍,2023-11-28,7690.0,28000.0,-72.54,85000.0,203.57,70100.0
에이텀,2023-12-01,5390.0,18000.0,-70.06,56900.0,216.11,30400.0
와이바이오로직스,2023-12-05,8030.0,9000.0,-10.78,23450.0,160.56,12800.0
케이엔에스,2023-12-06,10060.0,23000.0,-56.26,71000.0,208.7,92000.0
LS머트리얼즈,2023-12-12,13060.0,6000.0,117.67,19940.0,232.33,24000.0
블루엠텍,2023-12-13,2670.0,19000.0,-85.95,55300.0,191.05,51000.0
디에스단석,2023-12-22,12670.0,100000.0,-87.33,370000.0,270.0,400000.0
우진엔텍,2024-01-24,13510.0,5300.0,154.91,21200.0,300.0,21200.0
에이치비인베스트먼트,2024-01-25,1742.0,3400.0,-48.76,10100.0,197.06,6700.0
현대힘스,2024-01-26,12630.0,7300.0,73.01,28950.0,296.58,29200.0
포스뱅크,2024-01-29,5020.0,18000.0,-72.11,47550.0,164.17,23350.0
이닉스,2024-02-01,5400.0,14000.0,-61.43,46550.0,232.5,37100.0
스튜디오삼익,2024-02-06,2115.0,18000.0,-88.25,52000.0,188.89,39900.0
케이웨더,2024-02-22,2365.0,7000.0,-66.21,19920.0,184.57,16600.0
코셈,2024-02-23,9100.0,16000.0,-43.13,42000.0,162.5,25550.0
이에이트,2024-02-23,621.0,20000.0,-96.9,26150.0,30.75,22600.0
에이피알,2024-02-27,362500.0,250000.0,45.0,445500.0,78.2,317500.0
케이엔알시스템,2024-03-07,17720.0,13500.0,31.26,37000.0,174.07,27050.0
오상헬스케어,2024-03-13,6440.0,20000.0,-67.8,33250.0,66.25,29350.0
삼현,2024-03-21,48500.0,30000.0,61.67,67000.0,123.33,47000.0
엔젤로보틱스,2024-03-26,21400.0,20000.0,7.0,50500.0,152.5,65000.0
아이엠비디엑스,2024-04-03,2710.0,13000.0,-79.15,28550.0,119.62,36000.0
제일엠앤에스,2024-04-30,3935.0,22000.0,-82.11,37700.0,71.36,27000.0
디앤디파마텍,2024-05-02,41950.0,33000.0,27.12,49250.0,49.24,36500.0
민테크,2024-05-03,1653.0,10500.0,-84.26,14900.0,41.9,12880.0
코칩,2024-05-07,23500.0,18000.0,30.56,33000.0,83.33,28450.0
HD현대마린솔루션,2024-05-08,237500.0,83400.0,184.77,119900.0,43.76,163900.0
아이씨티케이,2024-05-17,23950.0,20000.0,19.75,19990.0,-0.05,28700.0
노브랜드,2024-05-23,3315.0,14000.0,-76.32,31000.0,121.43,54300.0
그리드위즈,2024-06-14,12460.0,40000.0,-68.85,60600.0,51.5,49500.0
라메디텍,2024-06-17,4035.0,16000.0,-74.78,50000.0,212.5,24550.0
씨어스테크놀로지,2024-06-19,25600.0,17000.0,50.59,34450.0,102.65,18500.0
한중엔시에스,2024-06-24,39900.0,30000.0,33.0,45550.0,51.83,34000.0
에스오에스랩,2024-06-25,10430.0,11500.0,-9.3,20850.0,81.3,14420.0
하이젠알앤엠,2024-06-27,28450.0,7000.0,306.43,18000.0,157.14,15160.0
에이치브이엠,2024-06-28,58200.0,18000.0,223.33,28650.0,59.17,20200.0
신한글로벌액티브리츠,2024-07-01,975.0,3000.0,-67.5,3070.0,2.33,2760.0
이노스페이스,2024-07-02,6450.0,43300.0,-85.1,43900.0,1.39,34450.0
하스,2024-07-03,4630.0,16000.0,-71.06,27600.0,72.5,17150.0
시프트업,2024-07-11,31200.0,60000.0,-48.0,79900.0,33.17,71000.0
엑셀세라퓨틱스,2024-07-15,999.0,10000.0,-90.01,12480.0,24.8,8330.0
산일전기,2024-07-29,206000.0,35000.0,488.57,44900.0,28.29,50200.0
피앤에스미캐닉스,2024-07-31,5100.0,22000.0,-76.82,30000.0,36.36,25050.0
아이빔테크놀로지,2024-08-06,2835.0,10000.0,-71.65,10000.0,0.0,13360.0
뱅크웨어글로벌,2024-08-12,4080.0,16000.0,-74.5,15990.0,-0.06,15750.0
유라클,2024-08-16,6520.0,21000.0,-68.95,27900.0,32.86,21000.0
전진건설로봇,2024-08-19,40700.0,16500.0,146.67,27500.0,66.67,20550.0
넥스트바이오메디컬,2024-08-20,30650.0,29000.0,5.69,27000.0,-6.9,23700.0
케이쓰리아이,2024-08-20,4200.0,15500.0,-72.9,15800.0,1.94,10550.0
티디에스팜,2024-08-21,5420.0,13000.0,-58.31,27000.0,107.69,52000.0
엠83,2024-08-22,4080.0,16000.0,-74.5,26000.0,62.5,22300.0
이엔셀,2024-08-23,5810.0,15300.0,-62.03,35100.0,129.41,17200.0
아이스크림미디어,2024-08-30,18520.0,32000.0,-42.13,29700.0,-7.19,22500.0
아이언디바이스,2024-09-23,1678.0,7000.0,-76.03,18000.0,157.14,10900.0
제닉스,2024-09-30,5880.0,40000.0,-85.3,59000.0,47.5,46000.0
셀비온,2024-10-16,14970.0,15000.0,-0.2,25400.0,69.33,20650.0
인스피언,2024-10-18,3975.0,12000.0,-66.88,20000.0,66.67,15820.0
와이제이링크,2024-10-18,3650.0,12000.0,-69.58,12760.0,6.33,21800.0
루미르,2024-10-21,7040.0,12000.0,-41.33,14000.0,16.67,14910.0
한켐,2024-10-22,11530.0,18000.0,-35.94,32500.0,80.56,22800.0
씨메스,2024-10-24,18350.0,30000.0,-38.83,35600.0,18.67,23100.0
웨이비스,2024-10-25,8000.0,15000.0,-46.67,18010.0,20.07,10890.0
에이치엔에스하이텍,2024-10-25,10870.0,22000.0,-50.59,19390.0,-11.86,16980.0
클로봇,2024-10-28,22350.0,13000.0,71.92,12500.0,-3.85,10070.0
성우,2024-10-31,7570.0,32000.0,-76.34,32000.0,0.0,28000.0
탑런토탈솔루션,2024-11-01,2925.0,18000.0,-83.75,15120.0,-16.0,13740.0
에이럭스,2024-11-01,7350.0,16000.0,-54.06,12460.0,-22.13,9880.0
에이치이엠파마,2024-11-05,32350.0,23000.0,40.65,20500.0,-10.87,16400.0
더본코리아,2024-11-06,14340.0,34000.0,-57.82,46350.0,36.32,51400.0
토모큐브,2024-11-07,31800.0,16000.0,98.75,12250.0,-23.44,10070.0
에어레인,2024-11-08,3695.0,23000.0,-83.93,16450.0,-28.48,17590.0
노머스,2024-11-12,10310.0,30200.0,-65.86,21500.0,-28.81,19400.0
닷밀,2024-11-13,1544.0,13000.0,-88.12,9520.0,-26.77,8610.0
쓰리빌리언,2024-11-14,6630.0,4500.0,47.33,5410.0,20.22,4100.0
엠오티,2024-11-18,6260.0,10000.0,-37.4,8450.0,-15.5,7800.0
에스켐,2024-11-18,3100.0,10000.0,-69.0,10730.0,7.3,7090.0
사이냅소프트,2024-11-19,8720.0,24500.0,-64.41,21000.0,-14.29,18490.0
위츠,2024-11-20,3980.0,6400.0,-37.81,6780.0,5.94,14690.0
케이비발해인프라투융자회사,2024-11-29,10130.0,8400.0,20.6,8400.0,0.0,7960.0
벡트,2024-12-16,3950.0,3900.0,1.28,9960.0,155.38,7730.0
엠앤씨솔루션,2024-12-16,17990.0,65000.0,-72.32,58000.0,-10.77,51800.0
온코크로스,2024-12-18,3760.0,7300.0,-48.49,12650.0,73.29,8960.0
온코닉테라퓨틱스,2024-12-19,15330.0,13000.0,17.92,18000.0,38.46,17300.0
듀켐바이오,2024-12-20,7240.0,8000.0,-9.5,12100.0,51.25,9080.0
쓰리에이로직스,2024-12-24,3640.0,11000.0,-66.91,14060.0,27.82,9130.0
파인메딕스,2024-12-26,6260.0,10000.0,-37.4,25300.0,153.0,16000.0
미트박스글로벌,2025-01-23,2600.0,19000.0,-86.32,18600.0,-2.11,14200.0
데이원컴퍼니,2025-01-24,3335.0,13000.0,-74.35,10760.0,-17.23,7800.0
아스테라시스,2025-01-24,5600.0,4600.0,21.74,7770.0,68.91,6640.0
와이즈넛,2025-01-24,5550.0,17000.0,-67.35,14020.0,-17.53,10800.0
삼양엔씨켐,2025-02-03,13900.0,18000.0,-22.78,23650.0,31.39,17960.0
아이지넷,2025-02-04,1630.0,7000.0,-76.71,6110.0,-12.71,4355.0
피아이이,2025-02-04,5070.0,5000.0,1.4,5000.0,0.0,4365.0
LGCNS,2025-02-05,69300.0,61900.0,11.95,60500.0,-2.26,55800.0
아이에스티이,2025-02-12,7190.0,11400.0,-36.93,14430.0,26.58,22500.0
동방메디컬,2025-02-13,6080.0,10500.0,-42.1,14730.0,40.29,9680.0
오름테라퓨틱,2025-02-14,22500.0,20000.0,12.5,21000.0,5.0,21800.0
동국생명과학,2025-02-17,3000.0,9000.0,-66.67,12900.0,43.33,12530.0
모티브링크,2025-02-20,3865.0,6000.0,-35.58,16500.0,175.0,17610.0
위너스,2025-02-24,6070.0,8500.0,-28.59,23450.0,175.88,34000.0
엘케이켐,2025-02-25,23250.0,21000.0,10.71,64300.0,206.19,58800.0
대진첨단소재,2025-03-06,2825.0,9000.0,-68.61,17830.0,98.11,12110.0
엠디바이스,2025-03-07,14360.0,8350.0,71.98,18000.0,115.57,11100.0
서울보증보험,2025-03-14,43200.0,26000.0,66.15,28050.0,7.88,32000.0
씨케이솔루션,2025-03-17,1776.0,15000.0,-88.16,27550.0,83.67,18760.0
티엑스알로보틱스,2025-03-20,11820.0,13500.0,-12.44,21300.0,57.78,20700.0
한텍,2025-03-20,23050.0,10800.0,113.43,25000.0,131.48,26400.0
심플랫폼,2025-03-21,4645.0,15000.0,-69.03,21050.0,40.33,14500.0
더즌,2025-03-24,2835.0,9000.0,-68.5,9270.0,3.0,8080.0
에이유브랜즈,2025-04-03,14830.0,16000.0,-7.31,28000.0,75.0,18050.0
한국피아이엠,2025-04-04,52000.0,11200.0,364.29,15370.0,37.23,16100.0
쎄크,2025-04-28,6350.0,15000.0,-57.67,20200.0,34.67,13680.0
나우로보틱스,2025-05-08,15600.0,6800.0,129.41,17000.0,150.0,15400.0
원일티엔아이,2025-05-09,8000.0,13500.0,-40.74,23600.0,74.81,35900.0
오가노이드사이언스,2025-05-09,6740.0,21000.0,-67.9,25400.0,20.95,32000.0
로킷헬스케어,2025-05-12,27400.0,11000.0,149.09,16860.0,53.27,14750.0
이뮨온시아,2025-05-19,3370.0,3600.0,-6.39,5600.0,55.56,7500.0
바이오비쥬,2025-05-20,11570.0,9100.0,27.14,23000.0,152.75,18380.0
달바글로벌,2025-05-22,188900.0,66300.0,184.92,118000.0,77.98,110100.0
인투셀,2025-05-23,16640.0,17000.0,-2.12,37100.0,118.24,33200.0
키스트론,2025-06-02,4415.0,3600.0,22.64,10670.0,196.39,9660.0
링크솔루션,2025-06-10,26800.0,23000.0,16.52,30000.0,30.43,26250.0
GC지놈,2025-06-11,8760.0,10500.0,-16.57,14300.0,36.19,11100.0
지에프씨생명과학,2025-06-30,5550.0,15300.0,-63.73,29550.0,93.14,32550.0
뉴엔에이아이,2025-07-04,6830.0,15000.0,-54.47,36900.0,146.0,38400.0
싸이닉솔루션,2025-07-07,3845.0,4700.0,-18.19,10080.0,114.47,7960.0
대신밸류리츠,2025-07-10,3745.0,5000.0,-25.1,4750.0,-5.0,4520.0
아우토크립트,2025-07-15,6320.0,22000.0,-71.27,31750.0,44.32,30850.0
도우인시스,2025-07-23,24150.0,32000.0,-24.53,54400.0,70.0,44350.0
뉴로핏,2025-07-25,7680.0,14000.0,-45.14,28600.0,104.29,20300.0
엔알비,2025-07-28,9610.0,21000.0,-54.24,21300.0,1.43,16660.0
프로티나,2025-07-29,53600.0,14000.0,282.86,23750.0,69.64,17550.0
대한조선,2025-08-01,45000.0,50000.0,-10.0,89100.0,78.2,92400.0
아이티켐,2025-08-07,21000.0,16100.0,30.43,38800.0,140.99,31050.0
지투지바이오,2025-08-14,33900.0,58000.0,-41.55,86500.0,49.14,93800.0
삼양컴텍,2025-08-18,7280.0,7700.0,-5.45,16010.0,107.92,16640.0
에스엔시스,2025-08-19,22800.0,30000.0,-24.0,51000.0,70.0,45000.0
한라캐스트,2025-08-20,11570.0,5800.0,99.48,7840.0,35.17,5920.0
제이피아이헬스케어,2025-08-21,8700.0,20000.0,-56.5,28000.0,40.0,21700.0
그래피,2025-08-25,15510.0,15000.0,3.4,11600.0,-22.67,11260.0
에스투더블유,2025-09-19,15500.0,13200.0,17.42,26000.0,96.97,23950.0
명인제약,2025-10-01,42150.0,58000.0,-27.33,119800.0,106.55,121900.0
노타,2025-11-03,19960.0,9100.0,119.34,22500.0,147.25,31000.0
이노테크,2025-11-07,15530.0,14700.0,5.65,50300.0,242.18,58800.0
큐리오시스,2025-11-13,8900.0,22000.0,-59.55,88000.0,300.0,88000.0
세나테크놀로지,2025-11-14,36300.0,56800.0,-36.09,122600.0,115.85,80200.0
그린광학,2025-11-17,14680.0,16000.0,-8.25,54000.0,237.5,22850.0
더핑크퐁컴퍼니,2025-11-18,12570.0,38000.0,-66.92,58000.0,52.63,41550.0
씨엠티엑스,2025-11-20,88800.0,60500.0,46.78,152000.0,151.24,131600.0
비츠로넥스텍,2025-11-21,10540.0,6900.0,52.75,12500.0,81.16,12810.0
아로마티카,2025-11-27,10880.0,8000.0,36.0,27500.0,243.75,19920.0
에임드바이오,2025-12-04,21500.0,11000.0,95.45,44000.0,300.0,44000.0
테라뷰홀딩스,2025-12-09,4355.0,8000.0,-45.56,12000.0,50.0,16000.0
페스카로,2025-12-10,7900.0,15500.0,-49.03,45000.0,190.32,27100.0
이지스,2025-12-11,5650.0,15000.0,-62.33,32000.0,113.33,20500.0
쿼드메디슨,2025-12-12,4495.0,15000.0,-70.03,23950.0,59.67,17630.0
티엠씨,2025-12-15,13810.0,9300.0,48.49,22550.0,142.47,16770.0
아크릴,2025-12-16,18380.0,19500.0,-5.74,45900.0,135.38,67000.0
나라스페이스테크놀로지,2025-12-17,13800.0,16500.0,-16.36,34000.0,106.06,27150.0
알지노믹스,2025-12-18,23850.0,22500.0,6.0,90000.0,300.0,90000.0
삼진식품,2025-12-22,4980.0,7600.0,-34.47,22900.0,201.32,19210.0
리브스메드,2025-12-24,30300.0,55000.0,-44.91,66000.0,20.0,49600.0
세미파이브,2025-12-29,18840.0,24000.0,-21.5,47170.0,96.54,27650.0
덕양에너젠,2026-01-30,8200.0,10000.0,-18.0,21050.0,110.5,34850.0
케이뱅크,2026-03-05,5450.0,8300.0,-34.34,9000.0,8.43,8330.0
에스팀,2026-03-06,2960.0,8500.0,-65.18,30650.0,260.59,34000.0
액스비스,2026-03-09,11650.0,11500.0,1.3,46000.0,300.0,46000.0
카나프테라퓨틱스,2026-03-16,12290.0,20000.0,-38.55,68100.0,240.5,50600.0
아이엠바이오로직스,2026-03-20,17270.0,26000.0,-33.58,104000.0,300.0,104000.0
한패스,2026-03-25,4650.0,19000.0,-75.53,37100.0,95.26,27200.0
메쥬,2026-03-26,13530.0,21600.0,-37.36,66000.0,205.56,39000.0
리센스메디컬,2026-03-31,9540.0,11000.0,-13.27,37600.0,241.82,18450.0
인벤테라,2026-04-02,13440.0,16600.0,-19.04,39150.0,135.84,35250.0
채비,2026-04-29,5330.0,12300.0,-56.67,15250.0,23.98,22550.0
코스모로보틱스,2026-05-11,10740.0,6000.0,79.0,23500.0,291.67,24000.0
폴레드,2026-05-14,2920.0,5000.0,-41.6,20000.0,300.0,20000.0
마키나락스,2026-05-20,21550.0,15000.0,43.67,60000.0,300.0,60000.0
피스피스스튜디오,2026-06-08,5670.0,21500.0,-73.63,32000.0,48.84,13730.0
져스텍,2026-06-29,9790.0,12500.0,-21.68,35350.0,182.8,17530.0
스트라드비젼,2026-06-30,3005.0,12000.0,-74.96,11020.0,-8.17,7200.0
매드업,2026-07-01,8320.0,8000.0,4.0,22250.0,178.13,10080.0
레몬헬스케어,2026-07-06,4260.0,10000.0,-57.4,16560.0,65.6,9850.0
레메디,2026-07-13,19930.0,20700.0,-3.72,30750.0,48.55,22000.0
에이치엘지노믹스,2026-07-24,8150.0,21500.0,-62.09,21500.0,0.0,14790.0
딜리셔스,2026-08-12,2935.0,7000.0,-58.07,6000.0,-14.29,5140.0
케이앤에스아이앤씨,2026-08-13,6600.0,11000.0,-40.0,21000.0,90.91,15380.0
인제니아테라퓨틱스,2026-08-18,17990.0,12000.0,49.92,10960.0,-8.67,17990.0
기도산업,2026-08-21,12250.0,28400.0,-56.87,28000.0,-1.41,18580.0
니어스랩,2026-08-24,31750.0,41200.0,-22.94,40500.0,-1.7,28650.0
해치텍,2026-08-25,11990.0,23000.0,-47.87,20500.0,-10.87,13930.0
스카이랩스,2026-09-04,17700.0,10000.0,77.0,8500.0,-15.0,23500.0
네오사피엔스,2026-09-21,16870.0,10000.0,68.7,25250.0,152.5,34300.0
와이즈플래닛컴퍼니,2026-09-23,22750.0,12000.0,89.58,42750.0,256.25,46300.0
빅웨이브로보틱스,2026-09-29,29900.0,18000.0,66.11,56000.0,211.11,29900.0
글로벌테크놀로지,2026-09-29,18220.0,10000.0,82.2,21150.0,111.5,18220.0
덕산넵코어스,2026-09-30,,14600.0,,27100.0,85.62,
브릴스,2026-10-01,,19500.0,,,,
멜콘,2026-10-15,,12300.0,,,,
진코스텍,2026-10-15,,23500.0,,,,
