name,forecast_date,band_lo,band_hi,final_price,amount_mil,demand_ratio,lockup_pct,underwriter
워트,2023-10-05,5000.0,5600.0,6500.0,20000.0,793.26,10.06,키움증권
퀄리타스반도체,2023-10-06,13000.0,15000.0,17000.0,23400.0,818.52,22.25,한국투자증권
유진테크놀로지,2023-10-11,12800.0,14500.0,17000.0,13433.0,914.02,17.63,NH투자증권
쏘닉스,2023-10-17,5000.0,7000.0,7500.0,18000.0,716.5,1.39,KB증권
유투바이오,2023-10-18,3300.0,3900.0,4400.0,3724.0,1276.73,2.35,신한투자증권
비아이매트릭스,2023-10-19,9100.0,11000.0,13000.0,10920.0,981.09,4.2,IBK투자증권
컨텍,2023-10-20,20300.0,22500.0,22500.0,41818.0,198.93,1.24,대신증권
큐로셀,2023-10-20,29800.0,33500.0,20000.0,47680.0,20.88,4.74,"미래에셋증권,삼성증권"
메가터치,2023-10-20,3500.0,4000.0,4800.0,18200.0,765.86,9.25,NH투자증권
에이직랜드,2023-10-23,19100.0,21400.0,25000.0,50353.0,490.02,22.38,삼성증권
에스와이스틸텍,2023-10-23,1200.0,1500.0,1800.0,8400.0,1113.85,6.69,KB증권
에코프로머티리얼즈,2023-10-30,36200.0,44000.0,36200.0,524031.0,17.2,3.31,"미래에셋증권,NH투자증권,하이투자증권"
스톰테크,2023-10-31,8000.0,9500.0,11000.0,26800.0,573.97,3.24,하이투자증권
에코아이,2023-11-01,28500.0,34700.0,34700.0,59251.0,75.14,3.99,KB증권
동인기연,2023-11-01,33000.0,37000.0,30000.0,60654.0,26.37,,NH투자증권
한선엔지니어링,2023-11-02,5200.0,6000.0,7000.0,22100.0,709.55,3.89,대신증권
그린리소스,2023-11-03,11000.0,14000.0,17000.0,18040.0,753.19,5.39,NH투자증권
에이에스텍,2023-11-07,21000.0,25000.0,28000.0,29547.0,629.95,8.66,미래에셋증권
에이텀,2023-11-09,23000.0,30000.0,18000.0,14950.0,136.4,0.43,하나증권
와이바이오로직스,2023-11-10,9000.0,11000.0,9000.0,13500.0,226.9,14.47,유안타증권
케이엔에스,2023-11-16,19000.0,22000.0,23000.0,14250.0,964.82,10.96,신영증권
블루엠텍,2023-11-22,15000.0,19000.0,19000.0,21000.0,582.24,0.02,"하나증권,키움증권"
LS머트리얼즈,2023-11-22,4400.0,5500.0,6000.0,64350.0,396.84,12.02,"키움증권,KB증권,이베스트투자증권,하이투자증권,NH투자증권"
디에스단석,2023-12-05,79000.0,89000.0,100000.0,96380.0,341.84,,"KB증권,NH투자증권"
포스뱅크,2024-01-05,13000.0,15000.0,18000.0,19500.0,839.03,6.21,하나증권
에이치비인베스트먼트,2024-01-08,2400.0,2800.0,3400.0,16000.0,838.81,7.73,NH투자증권
현대힘스,2024-01-08,5000.0,6300.0,7300.0,43535.0,680.82,11.98,미래에셋증권
우진엔텍,2024-01-08,4300.0,4900.0,5300.0,8858.0,1263.32,17.01,케이비증권
이닉스,2024-01-11,9200.0,11000.0,14000.0,27600.0,670.6,25.31,삼성증권
스튜디오삼익,2024-01-17,14500.0,16500.0,18000.0,12325.0,966.9,5.55,DB금융투자
코셈,2024-01-29,12000.0,14000.0,16000.0,7200.0,1267.6,10.04,키움증권
이에이트,2024-01-29,14500.0,18500.0,20000.0,16385.0,630.64,2.35,한화투자증권
케이웨더,2024-02-01,4800.0,5800.0,7000.0,4800.0,1362.5,3.93,NH투자증권
에이피알,2024-02-02,147000.0,200000.0,250000.0,55713.0,663.18,29.04,"신한투자증권,하나증권"
케이엔알시스템,2024-02-16,9000.0,11000.0,13500.0,18936.0,873.2,31.86,"DB금융투자,NH투자증권"
오상헬스케어,2024-02-21,13000.0,15000.0,20000.0,12870.0,993.21,2.85,NH투자증권
삼현,2024-02-29,20000.0,25000.0,30000.0,40000.0,649.11,10.64,한국투자증권
엔젤로보틱스,2024-03-06,11000.0,15000.0,20000.0,17600.0,1157.0,16.67,NH투자증권
아이엠비디엑스,2024-03-14,7700.0,9900.0,13000.0,19250.0,865.73,4.5,미래에셋증권
제일엠앤에스,2024-04-05,15000.0,18000.0,22000.0,36000.0,645.91,5.49,KB증권
민테크,2024-04-12,6500.0,8500.0,10500.0,19500.0,946.72,4.23,KB증권
디앤디파마텍,2024-04-12,22000.0,26000.0,33000.0,24200.0,848.5,10.96,한국투자증권
코칩,2024-04-15,11000.0,14000.0,18000.0,16500.0,988.32,13.19,한국투자증권
HD현대마린솔루션,2024-04-16,73300.0,83400.0,83400.0,652370.0,201.13,45.78,"KB증권,신한.하나.대신.삼성증권"
아이씨티케이,2024-04-24,13000.0,16000.0,20000.0,25610.0,783.2,6.54,NH투자증권
노브랜드,2024-04-30,8700.0,11000.0,14000.0,16800.0,1075.61,4.51,삼성증권
그리드위즈,2024-05-23,34000.0,40000.0,40000.0,47600.0,124.6,0.95,삼성증권
씨어스테크놀로지,2024-05-27,10500.0,14000.0,17000.0,13650.0,1084.39,2.06,한국투자증권
라메디텍,2024-05-27,10400.0,12700.0,16000.0,13499.0,1115.44,9.93,대신증권
한중엔시에스,2024-05-30,20000.0,23500.0,30000.0,32000.0,725.94,12.44,IBK투자증권
에스오에스랩,2024-06-03,7500.0,9000.0,11500.0,23000.0,1072.3,4.19,한국투자증권
시프트업,2024-06-03,47000.0,60000.0,60000.0,340750.0,225.94,32.98,한국투자.NH투자.신한투자증권
신한글로벌액티브리츠,2024-06-03,3000.0,3800.0,3000.0,70000.0,38.7,,신한투자.한국투자증권
하이젠알앤엠,2024-06-07,4500.0,5500.0,7000.0,23800.0,1099.21,11.8,한국투자증권
에이치브이엠,2024-06-11,11000.0,14200.0,18000.0,43200.0,837.2,,NH투자증권
이노스페이스,2024-06-11,36400.0,43300.0,43300.0,57589.0,598.87,1.99,"미래에셋증권,신한투자증권"
하스,2024-06-13,9000.0,12000.0,16000.0,28960.0,946.4,6.36,삼성증권
엑셀세라퓨틱스,2024-06-24,6200.0,7700.0,10000.0,16180.0,1233.8,4.5,대신증권
산일전기,2024-07-09,24000.0,30000.0,35000.0,266000.0,413.86,42.37,"미래에셋증권,삼성증권"
피앤에스미캐닉스,2024-07-11,14000.0,17000.0,22000.0,29700.0,986.08,5.6,키움증권
아이빔테크놀로지,2024-07-15,7300.0,8500.0,10000.0,22340.0,1011.5,0.49,삼성증권
뱅크웨어글로벌,2024-07-23,16000.0,19000.0,16000.0,22400.0,155.74,1.52,미래에셋증권
넥스트바이오메디컬,2024-07-29,24000.0,29000.0,29000.0,29000.0,356.95,2.18,한국투자증권
유라클,2024-07-29,18000.0,21000.0,21000.0,15771.0,1065.86,0.55,키움증권
케이쓰리아이,2024-07-30,12500.0,15500.0,15500.0,21700.0,239.23,1.03,하나증권
전진건설로봇,2024-07-30,13800.0,15700.0,16500.0,50781.0,870.2,8.79,미래에셋증권
티디에스팜,2024-07-31,9500.0,10700.0,13000.0,13000.0,1331.2,4.23,한국투자증권
엠83,2024-08-01,11000.0,13000.0,16000.0,24000.0,1024.72,0.75,"신영증권,유진투자증권"
이엔셀,2024-08-02,13600.0,15300.0,15300.0,23972.0,949.3,0.24,NH투자증권
아이스크림미디어,2024-08-09,32000.0,40200.0,32000.0,78720.0,31.26,4.37,삼성증권
아이언디바이스,2024-08-30,4900.0,5700.0,7000.0,21000.0,1152.85,3.34,대신증권
제닉스,2024-09-05,28000.0,34000.0,40000.0,26400.0,1051.52,1.71,"신영증권,KB증권"
인스피언,2024-09-23,8000.0,10000.0,12000.0,27000.0,1069.68,2.98,한국투자증권
한켐,2024-09-23,12500.0,14500.0,18000.0,28800.0,1019.86,3.89,"신영증권,유진증권"
셀비온,2024-09-24,10000.0,12200.0,15000.0,28665.0,1050.19,8.64,대신증권
와이제이링크,2024-09-25,8600.0,9800.0,12000.0,30616.0,800.57,0.43,KB증권
루미르,2024-09-26,16500.0,20500.0,12000.0,28800.0,13.1,0.14,NH투자증권
씨메스,2024-09-30,20000.0,24000.0,30000.0,78000.0,577.59,1.0,"삼성증권,유진투자증권,유안타증권"
에이치엔에스하이텍,2024-09-30,22000.0,26000.0,22000.0,11000.0,251.27,0.42,미래에셋증권
웨이비스,2024-10-07,11000.0,12500.0,15000.0,22350.0,1159.89,0.01,대신증권
클로봇,2024-10-07,9400.0,10900.0,13000.0,39000.0,933.9,1.44,"미래에셋증권,신영증권"
성우,2024-10-10,25000.0,29000.0,32000.0,96000.0,516.19,3.25,한국투자증권
에이럭스,2024-10-11,11500.0,13500.0,16000.0,24000.0,973.12,0.36,한국투자증권
에이치이엠파마,2024-10-14,16400.0,19000.0,23000.0,16031.0,1220.68,0.29,신한투자증권
탑런토탈솔루션,2024-10-14,12000.0,14000.0,18000.0,45000.0,841.12,1.73,KB증권
에어레인,2024-10-15,16000.0,18500.0,23000.0,27600.0,1000.1,0.46,신영증권
토모큐브,2024-10-17,10900.0,13400.0,16000.0,32000.0,967.71,0.14,대신증권
더본코리아,2024-10-18,23000.0,28000.0,34000.0,102000.0,734.67,12.23,"한국투자증권,NH투자증권"
노머스,2024-10-23,27200.0,30200.0,30200.0,34126.0,288.0,0.79,대신증권
닷밀,2024-10-24,11000.0,13000.0,13000.0,15600.0,1082.35,0.22,미래에셋증권
쓰리빌리언,2024-10-24,4500.0,6500.0,4500.0,14400.0,254.59,0.93,한국투자증권
위츠,2024-10-28,5300.0,6400.0,6400.0,19200.0,997.37,0.23,신한투자증권
에스켐,2024-10-28,13000.0,14600.0,10000.0,19500.0,283.9,0.82,NH투자증권
엠오티,2024-10-29,12000.0,14000.0,10000.0,17500.0,343.66,0.01,한국투자증권
사이냅소프트,2024-10-29,21000.0,24500.0,24500.0,24745.0,1163.2,0.35,NH투자증권
벡트,2024-11-25,3500.0,3900.0,3900.0,18525.0,963.77,3.12,신한투자
엠앤씨솔루션,2024-11-26,80000.0,93300.0,65000.0,156000.0,8.18,,"KB증권,삼성증권,키움증권"
온코닉테라퓨틱스,2024-11-27,16000.0,18000.0,13000.0,20150.0,198.96,3.72,NH투자증권
온코크로스,2024-11-27,10100.0,12300.0,7300.0,10388.0,635.05,,미래에셋증권
듀켐바이오,2024-12-02,12300.0,14100.0,8000.0,11440.0,47.73,0.02,NH투자증권
쓰리에이로직스,2024-12-04,15700.0,18200.0,11000.0,20431.0,129.1,,"미래에셋증권,신한투자증권"
파인메딕스,2024-12-05,9000.0,10000.0,10000.0,9000.0,1260.25,2.77,한국투자증권
미트박스글로벌,2025-01-02,19000.0,23000.0,19000.0,19000.0,849.95,,미래에셋증권
와이즈넛,2025-01-03,24000.0,26000.0,17000.0,15300.0,64.85,0.32,삼성증권
삼양엔씨켐,2025-01-06,16000.0,18000.0,18000.0,19800.0,1242.26,1.44,KB증권
데이원컴퍼니,2025-01-06,22000.0,26700.0,13000.0,17693.0,114.98,,"미래에셋증권,삼성증권"
아스테라시스,2025-01-06,4000.0,4600.0,4600.0,16790.0,1242.4,9.98,DB금융투자
피아이이,2025-01-08,4000.0,5000.0,5000.0,18000.0,1117.74,0.63,삼성증권
LGCNS,2025-01-09,53700.0,61900.0,61900.0,1199448.0,114.38,10.57,"KB증권,미래에셋증권,신한투자증권,대신증권,NH투자증권,하나증권"
아이지넷,2025-01-09,6000.0,7000.0,7000.0,14000.0,1138.59,0.4,한국투자증권
동방메디컬,2025-01-16,9000.0,10500.0,10500.0,31150.0,910.14,5.77,NH투자증권
오름테라퓨틱,2025-01-17,24000.0,30000.0,20000.0,60000.0,16.93,10.93,한국투자증권
동국생명과학,2025-01-20,12600.0,14300.0,9000.0,18000.0,117.83,1.92,"NH투자증권,KB증권"
아이에스티이,2025-01-21,9700.0,11400.0,11400.0,14820.0,1148.16,1.69,KB증권
모티브링크,2025-01-31,5100.0,6000.0,6000.0,18124.0,1075.52,3.36,미래에셋증권
위너스,2025-02-04,7500.0,8500.0,8500.0,14450.0,1155.04,4.46,미래에셋증권
엘케이켐,2025-02-04,18000.0,21000.0,21000.0,21000.0,1052.62,8.19,신영증권
대진첨단소재,2025-02-11,10900.0,13000.0,9000.0,27000.0,576.65,2.28,"미래에셋증권,신영증권"
엠디바이스,2025-02-12,7200.0,8350.0,8350.0,10521.0,1366.65,4.9,삼성증권
씨케이솔루션,2025-02-20,13500.0,15000.0,15000.0,22500.0,1020.35,5.46,NH투자증권
서울보증보험,2025-02-20,26000.0,31800.0,26000.0,181536.0,240.78,16.31,"미래에셋증권,삼성증권"
한텍,2025-02-24,9200.0,10800.0,10800.0,30443.0,951.52,19.74,대신증권
티엑스알로보틱스,2025-02-26,11500.0,13500.0,13500.0,41518.0,862.62,6.1,"NH투자증권,신한투자증권,유진투자증권"
심플랫폼,2025-02-27,13000.0,15000.0,15000.0,11960.0,1213.84,0.31,KB증권
더즌,2025-02-28,10500.0,12500.0,9000.0,26250.0,461.95,0.72,한국투자증권
에이유브랜즈,2025-03-13,14000.0,16000.0,16000.0,28000.0,816.22,3.21,한국투자증권
한국피아이엠,2025-03-17,9300.0,11200.0,11200.0,14560.0,1214.55,5.55,IBK투자증권
쎄크,2025-04-08,13000.0,15000.0,15000.0,18000.0,1232.54,3.76,신영증권
나우로보틱스,2025-04-14,5900.0,6800.0,6800.0,14750.0,1394.96,13.59,"대신증권,아이엠증권"
로킷헬스케어,2025-04-14,11000.0,13000.0,11000.0,17160.0,368.45,8.51,"SK증권,KB증권"
원일티엔아이,2025-04-16,11500.0,13500.0,13500.0,13800.0,1308.07,23.34,NH투자증권
오가노이드사이언스,2025-04-16,17000.0,21000.0,21000.0,25200.0,1066.9,6.33,한국투자증권
이뮨온시아,2025-04-22,3000.0,3600.0,3600.0,27421.0,897.45,8.22,한국투자증권
바이오비쥬,2025-04-23,8000.0,9100.0,9100.0,24000.0,1094.25,12.48,대신증권
달바글로벌,2025-04-28,54500.0,66300.0,66300.0,35643.0,1140.88,24.24,미래에셋증권
인투셀,2025-04-29,12500.0,17000.0,17000.0,18750.0,1151.5,11.96,미래에셋증권
키스트론,2025-05-12,3100.0,3600.0,3600.0,22680.0,1140.95,14.95,신한투자증권
링크솔루션,2025-05-16,20000.0,23000.0,23000.0,20700.0,1159.43,1.83,신영증권
GC지놈,2025-05-19,9000.0,10500.0,10500.0,42000.0,547.47,1.04,삼성증권
지에프씨생명과학,2025-06-10,12300.0,15300.0,15300.0,11995.0,1443.69,13.88,대신증권
뉴엔에이아이,2025-06-12,13000.0,15000.0,15000.0,33300.0,995.61,17.18,"NH투자증권,신한투자증권"
대신밸류리츠,2025-06-12,5000.0,5000.0,5000.0,96500.0,7.43,4.6,"대신증권,한국투자증권,삼성증권"
싸이닉솔루션,2025-06-16,4000.0,4700.0,4700.0,16450.0,1289.62,7.91,대신증권
아우토크립트,2025-06-24,18700.0,22000.0,22000.0,30800.0,995.34,5.28,대신증권
도우인시스,2025-07-03,29000.0,32000.0,32000.0,44800.0,785.41,3.58,키움증권
뉴로핏,2025-07-04,11400.0,14000.0,14000.0,28000.0,1087.6,12.08,미래에셋증권
엔알비,2025-07-08,18000.0,21000.0,21000.0,44100.0,800.83,0.77,"NH투자증권,KB증권"
프로티나,2025-07-08,11000.0,14000.0,14000.0,21000.0,1199.2,8.11,한국투자증권
대한조선,2025-07-11,42000.0,50000.0,50000.0,500000.0,275.66,56.86,"KB증권,NH투자증권,신영증권"
아이티켐,2025-07-17,14500.0,16100.0,16100.0,32200.0,1157.98,23.83,KB증권
삼양컴텍,2025-07-24,6600.0,7700.0,7700.0,111650.0,565.55,48.37,"신한투자증권,NH투자증권"
지투지바이오,2025-07-25,48000.0,58000.0,58000.0,52200.0,810.6,15.64,미래에셋증권
에스엔시스,2025-07-28,27000.0,30000.0,30000.0,57000.0,739.17,27.37,신한투자증권
한라캐스트,2025-07-30,5100.0,5800.0,5800.0,38250.0,832.89,5.82,대신증권
그래피,2025-07-31,17000.0,20000.0,15000.0,33150.0,182.15,,"KB증권,신한투자증권"
제이피아이헬스케어,2025-08-01,16500.0,20000.0,20000.0,31600.0,942.71,3.03,키움증권
에스투더블유,2025-09-02,11400.0,13200.0,13200.0,20856.0,1145.4,22.86,대신증권
명인제약,2025-09-09,45000.0,58000.0,58000.0,197200.0,488.95,62.08,KB증권
노타,2025-10-14,7600.0,9100.0,9100.0,26536.0,1058.2,59.75,미래에셋증권
이노테크,2025-10-16,12900.0,14700.0,14700.0,25872.0,1072.41,56.03,KB증권
세나테크놀로지,2025-10-23,47500.0,56800.0,56800.0,31808.0,976.92,17.04,"KB증권,신한투자증권"
큐리오시스,2025-10-27,18000.0,22000.0,22000.0,26400.0,1031.39,55.67,키움증권
그린광학,2025-10-28,14000.0,16000.0,16000.0,32000.0,962.34,65.43,신영증권
더핑크퐁컴퍼니,2025-10-28,32000.0,38000.0,38000.0,64000.0,615.89,30.42,"미래에셋증권,삼성증권"
씨엠티엑스,2025-10-29,51000.0,60500.0,60500.0,60500.0,756.19,71.77,미래에셋증권
비츠로넥스텍,2025-10-31,5900.0,6900.0,6900.0,30360.0,1015.93,29.76,"NH투자증권,교보증권"
아로마티카,2025-11-07,6000.0,8000.0,8000.0,24000.0,1152.98,58.01,신한투자증권
에임드바이오,2025-11-12,9000.0,11000.0,11000.0,70730.0,671.98,74.22,미래에셋증권
테라뷰홀딩스,2025-11-13,7000.0,8000.0,8000.0,40000.0,646.0,10.19,삼성증권
페스카로,2025-11-20,12500.0,15500.0,15500.0,20150.0,1173.21,10.43,"NH투자증권,한화투자증권"
이지스,2025-11-21,13000.0,15000.0,15000.0,19500.0,1109.86,6.31,NH투자증권
티엠씨,2025-11-21,8000.0,9300.0,9300.0,48800.0,959.96,53.42,미래에셋증권
쿼드메디슨,2025-11-24,12000.0,15000.0,15000.0,20400.0,1139.61,17.82,NH투자증권
아크릴,2025-11-25,17500.0,19500.0,19500.0,42120.0,790.49,52.75,신한투자증권
나라스페이스테크놀로지,2025-11-26,13100.0,16500.0,16500.0,28380.0,879.08,5.53,삼성증권
삼진식품,2025-12-03,6700.0,7600.0,7600.0,15200.0,1303.87,41.05,대신증권
리브스메드,2025-12-04,44000.0,55000.0,55000.0,135850.0,231.87,17.12,"삼성증권,미래에셋증권"
세미파이브,2025-12-10,21000.0,24000.0,24000.0,129600.0,436.89,43.93,삼성증권
덕양에너젠,2026-01-12,8500.0,10000.0,10000.0,75000.0,650.14,14.38,"NH투자증권,미래에셋증권"
케이뱅크,2026-02-04,8300.0,9500.0,8300.0,498000.0,198.53,12.39,"NH투자증권,삼성증권,신한투자증권"
액스비스,2026-02-06,10100.0,11500.0,11500.0,26450.0,1124.21,75.7,미래에셋증권
에스팀,2026-02-09,7000.0,8500.0,8500.0,15300.0,1334.91,42.45,한국투자증권
카나프테라퓨틱스,2026-02-23,16000.0,20000.0,20000.0,40000.0,962.1,76.1,한국투자증권
아이엠바이오로직스,2026-02-27,19000.0,26000.0,26000.0,38000.0,839.23,76.01,"한국투자증권,신한투자증권"
메쥬,2026-03-05,16700.0,21600.0,21600.0,29052.0,1108.93,75.4,신한투자증권
한패스,2026-03-06,17000.0,19000.0,19000.0,20900.0,1172.59,27.43,"한국투자증권,대신증권"
리센스메디컬,2026-03-09,9000.0,11000.0,11000.0,15400.0,1352.63,63.92,"한국투자증권,KB증권"
인벤테라,2026-03-11,12100.0,16600.0,16600.0,19588.0,1328.82,43.06,"NH투자증권,유진투자증권"
채비,2026-04-10,12300.0,15300.0,12300.0,110700.0,55.23,6.49,"KB증권,삼성증권,대신증권,하나증권"
코스모로보틱스,2026-04-16,5300.0,6000.0,6000.0,25020.0,1140.11,73.03,"유진투자증권,NH투자증권,유안타증권"
폴레드,2026-04-22,4100.0,5000.0,5000.0,13000.0,1486.66,67.24,NH투자증권
마키나락스,2026-04-28,12500.0,15000.0,15000.0,39525.0,1196.08,78.17,"미래에셋증권,현대차증권"
피스피스스튜디오,2026-05-14,19000.0,21500.0,21500.0,48862.0,847.76,5.68,"NH투자증권,미래에셋증권"
져스텍,2026-06-08,10500.0,12500.0,12500.0,20000.0,1294.99,47.2,삼성증권
스트라드비젼,2026-06-09,12000.0,14000.0,12000.0,84000.0,381.3,2.77,KB증권
매드업,2026-06-12,7000.0,8000.0,8000.0,16000.0,1396.29,27.39,미래에셋증권
레몬헬스케어,2026-06-15,7500.0,10000.0,10000.0,20000.0,1238.0,6.92,KB증권
레메디,2026-06-17,17800.0,20700.0,20700.0,24840.0,1146.41,17.93,KB증권
인제니아테라퓨틱스,2026-07-20,12000.0,14500.0,12000.0,60000.0,50.4,2.23,삼성증권
딜리셔스,2026-07-23,5000.0,7000.0,7000.0,15400.0,184.06,0.1,한국투자증권
케이앤에스아이앤씨,2026-07-27,9000.0,11000.0,11000.0,26400.0,938.24,0.78,IBK투자증권
기도산업,2026-07-31,24800.0,28400.0,28400.0,48280.0,213.31,,"미래에셋증권,삼성증권"
니어스랩,2026-08-03,30000.0,41200.0,41200.0,37492.0,743.49,1.26,삼성증권
해치텍,2026-08-03,23000.0,28000.0,23000.0,23000.0,101.91,15.08,DB증권
스카이랩스,2026-08-14,13000.0,16000.0,10000.0,20000.0,63.41,0.17,한국투자증권
네오사피엔스,2026-09-02,13800.0,15800.0,10000.0,20000.0,219.56,8.98,대신증권
와이즈플래닛컴퍼니,2026-09-04,10000.0,12000.0,12000.0,19200.0,1248.47,3.65,대신증권
빅웨이브로보틱스,2026-09-07,15000.0,18000.0,18000.0,28800.0,1109.37,18.14,"유진투자증권,미래에셋증권"
글로벌테크놀로지,2026-09-07,13000.0,15000.0,10000.0,40000.0,123.19,0.27,한국투자증권
덕산넵코어스,2026-09-08,12400.0,14600.0,14600.0,43800.0,868.64,4.05,대신증권
브릴스,2026-09-09,16500.0,19500.0,19500.0,23400.0,1187.74,21.75,IBK투자증권
멜콘,2026-09-16,10700.0,12300.0,12300.0,30750.0,1136.84,36.07,대신증권
진코스텍,2026-09-16,19500.0,23500.0,23500.0,20022.0,1097.62,5.29,하나증권
