name,code,sector,issue_date,conv_price,refix_floor,refix_clause,put_date,maturity,balance_eok,dilution_disclosed,price,shares_m,surface_rate,maturity_rate,credit_beta,eq_duration,d_opm,fin_fy,debt_ratio,quick_ratio,revenue_eok,net_income_eok,receipt_no,flag
빛과전자,A069540,KOSDAQ,2026-01-07,760.0,532.0,1,2027-01-07,2029년 01월 15일,10.5,2.27,4070.0,59.481,3.0,3.0,1.6,22,4.61,2025,57.3,67.48,318.0,-197.0,R20260107000643,REAL
엘앤케이바이오,A156100,KOSDAQ,2026-01-09,13534.0,9474.0,1,2027-01-09,2031년 01월 19일,320.0,10.66,5970.0,19.816,0.0,1.0,1.6,22,-6.69,2025,116.08,69.16,389.0,-168.0,R20260109000381,REAL
에르코스,A435570,KOSDAQ,2026-01-16,12924.0,12924.0,0,2027-01-16,2031년 01월 26일,135.0,12.13,6980.0,7.567,0.0,0.0,1.6,22,-8.12,2025,84.97,29.78,356.0,-62.0,R20260116000488,REAL
나우로보틱스,A459510,KOSDAQ,2026-01-16,22142.0,22142.0,0,2027-01-16,2031년 01월 14일,330.0,10.32,15480.0,12.951,0.0,0.0,1.6,22,-41.82,2025,98.01,144.37,125.0,-83.0,R20260115000430,REAL
케스피온,A079190,KOSDAQ,2026-01-20,500.0,500.0,0,2027-01-20,2031년 01월 28일,20.9,9.85,1272.0,38.257,0.0,1.0,1.6,22,10.28,2025,81.44,147.47,441.0,-46.0,R20260120000386,REAL
CSA 코스믹,A083660,KOSDAQ,2026-01-21,471.0,330.0,1,2027-01-21,2029년 01월 30일,50.0,12.79,1397.0,72.384,1.0,2.0,1.6,22,-9.8,2025,82.25,106.17,279.0,-67.0,R20260121000413,REAL
츌립앤사이언스,A291650,KOSDAQ,2026-01-21,960.0,960.0,0,2027-01-21,2029년 02월 11일,70.0,18.11,1952.0,32.972,0.0,1.0,1.6,22,428.66,2025,45.61,199.09,35.0,-86.0,R20260121000383,REAL
오가닉티코스메틱,A900300,KOSDAQ,2026-01-21,194.0,136.0,1,2027-01-21,2029년 01월 29일,110.5,22.69,2680.0,194.071,0.0,6.0,1.6,22,5.56,2025,22.68,539.71,1833.0,-769.0,R20260121000004,REAL
엔켐,A348370,KOSDAQ,2026-01-23,62937.0,44100.0,1,2027-01-23,2029년 01월 30일,30.0,0.22,20550.0,21.619,0.0,3.0,1.6,22,-11.28,2025,130.25,45.15,3128.0,-706.0,R20260122000527,REAL
휴림에이텍,A078590,KOSDAQ,2026-01-23,845.0,592.0,1,2027-01-23,2029년 01월 30일,100.0,12.85,2710.0,80.262,4.0,4.0,1.6,22,-5.27,2025,66.74,39.78,644.0,-111.0,R20260122000532,REAL
한울반도체,A320000,KOSDAQ,2026-01-27,1952.0,1367.0,1,2027-01-27,2029년 02월 04일,50.0,7.22,10210.0,32.916,3.0,7.0,1.6,22,2.48,2025,185.49,83.94,115.0,-219.0,R20260127000287,REAL
케이엔제이,A272110,KOSDAQ,2026-01-27,21475.0,15032.0,1,2027-01-27,2033년 01월 27일,200.0,11.6,30400.0,7.097,0.0,0.0,0.9,15,3.6,2025,137.16,67.51,844.0,256.0,R20260127000029,REAL
삼보산업,A009620,KOSDAQ,2026-01-29,1784.0,1249.0,1,2027-01-29,2029년 02월 06일,46.0,13.6,5410.0,16.381,1.0,6.0,1.6,22,2.58,2025,1047.39,32.28,2857.0,-33.0,R20260129000697,REAL
스피어,A347700,KOSDAQ,2026-01-29,14213.0,11371.0,1,2027-01-29,2029년 01월 30일,250.0,3.63,21750.0,46.697,1.0,2.0,0.9,15,-8.31,2025,49.85,190.57,956.0,2.0,R20260129000562,REAL
온코크로스,A382150,KOSDAQ,2026-01-30,11436.0,8006.0,1,2027-01-30,2031년 02월 09일,70.0,5.05,3665.0,11.509,0.0,2.0,1.6,22,-1733.44,2025,116.55,359.74,4.0,-89.0,R20260130000682,REAL
엔켐,A348370,KOSDAQ,2026-02-02,63833.0,44700.0,1,2027-02-02,2029년 01월 30일,75.0,0.54,20550.0,21.641,0.0,3.0,1.6,22,-11.28,2025,130.25,45.15,3128.0,-706.0,R20260130000758,REAL
탑런토탈솔루션,A336680,KOSDAQ,2026-02-10,5009.0,5009.0,0,2027-02-10,2056년 03월 03일,75.0,3.82,2965.0,37.699,0.0,4.0,0.9,15,-3.39,2025,187.27,74.68,5501.0,61.0,R20260210000604,REAL
넥써쓰,A205500,KOSDAQ,2026-02-11,2413.0,2413.0,0,2027-02-11,2031년 02월 20일,20.0,1.35,1731.0,60.567,0.0,3.0,1.6,22,122.15,2025,145.85,222.49,367.0,-33.0,R20260211000746,REAL
탑런토탈솔루션,A336680,KOSDAQ,2026-02-11,5009.0,4258.0,1,2027-02-11,2031년 03월 03일,200.0,9.26,2965.0,39.126,0.0,0.0,0.9,15,-3.39,2025,187.27,74.68,5501.0,61.0,R20260211000622,REAL
코어라인소프트,A384470,KOSDAQ,2026-02-12,4100.0,4100.0,0,2027-02-12,2031년 02월 20일,125.0,14.23,2605.0,18.376,0.0,4.0,1.6,22,36.83,2025,124.48,24.5,43.0,-145.0,R20260212001671,REAL
비트플래닛,A049470,KOSDAQ,2026-02-12,873.0,699.0,1,2027-02-12,2031년 02월 23일,20.0,1.91,2645.0,117.654,0.0,2.0,1.6,22,-18.89,2025,16.07,199.72,248.0,-93.0,R20260212001451,REAL
에코글로우,A159910,KOSDAQ,2026-02-12,586.0,586.0,0,2027-02-12,2029년 03월 11일,10.0,3.16,2950.0,52.296,0.0,0.0,1.6,22,15.21,2025,86.64,129.2,99.0,-57.0,R20260212001185,REAL
뷰노,A338220,KOSDAQ,2026-02-12,20095.0,20095.0,0,2027-02-12,2056년 02월 27일,100.0,3.43,8160.0,14.011,0.0,5.0,1.6,22,33.97,2025,39.53,99.5,348.0,-58.0,R20260212001094,REAL
HC보광산업,A225530,KOSDAQ,2026-02-13,2945.0,2356.0,1,2027-02-13,2031년 02월 26일,70.0,6.54,2100.0,33.967,0.0,3.0,1.6,22,-26.54,2025,90.62,108.68,385.0,-25.0,R20260213002818,REAL
헝셩그룹,A900270,KOSDAQ,2026-02-13,174.0,122.0,1,2027-02-13,2029년 02월 25일,29.8,7.01,2555.0,227.188,0.0,6.0,1.6,22,-6.48,2025,15.57,742.75,1088.0,-45.0,R20260213002703,REAL
하나기술,A299030,KOSDAQ,2026-02-13,31402.0,25122.0,1,2027-02-13,2031년 02월 23일,540.0,17.7,14120.0,7.996,0.0,0.0,1.6,22,27.98,2025,161.73,67.38,938.0,-58.0,R20260213001049,REAL
아이텍,A119830,KOSDAQ,2026-02-19,8882.0,6218.0,1,2027-02-19,2031년 02월 27일,400.0,17.4,6480.0,21.379,0.0,2.0,1.6,22,3.97,2025,22.37,382.96,485.0,-70.0,R20260219002701,REAL
아이티켐,A309710,KOSDAQ,2026-02-19,33633.0,26907.0,1,2027-02-19,2030년 02월 27일,400.0,8.69,21000.0,12.497,0.0,1.0,1.6,22,-13.28,2025,177.3,34.59,620.0,-143.0,R20260219002548,REAL
케이엔알시스템,A199430,KOSDAQ,2026-02-19,32161.0,32161.0,0,2027-02-19,2031년 02월 26일,158.0,4.4,17570.0,10.674,0.0,1.0,1.6,22,-5.71,2025,105.14,75.02,159.0,-85.0,R20260219001739,REAL
아이티아이즈,A372800,KOSDAQ,2026-02-24,6372.0,4461.0,1,2027-02-24,2029년 02월 11일,41.0,8.38,2975.0,7.035,0.0,3.0,1.6,22,-7.12,2025,298.95,26.56,781.0,-103.0,R20260224001624,REAL
디티앤씨알오,A383930,KOSDAQ,2026-02-26,2473.0,1978.0,1,2027-02-26,2031년 02월 20일,140.0,30.69,1921.0,12.785,2.0,5.0,1.6,22,19.37,2025,260.21,9.12,477.0,-28.0,R20260226003200,REAL
사토시홀딩스,A223310,KOSDAQ,2026-02-27,1758.0,1231.0,1,2027-02-27,2029년 03월 09일,117.0,20.37,2875.0,26.017,4.0,4.0,1.6,22,-24.76,2025,300.8,42.45,189.0,-315.0,R20260227007101,REAL
모아데이타,A288980,KOSDAQ,2026-02-27,690.0,500.0,1,2027-02-27,2030년 03월 09일,20.0,7.74,207.0,34.55,2.0,7.0,1.6,22,-21.74,2025,303.81,34.24,232.0,-197.0,R20260227008678,REAL
셀레믹스,A331920,KOSDAQ,2026-03-03,2966.0,2966.0,0,2027-03-03,2029년 02월 27일,40.0,16.5,10480.0,6.825,3.0,5.0,1.6,22,-29.31,2025,6.05,541.21,58.0,-40.0,R20260227008947,REAL
지투지바이오,A456160,KOSDAQ,2026-03-05,91700.0,64200.0,1,2027-03-05,2031년 03월 12일,750.0,4.71,35250.0,16.547,0.0,2.0,1.6,22,-1484.42,2025,16.13,637.98,4.0,-121.0,R20260305001328,REAL
인벤티지랩,A389470,KOSDAQ,2026-03-06,91077.0,91077.0,0,2027-03-06,2031년 03월 16일,372.5,2.99,25350.0,13.27,0.0,3.0,1.6,22,97.88,2025,36.85,140.45,29.0,-159.0,R20260306001011,REAL
지놈앤컴퍼니,A314130,KOSDAQ,2026-03-06,6420.0,4495.0,1,2027-03-06,2031년 03월 13일,270.0,8.69,4995.0,44.19,0.0,2.0,1.6,22,-31.68,2025,26.56,161.32,246.0,-77.0,R20260305001673,REAL
THE E&M,A089230,KOSDAQ,2026-03-13,1659.0,1162.0,1,2027-03-13,2029년 04월 10일,50.0,8.45,2017.0,32.653,0.0,6.0,1.6,22,-35.83,2025,113.43,29.96,123.0,-199.0,R20260313001309,REAL
THE E&M,A089230,KOSDAQ,2026-03-13,1466.0,1027.0,1,2027-03-13,2029년 04월 10일,85.0,15.08,2017.0,32.651,0.0,6.0,1.6,22,-35.83,2025,113.43,29.96,123.0,-199.0,R20260312001436,REAL
제이케이시냅스,A060230,KOSDAQ,2026-03-13,412.0,289.0,1,2027-03-13,2029년 03월 23일,75.1,27.2,1208.0,48.787,3.0,3.0,1.6,22,8.33,2025,136.21,12.32,619.0,-186.0,R20260313001194,REAL
에이직랜드,A445090,KOSDAQ,2026-03-13,31517.0,25214.0,1,2027-03-13,2031년 03월 23일,450.0,11.56,21900.0,10.923,0.0,1.0,1.6,22,-19.81,2025,299.71,80.81,728.0,-266.0,R20260313000791,REAL
한주에이알티,A058450,KOSDAQ,2026-03-13,529.0,529.0,0,2027-03-13,2056년 03월 17일,45.7,43.04,563.0,11.433,1.0,1.0,1.6,22,-49.7,2025,153.22,94.32,63.0,-105.0,R20260313000738,REAL
한주에이알티,A058450,KOSDAQ,2026-03-13,524.0,524.0,0,2027-03-13,2056년 03월 20일,5.0,4.76,563.0,19.092,1.0,1.0,1.6,22,-49.7,2025,153.22,94.32,63.0,-105.0,R20260313000742,REAL
제주반도체,A080220,KOSDAQ,2026-03-13,44300.0,31050.0,1,2027-03-13,2031년 03월 23일,450.0,2.86,77300.0,34.502,0.0,2.0,0.9,15,5.97,2025,47.94,185.56,3022.0,395.0,R20260313000558,REAL
이원컴포텍,A088290,KOSDAQ,2026-03-13,614.0,500.0,1,2027-03-13,2029년 03월 20일,42.0,17.15,2375.0,33.045,3.0,7.0,1.6,22,-1.93,2025,148.7,36.25,566.0,-41.0,R20260312001440,REAL
지투지바이오,A456160,KOSDAQ,2026-03-16,116900.0,81900.0,1,2027-03-16,2031년 03월 23일,200.0,0.98,35250.0,17.287,0.0,2.0,1.6,22,-1484.42,2025,16.13,637.98,4.0,-121.0,R20260316000004,REAL
스마트레이더시스템,A424960,KOSDAQ,2026-03-17,6795.0,6795.0,0,2027-03-17,2031년 03월 25일,250.0,18.25,3795.0,16.481,0.0,0.0,1.6,22,86.54,2025,76.19,199.4,94.0,-30.0,R20260317000696,REAL
하이드로리튬,A101670,KOSDAQ,2026-03-18,1962.0,1374.0,1,2027-03-18,2029년 03월 26일,1.6,0.14,487.0,58.168,1.0,1.0,1.6,22,-131.49,2025,31.34,34.27,34.0,-347.0,R20260318001163,REAL
포톤,A208710,KOSDAQ,2026-03-18,1959.0,1372.0,1,2027-03-18,2029년 03월 26일,40.0,13.41,2780.0,13.185,2.0,6.0,1.6,22,2.48,2025,94.87,92.62,1287.0,-64.0,R20260318000650,REAL
씨유메디칼,A115480,KOSDAQ,2026-03-18,533.0,374.0,1,2027-03-18,2029년 03월 30일,70.0,21.66,2320.0,47.5,2.0,5.0,0.9,15,3.22,2025,67.01,373.88,482.0,8.0,R20260317000894,REAL
비나텍,A126340,KOSDAQ,2026-03-19,147686.0,147686.0,0,2027-03-19,2031년 03월 20일,410.0,3.96,93100.0,6.733,0.0,3.0,1.6,22,15.7,2025,158.55,53.24,822.0,-70.0,R20260319000390,REAL
앤디포스,A238090,KOSDAQ,2026-03-24,2871.0,2871.0,0,2027-03-24,2029년 03월 24일,110.0,12.57,1795.0,26.649,0.0,4.0,0.9,15,5.83,2025,13.8,224.56,504.0,52.0,R20260324000706,REAL
비투엔,A307870,KOSDAQ,2026-03-24,1051.0,736.0,1,2027-03-24,2029년 03월 30일,150.0,19.33,1202.0,59.562,2.0,6.0,1.6,22,-35.64,2025,45.02,54.52,146.0,-122.0,R20260324000486,REAL
폴라리스AI파마,A041910,KOSDAQ,2026-03-26,9106.0,6375.0,1,2027-03-26,2030년 03월 26일,100.0,7.52,5580.0,13.505,0.0,0.0,0.9,15,5.45,2025,44.14,170.73,555.0,62.0,R20260326001332,REAL
피엔티엠에스,A257370,KOSDAQ,2026-03-26,3191.0,2234.0,1,2027-03-26,2029년 04월 03일,50.0,11.14,1832.0,12.499,2.0,5.0,1.6,22,-23.67,2025,145.77,54.7,111.0,-73.0,R20260326001094,REAL
케이이엠텍,A106080,KOSDAQ,2026-03-27,1819.0,1274.0,1,2027-03-27,2029년 04월 03일,45.0,30.0,1650.0,5.772,3.0,8.0,1.6,22,-97.13,2025,74.21,29.63,76.0,-126.0,R20260327001703,REAL
콜마바이오텍,A215380,KOSDAQ,2026-03-30,2325.0,1860.0,1,2027-03-30,2030년 03월 30일,350.0,47.22,2190.0,16.826,0.0,4.0,1.6,22,-14.52,2025,271.27,29.64,376.0,-55.0,R20260330001505,REAL
하이드로리튬,A101670,KOSDAQ,2026-03-30,1923.0,1347.0,1,2027-03-30,2029년 04월 07일,8.3,0.76,487.0,56.36,1.0,1.0,1.6,22,-131.49,2025,31.34,34.27,34.0,-347.0,R20260330001440,REAL
아이엠티,A451220,KOSDAQ,2026-04-01,12661.0,12661.0,0,2027-04-01,2031년 04월 09일,120.0,10.74,8680.0,7.877,0.0,0.0,0.9,15,16.41,2025,118.49,95.76,329.0,10.0,R20260401003103,REAL
우듬지팜,A403490,KOSDAQ,2026-04-02,1336.0,1336.0,0,2027-04-02,2029년 04월 10일,70.0,10.24,2055.0,45.928,0.0,0.0,1.6,22,-6.95,2025,100.15,31.45,637.0,-44.0,R20260402003727,REAL
화인써키트,A127980,KOSDAQ,2026-04-02,5151.0,5151.0,0,2027-04-02,2029년 04월 10일,100.0,14.09,2625.0,11.837,0.0,1.0,1.6,22,-7.07,2025,88.92,58.45,818.0,-38.0,R20260402003319,REAL
파버나인,A177830,KOSDAQ,2026-04-02,2740.0,2192.0,1,2027-04-02,2031년 04월 10일,145.0,31.84,2095.0,11.329,0.0,1.0,1.6,22,-4.18,2025,106.17,45.99,1325.0,-42.0,R20260402002645,REAL
에이치브이엠,A295310,KOSDAQ,2026-04-02,90916.0,90916.0,0,2027-04-02,2031년 04월 10일,920.0,7.76,58700.0,12.028,0.0,0.0,0.9,15,23.81,2025,92.29,145.15,665.0,126.0,R20260402002584,REAL
레이저쎌,A412350,KOSDAQ,2026-04-03,7481.0,5237.0,1,2027-04-03,2029년 04월 13일,10.0,0.99,6650.0,13.369,0.0,2.0,1.6,22,-59.88,2025,131.14,49.43,47.0,-162.0,R20260403003664,REAL
오비고,A352910,KOSDAQ,2026-04-06,4436.0,3549.0,1,2027-04-06,2029년 04월 14일,150.0,26.76,4890.0,9.255,0.0,1.0,1.6,22,7.57,2025,41.48,226.67,335.0,-30.0,R20260406002143,REAL
진영,A285800,KOSDAQ,2026-04-06,1911.0,1625.0,1,2027-04-06,2031년 04월 14일,80.0,19.32,4435.0,17.482,0.0,0.0,1.6,22,0.4,2025,83.13,63.35,324.0,-32.0,R20260406001930,REAL
오르비텍,A046120,KOSDAQ,2026-04-07,6401.0,4481.0,1,2027-04-07,2029년 04월 10일,100.0,4.75,5210.0,31.327,0.0,0.0,0.9,15,-25.24,2025,109.24,51.01,579.0,8.0,R20260407002639,REAL
샤페론,A378800,KOSDAQ,2026-04-07,1685.0,1685.0,0,2027-04-07,2031년 04월 15일,86.0,9.94,2475.0,46.243,0.0,3.0,1.6,22,78570.61,2025,12.65,1248.79,2.0,-155.0,R20260407003428,REAL
HLB,A028300,KOSDAQ,2026-04-07,51237.0,35866.0,1,2027-04-07,2029년 04월 15일,250.0,0.37,42900.0,131.385,1.0,4.0,1.6,22,50.16,2025,88.14,22.98,842.0,-2354.0,R20260407003007,REAL
뉴로핏,A380550,KOSDAQ,2026-04-10,23014.0,16110.0,1,2027-04-10,2031년 04월 20일,160.0,5.44,7630.0,12.085,0.0,1.5,1.6,22,28.14,2025,38.21,353.24,26.0,-224.0,R20260410002638,REAL
넥사다이내믹스,A351320,KOSDAQ,2026-04-14,1303.0,1303.0,0,2027-04-14,2029년 04월 22일,85.0,18.01,3885.0,29.698,0.0,3.0,1.6,22,1.98,2025,173.77,39.23,130.0,-142.0,R20260414002065,REAL
에스바이오메딕스,A304360,KOSDAQ,2026-04-14,28266.0,28266.0,0,2027-04-14,2031년 04월 22일,222.0,5.96,20650.0,12.392,0.0,0.0,1.6,22,-10.77,2025,146.44,83.48,165.0,-71.0,R20260414002171,REAL
디앤디파마텍,A347850,KOSDAQ,2026-04-15,77736.0,54416.0,1,2027-04-15,2031년 04월 30일,2265.0,6.65,42650.0,40.901,0.0,0.0,1.6,22,-572.23,2025,23.5,940.97,43.0,-240.0,R20260415000050,REAL
세니젠,A188260,KOSDAQ,2026-04-15,2190.0,1533.0,1,2027-04-15,2029년 05월 13일,50.0,24.0,2100.0,7.23,0.0,4.0,1.6,22,9.59,2025,308.28,115.46,154.0,-58.0,R20260415000580,REAL
빌리언스,A044480,KOSDAQ,2026-04-16,1505.0,1505.0,0,2027-04-16,2029년 04월 17일,150.0,61.78,3295.0,6.166,3.0,4.0,1.6,22,-0.6,2025,98.64,77.43,253.0,-73.0,R20260416000187,REAL
빛과전자,A069540,KOSDAQ,2026-04-17,1692.0,500.0,1,2027-04-17,2029년 04월 17일,50.0,3.02,4070.0,94.895,3.0,3.0,1.6,22,4.61,2025,57.3,67.48,318.0,-197.0,R20260417000521,REAL
큐로셀,A372320,KOSDAQ,2026-04-17,60200.0,42150.0,1,2027-04-17,2031년 04월 27일,363.5,3.83,22100.0,15.162,0.0,1.0,1.6,22,1081786.72,2020,2023.74,90.25,0.0,-77.0,R20260417000568,REAL
루트K,A195990,KOSDAQ,2026-04-20,1390.0,1390.0,0,2027-04-20,2029년 04월 20일,15.1,3.33,1143.0,31.536,0.0,3.0,1.6,22,3.15,2025,38.4,158.26,319.0,-489.0,R20260420000436,REAL
에이디테크놀로지,A200710,KOSDAQ,2026-04-21,54603.0,54603.0,0,2027-04-21,2031년 04월 29일,1300.0,15.03,27800.0,13.46,0.0,0.0,0.9,15,17.64,2025,115.93,90.42,1645.0,36.0,R20260421000499,REAL
금양그린파워,A282720,KOSDAQ,2026-04-21,15447.0,15447.0,0,2027-04-21,2056년 04월 29일,220.0,10.52,7670.0,12.114,2.0,5.0,0.9,15,7.2,2025,92.7,88.99,2648.0,0.0,R20260421000466,REAL
와이제이링크,A209640,KOSDAQ,2026-04-21,6308.0,6308.0,0,2027-04-21,2031년 05월 07일,250.0,12.23,3600.0,28.443,0.0,0.0,1.6,22,-4.93,2025,65.82,120.17,461.0,-31.0,R20260421000444,REAL
하이드로리튬,A101670,KOSDAQ,2026-04-22,2245.0,1572.0,1,2027-04-22,2029년 04월 30일,2.5,0.2,487.0,55.568,1.0,1.0,1.6,22,-131.49,2025,31.34,34.27,34.0,-347.0,R20260422000701,REAL
스피어,A347700,KOSDAQ,2026-04-22,44929.0,44929.0,0,2027-04-22,2031년 04월 30일,375.0,1.64,21750.0,50.059,0.0,0.0,0.9,15,-8.31,2025,49.85,190.57,956.0,2.0,R20260422000651,REAL
큐렉소,A060280,KOSDAQ,2026-04-22,16039.0,16039.0,0,2027-04-22,2029년 04월 30일,5.0,0.08,8210.0,38.936,3.0,4.0,0.9,15,13.65,2025,5.08,1121.6,745.0,28.0,R20260422000573,REAL
셀비온,A308430,KOSDAQ,2026-04-22,36048.0,30641.0,1,2027-04-22,2031년 04월 23일,250.0,5.13,14360.0,12.825,0.0,0.0,1.6,22,-112.2,2025,54.45,1094.1,19.0,-76.0,R20260422000658,REAL
차이커뮤니케이션,A351870,KOSDAQ,2026-04-22,4105.0,4105.0,0,2027-04-22,2028년 04월 30일,100.0,17.92,2220.0,11.158,0.0,3.0,0.9,15,0.63,2025,191.34,126.7,665.0,25.0,R20260422000508,REAL
인산가,A277410,KOSDAQ,2026-04-22,1185.0,830.0,1,2027-04-22,2031년 04월 30일,110.0,19.46,5500.0,38.419,0.0,0.0,0.9,15,3.94,2025,74.06,12.54,358.0,6.0,R20260422000430,REAL
태웅로직스,A124560,KOSDAQ,2026-04-22,2774.0,2774.0,0,2027-04-22,2031년 04월 30일,150.0,12.25,1951.0,38.734,0.0,0.0,1.6,22,-3.71,2025,120.29,89.31,11173.0,-50.0,R20260422000229,REAL
쓰리빌리언,A394800,KOSDAQ,2026-04-23,12501.0,8751.0,1,2027-04-23,2031년 05월 13일,125.0,3.05,6550.0,31.784,0.0,0.0,1.6,22,78.23,2025,25.73,566.07,117.0,-54.0,R20260423000749,REAL
피엔티엠에스,A257370,KOSDAQ,2026-04-24,3242.0,3242.0,0,2027-04-24,2029년 05월 06일,50.0,10.98,1832.0,12.504,2.0,5.0,1.6,22,-23.67,2025,145.77,54.7,111.0,-73.0,R20260424000810,REAL
아이티센피엔에스,A232830,KOSDAQ,2026-04-24,3966.0,2777.0,1,2027-04-24,2031년 05월 04일,100.0,15.25,2725.0,14.013,0.0,3.5,1.6,22,1.39,2025,681.15,85.61,2696.0,-46.0,R20260424000592,REAL
비트맥스,A377030,KOSDAQ,2026-04-28,2612.0,2612.0,0,2027-04-28,2029년 05월 07일,616.5,68.82,2025.0,10.694,3.0,3.0,1.6,22,9.99,2025,909.84,25.23,272.0,-964.0,R20260428000479,REAL
셀레믹스,A331920,KOSDAQ,2026-04-29,8324.0,8324.0,0,2027-04-29,2029년 04월 28일,147.0,17.78,10480.0,8.166,3.0,5.0,1.6,22,-29.31,2025,6.05,541.21,58.0,-40.0,R20260429000003,REAL
THE E&M,A089230,KOSDAQ,2026-04-29,2268.0,1588.0,1,2027-04-29,2029년 05월 08일,100.0,10.82,2017.0,36.341,2.0,6.0,1.6,22,-35.83,2025,113.43,29.96,123.0,-199.0,R20260429000752,REAL
젬백스,A082270,KOSDAQ,2026-04-29,26178.0,26178.0,0,2027-04-29,2029년 05월 06일,74.0,0.63,10240.0,44.587,0.0,0.0,1.6,22,65.8,2025,177.61,52.33,815.0,-113.0,R20260428000822,REAL
젬백스,A082270,KOSDAQ,2026-04-29,26178.0,26178.0,0,2027-04-29,2029년 05월 06일,89.0,0.76,10240.0,44.394,0.0,0.0,1.6,22,65.8,2025,177.61,52.33,815.0,-113.0,R20260428000824,REAL
오가노이드사이언스,A476040,KOSDAQ,2026-04-29,23528.0,16470.0,1,2027-04-29,2031년 05월 07일,240.0,13.41,6830.0,6.587,0.0,1.0,1.6,22,-46.78,2025,49.71,88.08,24.0,-157.0,R20260429001149,REAL
상아프론테크,A089980,KOSDAQ,2026-04-29,28876.0,28876.0,0,2027-04-29,2031년 05월 07일,450.0,9.06,16080.0,15.642,0.0,0.0,0.9,15,0.02,2025,86.93,61.21,1960.0,68.0,R20260429000835,REAL
루트K,A195990,KOSDAQ,2026-04-30,1324.0,1324.0,0,2027-04-30,2029년 04월 30일,20.0,4.64,1143.0,31.045,0.0,3.0,1.6,22,3.15,2025,38.4,158.26,319.0,-489.0,R20260430001794,REAL
루미르,A474170,KOSDAQ,2026-04-30,16641.0,16641.0,0,2027-04-30,2056년 05월 08일,300.0,9.19,6970.0,17.814,0.0,2.0,0.9,15,2.8,2025,12.99,385.98,106.0,0.0,R20260430001305,REAL
루미르,A474170,KOSDAQ,2026-04-30,16641.0,16641.0,0,2027-04-30,2056년 05월 29일,30.0,1.0,6970.0,17.847,0.0,2.0,0.9,15,2.8,2025,12.99,385.98,106.0,0.0,R20260430001308,REAL
시큐레터,A418250,KOSDAQ,2026-04-30,1974.0,1382.0,1,2027-04-30,2031년 05월 08일,20.0,12.23,6550.0,7.271,6.0,9.0,1.6,22,147.65,2025,40.39,105.08,12.0,-43.0,R20260430001325,REAL
메지온,A140410,KOSDAQ,2026-04-30,96301.0,67411.0,1,2027-04-30,2031년 05월 12일,365.0,1.25,74500.0,29.943,0.0,2.0,1.6,22,-45.95,2025,470.09,50.63,79.0,-349.0,R20260430000109,REAL
상신이디피,A091580,KOSDAQ,2026-05-06,27109.0,27109.0,0,2027-05-06,2031년 05월 08일,100.0,2.77,20500.0,12.948,0.0,2.0,0.9,15,6.12,2025,109.73,62.75,2501.0,20.0,R20260506000755,REAL
HLB이노베이션,A024850,KOSDAQ,2026-05-06,25885.0,18120.0,1,2027-05-06,2029년 05월 15일,405.0,4.93,16790.0,30.172,0.0,2.0,1.6,22,-69.53,2025,21.43,83.88,323.0,-337.0,R20260506000681,REAL
캔버스엔,A210120,KOSDAQ,2026-05-07,1443.0,1011.0,1,2027-05-07,2029년 05월 08일,40.0,11.43,1775.0,21.48,2.0,5.0,1.6,22,16.23,2025,307.94,47.04,40.0,-87.0,R20260507000780,REAL
엑스페릭스,A317770,KOSDAQ,2026-05-07,3780.0,2646.0,1,2027-05-07,2029년 05월 15일,155.0,10.97,2580.0,33.279,0.0,3.0,1.6,22,15.47,2025,35.07,48.0,215.0,-204.0,R20260507000567,REAL
지아이에스,A306620,KOSDAQ,2026-05-07,3562.0,3562.0,0,2027-05-07,2028년 05월 15일,115.0,6.31,2045.0,47.937,0.0,5.0,1.6,22,-1.32,2025,233.21,38.18,758.0,-36.0,R20260507000623,REAL
TS트릴리온,A317240,KOSDAQ,2026-05-07,1585.0,1110.0,1,2027-05-07,2029년 05월 15일,10.0,2.16,999.0,28.578,0.0,3.0,1.6,22,-2.22,2025,92.34,56.53,260.0,-20.0,R20260507000568,REAL
디에이치엑스컴퍼니,A031860,KOSDAQ,2026-05-08,500.0,500.0,0,2027-05-08,2029년 10월 08일,150.0,63.28,6930.0,17.408,1.0,2.0,1.6,22,10.15,2025,101.04,45.74,145.0,-344.0,R20260508000940,REAL
아이티센글로벌,A124500,KOSDAQ,2026-05-08,54315.0,38020.0,1,2027-05-08,2031년 05월 08일,400.0,3.17,28500.0,22.495,0.0,1.0,0.9,15,1.98,2025,212.5,79.08,88708.0,1983.0,R20260508000526,REAL
크레오에스지,A040350,KOSDAQ,2026-05-08,3585.0,2510.0,1,2027-05-08,2029년 05월 18일,30.0,4.29,3325.0,18.669,0.0,6.0,1.6,22,10.3,2025,88.33,81.32,109.0,-86.0,R20260508000571,REAL
이오플로우,A294090,KOSDAQ,2026-05-11,3000.0,2100.0,1,2027-05-11,2029년 06월 09일,30.0,2.4,1490.0,40.667,0.0,3.0,1.6,22,735.05,2025,-125.27,2.94,37.0,-424.0,R20260511000348,REAL
더블유씨피,A393890,KOSDAQ,2026-05-11,14137.0,9896.0,1,2027-05-11,2031년 05월 06일,360.0,7.52,10100.0,31.317,3.0,5.0,1.6,22,-93.17,2025,117.49,30.81,1108.0,-1621.0,R20260511000705,REAL
에프엔씨엔터,A173940,KOSDAQ,2026-05-11,4638.0,3711.0,1,2027-05-11,2031년 05월 19일,120.0,16.81,1970.0,12.804,3.0,3.0,1.6,22,4.25,2025,464.42,58.0,1024.0,-118.0,R20260511000523,REAL
대성하이텍,A129920,KOSDAQ,2026-05-11,9688.0,6782.0,1,2027-05-11,2031년 05월 19일,100.0,5.54,6870.0,17.6,0.0,3.0,1.6,22,11.74,2025,197.26,41.53,952.0,-62.0,R20260511000476,REAL
타이거일렉,A219130,KOSDAQ,2026-05-12,58879.0,50048.0,1,2027-05-12,2031년 05월 20일,300.0,7.47,90500.0,6.311,0.0,0.0,0.9,15,12.05,2025,54.93,112.61,807.0,53.0,R20260512000631,REAL
다이나믹솔루션,A290660,KOSDAQ,2026-05-13,1141.0,799.0,1,2027-05-13,2029년 05월 21일,50.0,4.89,1328.0,85.232,2.0,4.0,1.6,22,1.64,2025,46.29,208.18,161.0,-123.0,R20260513000875,REAL
머큐리,A100590,KOSDAQ,2026-05-13,10079.0,7056.0,1,2027-05-13,2031년 05월 21일,120.0,6.5,4790.0,17.126,0.0,0.0,1.6,22,0.07,2025,24.08,146.38,1239.0,-24.0,R20260513000712,REAL
레이크머티리얼즈,A281740,KOSDAQ,2026-05-13,23839.0,23839.0,0,2027-05-13,2031년 05월 21일,500.0,3.09,11550.0,65.78,0.0,0.0,0.9,15,-6.58,2025,161.94,35.91,1412.0,78.0,R20260513000690,REAL
옵트론텍,A082210,KOSDAQ,2026-05-13,1922.0,1346.0,1,2027-05-13,2031년 05월 29일,100.0,12.84,1702.0,35.318,0.0,3.0,1.6,22,0.45,2025,291.27,23.18,1957.0,-220.0,R20260513000484,REAL
옵트론텍,A082210,KOSDAQ,2026-05-13,1922.0,1346.0,1,2027-05-13,2031년 05월 27일,250.0,26.92,1702.0,35.311,0.0,3.0,1.6,22,0.45,2025,291.27,23.18,1957.0,-220.0,R20260513000478,REAL
알체라,A347860,KOSDAQ,2026-05-13,2476.0,1734.0,1,2027-05-13,2029년 05월 21일,25.0,2.39,1609.0,41.237,0.0,2.0,1.6,22,-8.8,2025,62.33,204.17,148.0,-25.0,R20260513000252,REAL
랩지노믹스,A084650,KOSDAQ,2026-05-13,1466.0,1173.0,1,2027-05-13,2029년 05월 20일,200.0,18.38,2635.0,60.582,0.0,5.0,1.6,22,-39.17,2025,53.82,118.57,882.0,-644.0,R20260512000766,REAL
원텍,A336570,KOSDAQ,2026-05-14,8270.0,5789.0,1,2027-05-14,2031년 05월 22일,750.0,10.12,5000.0,80.545,0.0,0.0,0.9,15,2.76,2025,38.04,218.56,1568.0,352.0,R20260514000557,REAL
블랙야크아이앤씨,A478560,KOSDAQ,2026-05-14,3397.0,3397.0,0,2027-05-14,2029년 05월 21일,150.0,14.62,3305.0,25.787,0.0,3.0,1.6,22,-5.81,2025,152.23,102.66,573.0,-56.0,R20260513000881,REAL
빛과전자,A069540,KOSDAQ,2026-05-15,5769.0,4039.0,1,2027-05-15,2029년 05월 26일,80.0,1.4,4070.0,97.665,2.0,6.5,1.6,22,4.61,2025,57.3,67.48,318.0,-197.0,R20260515002359,REAL
에코글로우,A159910,KOSDAQ,2026-05-15,3420.0,2394.0,1,2027-05-15,2029년 05월 22일,95.0,20.97,2950.0,10.469,2.0,6.0,1.6,22,15.21,2025,86.64,129.2,99.0,-57.0,R20260515002466,REAL
아리바이오홀딩스,A290690,KOSDAQ,2026-05-18,3412.0,2389.0,1,2027-05-18,2029년 06월 05일,50.0,2.97,3295.0,47.875,2.0,8.0,1.6,22,-4.49,2025,55.77,37.74,383.0,-77.0,R20260518000353,REAL
싸이토젠,A217330,KOSDAQ,2026-05-18,5445.0,3812.0,1,2027-05-18,2031년 05월 26일,52.0,3.97,3130.0,23.101,0.0,0.0,1.6,22,66.42,2025,72.92,263.13,261.0,-123.0,R20260518000364,REAL
핑거,A163730,KOSDAQ,2026-05-18,12509.0,12509.0,0,2027-05-18,2029년 05월 20일,500.0,42.49,14000.0,5.41,0.0,0.0,0.9,15,2.26,2025,41.73,228.33,916.0,3.0,R20260518000193,REAL
한국파마,A032300,KOSDAQ,2026-05-20,10782.0,10782.0,0,2027-05-20,2031년 05월 28일,150.0,11.31,7270.0,10.909,0.0,0.0,1.6,22,-8.5,2025,84.11,74.33,876.0,-26.0,R20260520000243,REAL
유티아이,A179900,KOSDAQ,2026-05-21,21178.0,14825.0,1,2027-05-21,2031년 05월 29일,100.0,2.28,2265.0,20.238,0.0,2.0,1.6,22,-68.16,2025,227.41,46.98,200.0,-374.0,R20260521000583,REAL
파인엠텍,A441270,KOSDAQ,2026-05-21,9920.0,7936.0,1,2027-05-21,2031년 05월 29일,350.0,7.8,9450.0,41.705,0.0,0.0,1.6,22,2.88,2025,94.54,78.66,2391.0,-154.0,R20260521000737,REAL
JW신약,A067290,KOSDAQ,2026-05-21,3000.0,3000.0,0,2027-05-21,2056년 05월 22일,150.0,8.21,2995.0,55.901,4.7,5.2,0.9,15,-1.5,2025,43.0,103.99,810.0,157.0,R20260521000483,REAL
한국첨단소재,A062970,KOSDAQ,2026-05-22,2802.0,1962.0,1,2027-05-22,2029년 06월 10일,100.0,5.9,2910.0,56.921,4.0,4.0,1.6,22,-21.63,2025,41.46,129.84,36.0,-125.0,R20260522000640,REAL
젬백스,A082270,KOSDAQ,2026-05-22,18659.0,18659.0,0,2027-05-22,2031년 06월 01일,70.0,0.84,10240.0,44.286,0.0,2.0,1.6,22,65.8,2025,177.61,52.33,815.0,-113.0,R20260522000597,REAL
해성에어로보틱스,A059270,KOSDAQ,2026-05-22,10352.0,7247.0,1,2027-05-22,2029년 05월 27일,200.0,17.3,5250.0,9.236,2.0,4.0,0.9,15,0.67,2025,8.62,603.61,151.0,1.0,R20260522000366,REAL
다이나믹솔루션,A290660,KOSDAQ,2026-05-27,1103.0,773.0,1,2027-05-27,2029년 06월 05일,108.0,10.3,1328.0,85.271,3.0,5.0,1.6,22,1.64,2025,46.29,208.18,161.0,-123.0,R20260527000608,REAL
비트맥스,A377030,KOSDAQ,2026-05-27,2636.0,1846.0,1,2027-05-27,2029년 06월 04일,15.0,5.05,2025.0,10.699,3.0,3.0,1.6,22,9.99,2025,909.84,25.23,272.0,-964.0,R20260527000592,REAL
GMI벤처,A019570,KOSDAQ,2026-05-27,500.0,500.0,0,2027-05-27,2029년 05월 29일,200.0,29.79,2965.0,94.273,4.0,6.0,0.9,15,13.38,2025,77.41,,129.0,29.0,R20260527000581,REAL
CS,A065770,KOSDAQ,2026-05-28,3424.0,2397.0,1,2027-05-28,2029년 05월 29일,50.0,13.08,851.0,9.704,0.0,2.0,1.6,22,-4.46,2025,9.23,787.64,236.0,-10.0,R20260528001002,REAL
HLB생명과학,A067630,KOSDAQ,2026-05-28,3529.0,2471.0,1,2027-05-28,2031년 06월 08일,100.0,2.32,4190.0,119.307,0.0,5.0,1.6,22,24.38,2025,60.57,32.7,458.0,-999.0,R20260528000687,REAL
카카오게임즈,A293490,KOSDAQ,2026-05-29,13812.0,13812.0,0,2027-05-29,2029년 06월 19일,600.0,4.66,9450.0,88.876,0.0,0.0,1.6,22,-11.56,2025,123.44,162.57,4650.0,-1431.0,R20260529002244,REAL
아리바이오홀딩스,A290690,KOSDAQ,2026-05-29,3453.0,2418.0,1,2027-05-29,2029년 05월 29일,250.0,14.67,3295.0,42.113,2.0,8.0,1.6,22,-4.49,2025,55.77,37.74,383.0,-77.0,R20260529002378,REAL
아이엘,A307180,KOSDAQ,2026-05-29,8467.0,6774.0,1,2027-05-29,2031년 06월 08일,172.0,5.22,5700.0,36.885,0.0,0.0,1.6,22,-14.67,2025,567.13,26.17,1029.0,-108.0,R20260529001709,REAL
삼미금속,A012210,KOSDAQ,2026-06-01,13043.0,13043.0,0,2027-06-01,2031년 06월 10일,300.0,10.36,12000.0,19.902,0.0,0.0,0.9,15,2.05,2025,103.63,56.53,738.0,17.0,R20260601001500,REAL
그린리소스,A402490,KOSDAQ,2026-06-02,15912.0,15912.0,0,2027-06-02,2031년 06월 10일,200.0,6.91,7500.0,16.933,0.0,0.0,0.9,15,0.12,2025,104.21,79.87,1022.0,105.0,R20260602000337,REAL
비트플래닛,A049470,KOSDAQ,2026-06-05,3615.0,2892.0,1,2027-06-05,2031년 06월 19일,50.0,5.55,2645.0,23.538,0.0,2.0,1.6,22,-18.89,2025,16.07,199.72,248.0,-93.0,R20260605000647,REAL
아리바이오LAB,A261780,KOSDAQ,2026-06-05,3210.0,2247.0,1,2027-06-05,2029년 06월 05일,40.0,4.63,3600.0,25.668,2.0,8.0,1.6,22,-6920.81,2025,151.13,163.56,2.0,-160.0,R20260605000576,REAL
율촌,A146060,KOSDAQ,2026-06-05,1499.0,1499.0,0,2027-06-05,2031년 06월 01일,100.0,21.74,1069.0,24.015,0.0,0.0,0.9,15,-0.19,2025,102.41,60.58,793.0,37.0,R20260605000303,REAL
엣지파운드리,A105550,KOSDAQ,2026-06-08,754.0,528.0,1,2027-06-08,2029년 06월 16일,100.0,15.62,1595.0,71.645,5.0,5.0,0.9,15,-29.1,2025,37.88,104.33,364.0,157.0,R20260608000379,REAL
한성크린텍,A066980,KOSDAQ,2026-06-08,2257.0,1580.0,1,2027-06-08,2031년 06월 15일,110.0,8.58,1477.0,51.93,0.0,0.0,0.9,15,34.11,2025,148.02,59.39,1999.0,5.0,R20260605000668,REAL
유니슨,A018000,KOSDAQ,2026-06-09,1071.0,750.0,1,2027-06-09,2028년 06월 08일,320.0,11.51,1108.0,229.71,0.0,12.0,1.6,22,24.95,2025,141.94,31.58,403.0,-209.0,R20260609000001,REAL
모아데이타,A288980,KOSDAQ,2026-06-10,1063.0,1063.0,0,2027-06-10,2029년 06월 18일,49.0,12.67,207.0,31.772,3.0,5.0,1.6,22,-21.74,2025,303.81,34.24,232.0,-197.0,R20260610000668,REAL
GMI벤처,A019570,KOSDAQ,2026-06-10,500.0,500.0,0,2027-06-10,2029년 06월 18일,30.0,5.91,2965.0,95.523,4.0,6.0,0.9,15,13.38,2025,77.41,,129.0,29.0,R20260610000628,REAL
풍전약품,A298060,KOSDAQ,2026-06-10,3332.0,2500.0,1,2027-06-10,2029년 06월 18일,20.0,6.79,2330.0,8.24,2.0,2.0,0.9,15,1351.97,2025,44.15,200.75,238.0,2.0,R20260610000611,REAL
MSDI,A123010,KOSDAQ,2026-06-11,1864.0,1305.0,1,2027-06-11,2029년 06월 11일,60.0,9.4,4160.0,31.025,2.0,6.0,1.6,22,18.02,2025,75.2,93.76,384.0,-33.0,R20260611000645,REAL
디알텍,A214680,KOSDAQ,2026-06-11,1360.0,952.0,1,2027-06-11,2031년 06월 23일,270.0,19.21,3750.0,83.494,0.0,1.0,1.6,22,0.46,2025,162.98,127.73,1163.0,-240.0,R20260611000651,REAL
모바일어플라이언스,A087260,KOSDAQ,2026-06-12,2274.0,1592.0,1,2027-06-12,2031년 10월 27일,100.0,13.51,247.0,28.153,0.0,0.0,1.6,22,-4.96,2025,24.31,313.28,349.0,-6.0,R20260612000416,REAL
아나패스,A123860,KOSDAQ,2026-06-12,17000.0,17000.0,0,2027-06-12,2034년 06월 22일,200.0,8.85,13010.0,12.117,0.0,0.0,0.9,15,7.63,2025,63.68,190.01,1082.0,27.0,R20260612000335,REAL
솔브레인홀딩스,A036830,KOSDAQ,2026-06-15,48704.0,48704.0,0,2027-06-15,2031년 06월 30일,450.0,4.32,42550.0,20.464,0.0,0.0,0.9,15,-5.74,2025,36.52,106.0,5566.0,4956.0,R20260615000412,REAL
현대바이오,A048410,KOSDAQ,2026-06-15,10201.0,7141.0,1,2027-06-15,2029년 06월 23일,100.0,1.01,6950.0,96.079,0.0,4.0,1.6,22,-521.86,2025,18.07,219.53,35.0,-221.0,R20260615000419,REAL
포니링크,A064800,KOSDAQ,2026-06-16,2881.0,2881.0,0,2027-06-16,2031년 06월 16일,103.0,12.27,1991.0,25.562,0.0,3.0,0.9,15,-4.37,2025,33.14,128.09,449.0,158.0,R20260616000268,REAL
넥사다이내믹스,A351320,KOSDAQ,2026-06-17,1303.0,913.0,1,2027-06-17,2029년 04월 30일,15.0,3.73,3885.0,29.712,3.0,5.0,1.6,22,1.98,2025,173.77,39.23,130.0,-142.0,R20260617000502,REAL
넥사다이내믹스,A351320,KOSDAQ,2026-06-17,1367.0,957.0,1,2027-06-17,2029년 05월 08일,15.1,3.59,3885.0,29.664,3.0,5.0,1.6,22,1.98,2025,173.77,39.23,130.0,-142.0,R20260617000503,REAL
앤디포스,A238090,KOSDAQ,2026-06-17,2633.0,2633.0,0,2027-06-17,2029년 06월 25일,200.0,20.36,1795.0,29.712,0.0,4.0,0.9,15,5.83,2025,13.8,224.56,504.0,52.0,R20260617000378,REAL
KBI메탈,A024840,KOSDAQ,2026-06-17,5140.0,4112.0,1,2027-06-17,2031년 06월 25일,400.0,15.78,6180.0,41.534,0.0,0.0,0.9,15,0.72,2025,175.63,63.3,7586.0,14.0,R20260617000357,REAL
넥써쓰,A205500,KOSDAQ,2026-06-18,2524.0,2524.0,0,2027-06-18,2031년 06월 26일,212.0,13.1,1731.0,55.718,0.0,3.0,1.6,22,122.15,2025,145.85,222.49,367.0,-33.0,R20260618000359,REAL
디에스엠,A104040,KOSDAQ,2026-06-19,2011.0,1408.0,1,2027-06-19,2031년 06월 29일,100.0,15.64,2715.0,26.822,0.0,2.0,0.9,15,162.23,2025,101.99,31.46,285.0,20.0,R20260619000665,REAL
제테마,A216080,KOSDAQ,2026-06-19,5451.0,5451.0,0,2027-06-19,2031년 06월 29일,230.0,10.17,5970.0,37.269,0.0,0.0,1.6,22,-1.03,2025,221.74,16.97,769.0,-74.0,R20260619000502,REAL
오픈놀,A440320,KOSDAQ,2026-06-19,3575.0,3575.0,0,2027-06-19,2031년 06월 29일,85.0,19.24,2150.0,9.98,0.0,0.0,1.6,22,-3.33,2025,89.28,90.96,883.0,-64.0,R20260619000313,REAL
사토시홀딩스,A223310,KOSDAQ,2026-06-22,5247.0,3673.0,1,2027-06-22,2029년 06월 30일,100.0,26.8,2875.0,5.206,4.0,4.0,1.6,22,-24.76,2025,300.8,42.45,189.0,-315.0,R20260622000392,REAL
제이에스링크,A127120,KOSDAQ,2026-06-23,35612.0,24929.0,1,2027-06-23,2029년 06월 25일,250.0,2.02,30750.0,34.051,0.0,0.0,1.6,22,-7.36,2025,79.37,104.3,193.0,-164.0,R20260623000017,REAL
에이루트,A096690,KOSDAQ,2026-06-23,5783.0,4049.0,1,2027-06-23,2029년 06월 23일,78.5,25.23,6410.0,4.023,3.0,4.0,1.6,22,8.74,2025,82.24,51.64,506.0,-185.0,R20260623000421,REAL
AP위성,A211270,KOSDAQ,2026-06-26,13262.0,13262.0,0,2027-06-26,2031년 07월 06일,400.0,16.67,9010.0,15.077,0.0,0.0,1.6,22,-21.45,2025,21.58,370.66,478.0,-28.0,R20260626000709,REAL
에이팩트,A200470,KOSDAQ,2026-06-26,9635.0,6745.0,1,2027-06-26,2031년 06월 10일,250.0,5.77,8900.0,42.374,0.0,3.0,0.9,15,29.58,2025,159.09,50.45,1110.0,52.0,R20260626000406,REAL
제이에스링크,A127120,KOSDAQ,2026-06-26,35612.0,24929.0,1,2027-06-26,2029년 06월 25일,50.0,0.4,30750.0,34.96,3.0,5.0,1.6,22,-7.36,2025,79.37,104.3,193.0,-164.0,R20260626000351,REAL
앱튼,A270520,KOSDAQ,2026-06-26,1000.0,1000.0,0,2027-06-26,2031년 07월 24일,100.0,33.71,821.0,19.665,0.0,3.0,1.6,22,3.36,2025,68.16,44.82,169.0,-234.0,R20260626000003,REAL
코퍼스코리아,A322780,KOSDAQ,2026-06-29,1796.0,1258.0,1,2027-06-29,2031년 07월 24일,175.0,52.05,1620.0,8.976,0.0,0.0,1.6,22,48.63,2025,163.12,64.38,329.0,-136.0,R20260629000002,REAL
에이전트AI,A060900,KOSDAQ,2026-06-29,4875.0,3413.0,1,2027-06-29,2029년 06월 29일,15.0,7.16,2275.0,3.99,3.0,8.0,1.6,22,-29.71,2025,53.05,153.66,131.0,-187.0,R20260629000445,REAL
인트론바이오,A048530,KOSDAQ,2026-06-30,3100.0,3100.0,0,2027-06-30,2029년 07월 15일,30.0,3.13,2865.0,29.951,0.0,0.0,1.6,22,-56.08,2025,6.37,713.61,57.0,-90.0,R20260630000749,REAL
CMG제약,A058820,KOSDAQ,2026-06-30,968.0,872.0,1,2027-06-30,2031년 07월 07일,450.0,23.89,552.0,148.103,0.0,0.0,1.6,22,-4.54,2025,51.8,62.78,1052.0,-101.0,R20260629000588,REAL
나노실리칸첨단소재,A286750,KOSDAQ,2026-07-03,1418.0,993.0,1,2027-07-03,2029년 03월 31일,55.0,10.8,2555.0,32.035,6.5,6.5,1.6,22,-44.95,2025,64.01,84.19,60.0,-56.0,R20260703000458,REAL
한울앤제주,A276730,KOSDAQ,2026-07-06,20193.0,14136.0,1,2027-07-06,2029년 07월 09일,67.5,12.35,894.0,2.372,3.0,3.0,1.6,22,-8.86,2025,278.09,71.3,139.0,-115.0,R20260706000436,REAL
아난티,A025980,KOSDAQ,2026-07-06,4187.0,2931.0,1,2027-07-06,2031년 07월 14일,600.0,12.84,4760.0,97.275,0.0,1.0,1.6,22,2.94,2025,121.7,53.39,2581.0,-380.0,R20260706000476,REAL
유티아이,A179900,KOSDAQ,2026-07-08,4795.0,3357.0,1,2027-07-08,2030년 07월 15일,25.0,2.63,2265.0,19.303,1.0,3.0,1.6,22,-68.16,2025,227.41,46.98,200.0,-374.0,R20260707000469,REAL
라이콤,A388790,KOSDAQ,2026-07-08,5788.0,5788.0,0,2027-07-08,2031년 07월 16일,200.0,10.14,5210.0,30.622,0.0,0.0,0.9,15,43.96,2025,32.52,87.62,177.0,3.0,R20260708000402,REAL
사토시홀딩스,A223310,KOSDAQ,2026-07-10,4566.0,3197.0,1,2027-07-10,2029년 07월 20일,20.0,7.8,2875.0,5.178,4.0,4.0,1.6,22,-24.76,2025,300.8,42.45,189.0,-315.0,R20260710000425,REAL
티에스이,A131290,KOSDAQ,2026-07-10,238664.0,238664.0,0,2027-07-10,2031년 07월 22일,1000.0,3.65,284000.0,11.06,0.0,0.0,0.9,15,0.0,2025,30.88,194.11,4289.0,400.0,R20260710000416,REAL
아이에이,A038880,KOSDAQ,2026-07-13,2573.0,1802.0,1,2027-07-13,2031년 07월 21일,50.0,20.55,3310.0,7.513,0.0,8.0,1.6,22,-5.07,2025,79.65,25.95,412.0,-445.0,R20260713000370,REAL
그래피,A318060,KOSDAQ,2026-07-13,18318.0,18318.0,0,2027-07-13,2031년 07월 21일,483.0,19.09,15760.0,11.175,0.0,0.0,1.6,22,3.03,2025,88.56,127.13,205.0,-117.0,R20260713000436,REAL
크라우드웍스,A355390,KOSDAQ,2026-07-13,2105.0,1474.0,1,2027-07-13,2029년 07월 13일,40.0,12.0,1477.0,13.935,3.0,6.0,1.6,22,-29.88,2025,141.66,41.08,105.0,-217.0,R20260713000442,REAL
제이스코홀딩스,A023440,KOSDAQ,2026-07-14,506.0,500.0,1,2027-07-14,2029년 07월 22일,25.0,5.48,521.0,85.218,6.0,6.0,1.6,22,31.12,2025,111.62,20.56,411.0,-320.0,R20260714000457,REAL
제이스코홀딩스,A023440,KOSDAQ,2026-07-14,506.0,500.0,1,2027-07-14,2029년 07월 22일,25.0,5.48,521.0,85.218,6.0,6.0,1.6,22,31.12,2025,111.62,20.56,411.0,-320.0,R20260714000466,REAL
한국피아이엠,A448900,KOSDAQ,2026-07-14,54431.0,46267.0,1,2027-07-14,2031년 07월 20일,400.0,10.8,52400.0,6.07,0.0,0.0,1.6,22,-5.69,2025,50.76,111.7,369.0,-1.0,R20260714000488,REAL
넥스트칩,A396270,KOSDAQ,2026-07-14,2491.0,1744.0,1,2027-07-14,2029년 07월 22일,15.0,1.83,2440.0,32.303,0.0,0.0,1.6,22,24.55,2025,221.05,95.03,397.0,-160.0,R20260714000458,REAL
더코디,A224060,KOSDAQ,2026-07-20,4924.0,3447.0,1,2027-07-20,2029년 09월 17일,30.0,11.81,4710.0,4.55,3.0,4.0,1.6,22,-4.19,2025,572.53,25.65,253.0,-157.0,R20260720000270,REAL
레이저쎌,A412350,KOSDAQ,2026-07-20,1765.0,1765.0,0,2027-07-20,2028년 01월 23일,20.0,8.7,6650.0,11.892,3.0,9.0,1.6,22,-59.88,2025,131.14,49.43,47.0,-162.0,R20260720000049,REAL
졸스,A018700,KOSDAQ,2026-07-20,1216.0,1000.0,1,2027-07-20,2029년 07월 29일,20.0,12.54,1294.0,11.471,,1.0,1.6,22,3.77,2025,48.12,137.63,642.0,-32.0,R20260720000333,REAL
에코글로우,A159910,KOSDAQ,2026-07-21,3065.0,2146.0,1,2027-07-21,2029년 07월 29일,5.0,1.53,2950.0,10.499,0.0,5.0,1.6,22,15.21,2025,86.64,129.2,99.0,-57.0,R20260721001320,REAL
리가켐바이오,A141080,KOSDAQ,2026-07-22,121400.0,97200.0,1,2027-07-22,2036년 07월 24일,1700.0,3.64,81200.0,37.07,0.0,0.0,1.6,22,-58.62,2025,29.7,853.35,1416.0,-916.0,R20260722000069,REAL
파이온엑스,A900100,KOSDAQ,2026-07-22,2124.0,1487.0,1,2027-07-22,-,70.0,38.45,1096.0,5.276,3.0,5.0,1.6,22,-71.45,2025,22.05,92.48,63.0,-118.0,R20260722000285,REAL
드림시큐리티,A203650,KOSDAQ,2026-07-22,2118.0,2118.0,0,2027-07-22,2031년 07월 30일,250.0,10.4,2740.0,101.692,0.0,0.0,0.9,15,-2.49,2025,280.96,41.2,3189.0,74.0,R20260722000529,REAL
아이티엠반도체,A084850,KOSDAQ,2026-07-22,8344.0,7510.0,1,2027-07-22,2031년 07월 30일,200.0,9.56,8180.0,22.676,0.0,0.0,1.6,22,-1.53,2025,417.93,33.02,6031.0,-936.0,R20260722000510,REAL
SKAI,A357880,KOSDAQ,2026-07-22,2691.0,1884.0,1,2027-07-22,2029년 07월 30일,30.0,2.11,1825.0,51.721,4.0,4.0,1.6,22,32.71,2025,190.54,104.36,156.0,-151.0,R20260722000475,REAL
네이처셀,A007390,KOSDAQ,2026-07-22,24307.0,17015.0,1,2027-07-22,2029년 08월 07일,170.0,1.09,24450.0,63.465,0.0,6.0,1.6,22,-19.44,2025,18.57,264.12,207.0,-28.0,R20260722000378,REAL
조이웍스앤코,A309930,KOSDAQ,2026-07-23,965.0,676.0,1,2027-07-23,2029년 07월 27일,105.0,56.51,831.0,8.374,2.0,6.0,1.6,22,-14.02,2025,194.02,60.24,460.0,-207.0,R20260723000634,REAL
앱튼,A270520,KOSDAQ,2026-07-24,1000.0,1000.0,0,2027-07-24,2031년 07월 24일,100.0,30.16,821.0,23.156,0.0,3.0,1.6,22,3.36,2025,68.16,44.82,169.0,-234.0,R20260724000372,REAL
한울앤제주,A276730,KOSDAQ,2026-07-24,17860.0,12502.0,1,2027-07-24,2029년 09월 04일,100.0,12.16,894.0,4.045,3.0,3.0,1.6,22,-8.86,2025,278.09,71.3,139.0,-115.0,R20260724000483,REAL
노머스,A473980,KOSDAQ,2026-07-24,15520.0,15520.0,0,2027-07-24,2031년 08월 03일,400.0,19.15,10310.0,10.881,0.0,0.0,0.9,15,4.43,2025,11.28,665.28,757.0,148.0,R20260724000196,REAL
파라텍,A033540,KOSDAQ,2026-07-28,4745.0,3325.0,1,2027-07-28,2029년 08월 18일,100.0,16.78,2800.0,10.452,3.0,3.0,1.6,22,-9.24,2025,123.85,77.69,1739.0,-220.0,R20260728000381,REAL
한국첨단소재,A062970,KOSDAQ,2026-07-28,2399.0,1680.0,1,2027-07-28,2029년 08월 04일,50.0,6.81,2910.0,28.521,4.0,4.0,1.6,22,-21.63,2025,41.46,129.84,36.0,-125.0,R20260727000408,REAL
빛과전자,A069540,KOSDAQ,2026-07-29,2395.0,1676.0,1,2027-07-29,2029년 08월 05일,160.0,5.6,4070.0,112.616,2.0,6.5,1.6,22,4.61,2025,57.3,67.48,318.0,-197.0,R20260729000387,REAL
팸텍,A271830,KOSDAQ,2026-07-30,1524.0,1524.0,0,2027-07-30,2031년 07월 10일,100.0,18.2,1057.0,29.492,0.0,0.5,1.6,22,-2.25,2025,42.31,153.7,387.0,-54.0,R20260730000429,REAL
비스토스,A419540,KOSDAQ,2026-07-31,920.0,645.0,1,2027-07-31,2029년 03월 30일,40.0,18.91,3025.0,18.644,3.0,5.0,1.6,22,-7.95,2025,15.63,296.23,171.0,-7.0,R20260731000679,REAL
셀피글로벌,A068940,KOSDAQ,2026-07-31,522.0,366.0,1,2027-07-31,2029년 10월 30일,10.0,4.84,778.0,37.665,6.0,8.0,1.6,22,-4.6,2025,151.58,46.88,355.0,-106.0,R20260731000765,REAL
본느,A226340,KOSDAQ,2026-08-03,1396.0,1396.0,0,2027-08-03,2029년 08월 28일,100.0,46.06,5360.0,8.389,3.0,5.0,1.6,22,-20.61,2025,56.15,116.95,460.0,-159.0,R20260731000813,REAL
본느,A226340,KOSDAQ,2026-08-03,1396.0,1396.0,0,2027-08-03,2029년 08월 28일,100.0,46.06,5360.0,8.389,3.0,5.0,1.6,22,-20.61,2025,56.15,116.95,460.0,-159.0,R20260731000816,REAL
HLB,A028300,KOSDAQ,2026-08-05,33361.0,23353.0,1,2027-08-05,2029년 08월 19일,300.0,0.68,42900.0,131.344,1.0,4.0,1.6,22,50.16,2025,88.14,22.98,842.0,-2354.0,R20260805000480,REAL
APS,A054620,KOSDAQ,2026-08-05,4151.0,4151.0,0,2027-08-05,2031년 08월 14일,100.0,11.58,3720.0,18.395,1.0,2.0,1.6,22,16.02,2025,72.61,68.12,849.0,-87.0,R20260805000477,REAL
우리기술,A032820,KOSDAQ,2026-08-05,10717.0,8574.0,1,2027-08-05,2031년 08월 13일,400.0,2.11,12390.0,173.158,0.0,0.0,1.6,22,-7.08,2025,172.08,62.77,871.0,-41.0,R20260805000463,REAL
HEM파마,A376270,KOSDAQ,2026-08-06,43912.0,43912.0,0,2027-08-06,2031년 08월 14일,540.0,14.55,32700.0,7.222,0.0,1.5,1.6,22,-69.08,2025,893.97,52.18,130.0,-237.0,R20260806000534,REAL
이렘,A009730,KOSDAQ,2026-08-07,2130.0,1491.0,1,2027-08-07,2031년 08월 18일,25.0,14.55,2055.0,6.893,0.0,4.0,1.6,22,-10.8,2025,151.64,78.41,920.0,-168.0,R20260807000388,REAL
MSDI,A123010,KOSDAQ,2026-08-11,3486.0,2441.0,1,2027-08-11,2029년 10월 12일,200.0,22.11,4160.0,20.211,2.0,6.0,1.6,22,18.02,2025,75.2,93.76,384.0,-33.0,R20260811000532,REAL
덴티스,A261200,KOSDAQ,2026-08-12,3102.0,3102.0,0,2027-08-12,2031년 08월 20일,80.0,14.0,2630.0,15.842,0.0,3.0,1.6,22,-8.73,2025,356.64,53.92,1142.0,-165.0,R20260812000755,REAL
CSA 코스믹,A083660,KOSDAQ,2026-08-13,1883.0,1319.0,1,2027-08-13,2029년 09월 30일,50.0,15.74,1397.0,14.215,1.0,2.0,1.6,22,-9.8,2025,82.25,106.17,279.0,-67.0,R20260813001447,REAL
한중엔시에스,A107640,KOSDAQ,2026-08-13,36340.0,36340.0,0,2027-08-13,2056년 08월 21일,800.0,19.54,41250.0,9.065,0.0,2.0,0.9,15,-3.1,2025,152.88,68.93,1753.0,49.0,R20260813001787,REAL
비나텍,A126340,KOSDAQ,2026-08-14,78818.0,78818.0,0,2027-08-14,2031년 08월 24일,220.0,3.74,93100.0,7.184,0.0,0.0,1.6,22,15.7,2025,158.55,53.24,822.0,-70.0,R20260814003891,REAL
성호전자,A043260,KOSDAQ,2026-08-14,19114.0,19114.0,0,2027-08-14,2029년 08월 14일,895.0,5.99,26200.0,73.488,0.0,0.0,0.9,15,0.22,2025,128.77,64.75,2316.0,910.0,R20260814001990,REAL
이오플로우,A294090,KOSDAQ,2026-08-18,6000.0,6000.0,0,2027-08-18,2056년 09월 08일,20.0,0.8,1490.0,41.333,0.0,5.0,1.6,22,735.05,2025,-125.27,2.94,37.0,-424.0,R20260818000256,REAL
엑스페릭스,A317770,KOSDAQ,2026-08-18,3780.0,2646.0,1,2027-08-18,2029년 09월 30일,100.0,7.22,2580.0,33.996,0.0,3.0,1.6,22,15.47,2025,35.07,48.0,215.0,-204.0,R20260818000218,REAL
캔버스엔,A210120,KOSDAQ,2026-08-19,1767.0,1237.0,1,2027-08-19,2026년 09월 09일,30.0,7.0,1775.0,22.556,2.0,7.0,1.6,22,16.23,2025,307.94,47.04,40.0,-87.0,R20260819000347,REAL
캔버스엔,A210120,KOSDAQ,2026-08-19,1767.0,1237.0,1,2027-08-19,2026년 09월 09일,100.0,23.34,1775.0,18.588,2.0,7.0,1.6,22,16.23,2025,307.94,47.04,40.0,-87.0,R20260819000343,REAL
KX하이텍,A052900,KOSDAQ,2026-08-19,1264.0,885.0,1,2027-08-19,2031년 08월 27일,110.0,10.19,1166.0,76.7,0.0,0.0,0.9,15,-2.72,2025,48.36,129.03,1263.0,43.0,R20260819000309,REAL
모아라이프플러스,A142760,KOSDAQ,2026-08-20,795.0,795.0,0,2027-08-20,2029년 10월 20일,50.0,12.98,492.0,42.165,2.0,4.0,1.6,22,-22.79,2025,39.4,210.51,112.0,-131.0,R20260820000310,REAL
아이엠티,A451220,KOSDAQ,2026-08-20,12661.0,12661.0,0,2027-08-20,2031년 08월 28일,100.0,9.12,8680.0,7.871,0.0,0.0,0.9,15,16.41,2025,118.49,95.76,329.0,10.0,R20260820000313,REAL
넥스턴앤롤코리아,A089140,KOSDAQ,2026-08-20,2500.0,2500.0,0,2027-08-20,2029년 08월 28일,110.0,28.73,2070.0,10.915,1.0,4.0,1.6,22,7.18,2025,53.21,44.97,704.0,-23.0,R20260820000407,REAL
넥스턴앤롤코리아,A089140,KOSDAQ,2026-08-20,2500.0,2500.0,0,2027-08-20,2029년 08월 28일,90.0,23.5,2070.0,11.719,2.0,6.0,1.6,22,7.18,2025,53.21,44.97,704.0,-23.0,R20260820000411,REAL
애드바이오텍,A179530,KOSDAQ,2026-08-21,2522.0,2522.0,0,2027-08-21,2031년 09월 03일,20.0,3.87,1713.0,19.698,0.0,3.0,1.6,22,9.82,2025,257.52,36.93,129.0,-33.0,R20260821000575,REAL
애드바이오텍,A179530,KOSDAQ,2026-08-21,2522.0,2522.0,0,2027-08-21,2031년 09월 03일,55.0,7.49,1713.0,26.935,0.0,3.0,1.6,22,9.82,2025,257.52,36.93,129.0,-33.0,R20260821000578,REAL
핑거,A163730,KOSDAQ,2026-08-21,10860.0,10860.0,0,2027-08-21,2029년 08월 31일,300.0,21.63,14000.0,10.009,0.0,0.0,0.9,15,2.26,2025,41.73,228.33,916.0,3.0,R20260821000597,REAL
넥사다이내믹스,A351320,KOSDAQ,2026-08-24,1238.0,867.0,1,2027-08-24,2029년 09월 22일,80.0,17.87,3885.0,29.699,3.0,5.0,1.6,22,1.98,2025,173.77,39.23,130.0,-142.0,R20260824000329,REAL
서진시스템,A178320,KOSDAQ,2026-08-24,33255.0,33255.0,0,2027-08-24,2056년 09월 04일,625.0,2.87,38900.0,63.605,2.0,5.0,1.6,22,-8.85,2025,212.62,24.82,10663.0,-1024.0,R20260824000304,REAL
서진시스템,A178320,KOSDAQ,2026-08-24,36950.0,29560.0,1,2027-08-24,2030년 09월 04일,325.0,1.36,38900.0,63.794,0.0,2.0,1.6,22,-8.85,2025,212.62,24.82,10663.0,-1024.0,R20260824000337,REAL
서진시스템,A178320,KOSDAQ,2026-08-24,36950.0,29560.0,1,2027-08-24,2030년 09월 01일,675.0,2.79,38900.0,63.65,0.0,2.0,1.6,22,-8.85,2025,212.62,24.82,10663.0,-1024.0,R20260824000325,REAL
서진시스템,A178320,KOSDAQ,2026-08-24,33255.0,33255.0,0,2027-08-24,2056년 09월 01일,375.0,1.74,38900.0,63.68,2.0,5.0,1.6,22,-8.85,2025,212.62,24.82,10663.0,-1024.0,R20260824000269,REAL
그리드위즈,A453450,KOSDAQ,2026-08-24,14116.0,14116.0,0,2027-08-24,2031년 09월 01일,100.0,8.19,12750.0,7.941,0.0,0.0,0.9,15,4.13,2025,41.68,196.87,1256.0,20.0,R20260824000168,REAL
그리드위즈,A453450,KOSDAQ,2026-08-24,14116.0,14116.0,0,2027-08-24,2031년 09월 01일,150.0,11.8,12750.0,7.943,0.0,0.0,0.9,15,4.13,2025,41.68,196.87,1256.0,20.0,R20260824000164,REAL
인콘,A083640,KOSDAQ,2026-08-25,6855.0,6855.0,0,2027-08-25,2029년 09월 10일,150.0,32.27,5240.0,4.593,2.0,3.0,1.6,22,0.06,2025,9.66,575.26,508.0,-13.0,R20260825000396,REAL
엔투텍,A227950,KOSDAQ,2026-08-25,1519.0,1064.0,1,2027-08-25,2029년 09월 10일,120.0,18.63,1221.0,34.504,4.0,4.0,0.9,15,58.69,2025,16.68,255.11,288.0,190.0,R20260825000349,REAL
엔투텍,A227950,KOSDAQ,2026-08-25,1519.0,1064.0,1,2027-08-25,2029년 09월 10일,30.0,5.41,1221.0,34.531,4.0,4.0,0.9,15,58.69,2025,16.68,255.11,288.0,190.0,R20260825000352,REAL
씨피시스템,A413630,KOSDAQ,2026-08-26,5106.0,5106.0,0,2027-08-26,2031년 09월 03일,100.0,5.1,4100.0,36.443,0.0,0.0,0.9,15,-4.48,2025,6.67,784.47,193.0,20.0,R20260826000286,REAL
오르비텍,A046120,KOSDAQ,2026-08-27,4514.0,3160.0,1,2027-08-27,2029년 09월 01일,50.0,3.17,5210.0,33.834,2.0,5.0,0.9,15,-25.24,2025,109.24,51.01,579.0,8.0,R20260827000953,REAL
퀀텀레일,A070300,KOSDAQ,2026-08-27,2642.0,1850.0,1,2027-08-27,2029년 11월 12일,100.0,10.65,694.0,31.755,5.0,5.0,1.6,22,30.52,2025,59.85,152.45,185.0,-5.0,R20260827000761,REAL
광진실업,A026910,KOSDAQ,2026-08-27,4740.0,4740.0,0,2027-08-27,2029년 10월 30일,70.0,18.63,2290.0,6.45,0.0,0.0,1.6,22,5.04,2025,363.13,21.94,569.0,-49.0,R20260827001048,REAL
광진실업,A026910,KOSDAQ,2026-08-27,4740.0,4740.0,0,2027-08-27,2029년 11월 30일,150.0,39.91,2290.0,4.765,0.0,0.0,1.6,22,5.04,2025,363.13,21.94,569.0,-49.0,R20260827001044,REAL
MSDI,A123010,KOSDAQ,2026-08-28,2087.0,1461.0,1,2027-08-28,2029년 09월 04일,50.0,10.59,4160.0,20.227,2.0,6.0,1.6,22,18.02,2025,75.2,93.76,384.0,-33.0,R20260828000909,REAL
다보링크,A340360,KOSDAQ,2026-08-28,928.0,650.0,1,2027-08-28,2029년 09월 08일,30.0,6.2,918.0,48.909,0.0,2.0,1.6,22,-0.51,2025,168.37,87.53,632.0,-50.0,R20260828001372,REAL
신화프리텍,A095190,KOSDAQ,2026-09-01,1869.0,1869.0,0,2027-09-01,2031년 09월 09일,210.0,14.69,1858.0,65.251,0.0,0.0,1.6,22,-9.73,2025,115.64,64.65,925.0,-69.0,R20260901000319,REAL
서진시스템,A178320,KOSDAQ,2026-09-01,33255.0,33255.0,0,2027-09-01,2056년 09월 01일,375.0,1.74,38900.0,63.68,2.0,5.0,1.6,22,-8.85,2025,212.62,24.82,10663.0,-1024.0,R20260901000180,REAL
서진시스템,A178320,KOSDAQ,2026-09-01,33255.0,33255.0,0,2027-09-01,2056년 09월 04일,625.0,2.87,38900.0,63.605,2.0,5.0,1.6,22,-8.85,2025,212.62,24.82,10663.0,-1024.0,R20260901000219,REAL
이오플로우,A294090,KOSDAQ,2026-09-01,3000.0,3000.0,0,2027-09-01,2056년 09월 08일,17.0,1.36,1490.0,41.1,0.0,5.0,1.6,22,735.05,2025,-125.27,2.94,37.0,-424.0,R20260901000151,REAL
성호전자,A043260,KOSDAQ,2026-09-01,17192.0,17192.0,0,2027-09-01,2029년 09월 08일,130.0,1.02,26200.0,73.378,0.0,0.0,0.9,15,0.22,2025,128.77,64.75,2316.0,910.0,R20260831001545,REAL
한국첨단소재,A062970,KOSDAQ,2026-09-02,2366.0,1657.0,1,2027-09-02,2029년 09월 10일,50.0,7.01,2910.0,28.033,2.0,6.0,1.6,22,-21.63,2025,41.46,129.84,36.0,-125.0,R20260902000256,REAL
한국첨단소재,A062970,KOSDAQ,2026-09-02,2366.0,1657.0,1,2027-09-02,2029년 09월 10일,97.0,13.61,2910.0,26.023,2.0,6.0,1.6,22,-21.63,2025,41.46,129.84,36.0,-125.0,R20260902000259,REAL
젠큐릭스,A229000,KOSDAQ,2026-09-03,1919.0,1344.0,1,2027-09-03,2029년 09월 11일,5.0,1.07,1957.0,24.09,2.0,4.0,1.6,22,79.13,2025,96.15,108.09,75.0,-74.0,R20260903000307,REAL
엔투텍,A227950,KOSDAQ,2026-09-04,1519.0,1064.0,1,2027-09-04,2029년 10월 08일,30.0,5.41,1221.0,34.531,4.0,4.0,0.9,15,58.69,2025,16.68,255.11,288.0,190.0,R20260904000356,REAL
엔비알모션,A0004V0,KOSDAQ,2026-09-04,6969.0,6969.0,0,2027-09-04,2031년 09월 14일,170.0,18.14,6010.0,11.008,0.0,0.0,1.6,22,0.2,2025,150.94,62.49,631.0,-122.0,R20260904000205,REAL
더코디,A224060,KOSDAQ,2026-09-08,3550.0,3550.0,0,2027-09-08,2029년 10월 06일,300.0,163.75,4710.0,-3.29,3.0,4.0,1.6,22,-4.19,2025,572.53,25.65,253.0,-157.0,R20260908000001,REAL
성호전자,A043260,KOSDAQ,2026-09-08,17192.0,17192.0,0,2027-09-08,2029년 09월 08일,130.0,0.99,26200.0,75.624,0.0,0.0,0.9,15,0.22,2025,128.77,64.75,2316.0,910.0,R20260908000103,REAL
아리바이오LAB,A261780,KOSDAQ,2026-09-09,3237.0,2266.0,1,2027-09-09,2029년 09월 22일,70.0,7.47,3600.0,26.787,2.0,8.0,1.6,22,-6920.81,2025,151.13,163.56,2.0,-160.0,R20260909000478,REAL
CSA 코스믹,A083660,KOSDAQ,2026-09-10,1719.0,1203.0,1,2027-09-10,2029년 09월 18일,180.0,60.0,1397.0,6.981,2.0,6.5,1.6,22,-9.8,2025,82.25,106.17,279.0,-67.0,R20260910000549,REAL
바이오비쥬,A489460,KOSDAQ,2026-09-10,14000.0,14000.0,0,2027-09-10,2031년 09월 18일,600.0,22.5,11600.0,14.762,0.0,0.0,0.9,15,-16.3,2025,2.85,2229.12,285.0,42.0,R20260910000280,REAL
아이엘,A307180,KOSDAQ,2026-09-10,8467.0,6774.0,1,2027-09-10,2031년 09월 18일,78.0,2.5,5700.0,35.928,0.0,0.0,1.6,22,-14.67,2025,567.13,26.17,1029.0,-108.0,R20260910000248,REAL
KS인더스트리,A101000,KOSDAQ,2026-09-14,1440.0,1008.0,1,2027-09-14,2029년 09월 11일,70.0,49.05,1651.0,5.049,0.0,3.0,1.6,22,-8.67,2025,74.82,86.77,394.0,-73.0,R20260911000607,REAL
아리바이오LAB,A261780,KOSDAQ,2026-09-14,3500.0,2450.0,1,2027-09-14,2029년 09월 22일,30.0,2.96,3600.0,28.1,2.0,8.0,1.6,22,-6920.81,2025,151.13,163.56,2.0,-160.0,R20260914000312,REAL
링크솔루션,A474650,KOSDAQ,2026-09-14,32823.0,32823.0,0,2027-09-14,2031년 09월 22일,300.0,13.71,27000.0,5.753,0.0,0.0,1.6,22,-20.48,2025,72.92,79.76,131.0,-70.0,R20260914000252,REAL
이노테나,A333050,KOSDAQ,2026-09-14,7725.0,7725.0,0,2027-09-14,2031년 09월 22일,50.0,12.26,5570.0,4.632,0.0,0.0,0.9,15,-0.69,2025,37.75,316.54,300.0,21.0,R20260914000062,REAL
화일약품,A061250,KOSDAQ,2026-09-15,8294.0,5806.0,1,2027-09-15,2029년 10월 08일,100.0,14.32,6530.0,7.214,2.0,4.0,1.6,22,-2.89,2025,3.04,1419.29,1008.0,-2.0,R20260915000382,REAL
엔비알모션,A0004V0,KOSDAQ,2026-09-15,6969.0,6969.0,0,2027-09-15,2031년 09월 14일,170.0,18.14,6010.0,11.008,0.0,0.0,1.6,22,0.2,2025,150.94,62.49,631.0,-122.0,R20260915000257,REAL
링크솔루션,A474650,KOSDAQ,2026-09-16,32823.0,32823.0,0,2027-09-16,2031년 09월 22일,300.0,13.71,27000.0,5.753,0.0,0.0,1.6,22,-20.48,2025,72.92,79.76,131.0,-70.0,R20260916000208,REAL
링크솔루션,A474650,KOSDAQ,2026-09-17,32823.0,32823.0,0,2027-09-17,2031년 09월 22일,300.0,13.71,27000.0,5.753,0.0,0.0,1.6,22,-20.48,2025,72.92,79.76,131.0,-70.0,R20260917000205,REAL
아틀라스링크,A297570,KOSDAQ,2026-09-21,4070.0,2849.0,1,2027-09-21,2029년 09월 29일,135.0,32.39,3805.0,6.924,2.0,5.0,0.9,15,-0.29,2025,105.54,73.61,429.0,45.0,R20260921000354,REAL
파인디앤씨,A049120,KOSDAQ,2026-09-21,2990.0,2500.0,1,2027-09-21,2029년 09월 29일,130.0,25.52,2830.0,12.689,0.0,3.0,1.6,22,-5.05,2025,108.45,24.97,658.0,-222.0,R20260921000198,REAL
시선AI,A340810,KOSDAQ,2026-09-21,4192.0,2935.0,1,2027-09-21,2031년 10월 16일,50.0,7.88,3675.0,13.944,0.0,5.0,1.6,22,-8.41,2025,128.52,75.59,140.0,-153.0,R20260921000413,REAL
특수건설,A026150,KOSDAQ,2026-09-21,4139.0,2898.0,1,2027-09-21,2031년 09월 29일,100.0,13.77,3900.0,15.13,0.0,0.0,1.6,22,-25.35,2025,121.8,104.12,1490.0,-182.0,R20260921000401,REAL
아리바이오LAB,A261780,KOSDAQ,2026-09-22,3790.0,2653.0,1,2027-09-22,2029년 10월 16일,70.0,6.38,3600.0,27.102,2.0,8.0,1.6,22,-6920.81,2025,151.13,163.56,2.0,-160.0,R20260922000420,REAL
에이전트AI,A060900,KOSDAQ,2026-09-22,3200.0,2240.0,1,2027-09-22,2029년 09월 30일,120.0,36.43,2275.0,6.544,3.0,7.0,1.6,22,-29.71,2025,53.05,153.66,131.0,-187.0,R20260922000374,REAL
엑스플러스,A373200,KOSDAQ,2026-09-22,1855.0,1299.0,1,2027-09-22,2029년 09월 30일,140.0,30.14,1800.0,17.493,2.0,7.0,1.6,22,-13.84,2025,176.67,65.47,101.0,-23.0,R20260922000356,REAL
특수건설,A026150,KOSDAQ,2026-09-23,4139.0,2898.0,1,2027-09-23,2031년 09월 29일,100.0,13.77,3900.0,15.13,0.0,0.0,1.6,22,-25.35,2025,121.8,104.12,1490.0,-182.0,R20260923000131,REAL
케이쓰리아이,A431190,KOSDAQ,2026-09-23,3873.0,2712.0,1,2027-09-23,2031년 10월 20일,150.0,34.09,4085.0,7.488,2.0,6.0,1.6,22,5.72,2025,34.23,340.28,166.0,-43.0,R20260923000637,REAL
핑거,A163730,KOSDAQ,2026-09-28,11904.0,11904.0,0,2027-09-28,2029년 10월 01일,150.0,8.98,14000.0,12.772,0.0,0.0,0.9,15,2.26,2025,41.73,228.33,916.0,3.0,R20260923000640,REAL
