name,code,market,forecast_date,known_date,listing_date,offer_price,band_lo,band_hi,demand_ratio,lockup_pct,return_vs_offer_pct,open_vs_offer_pct,loss_making,net_income_eok,net_income_fy,underwriter,flag
워트,A396470,KOSDAQ,2023-10-05,2023-10-06,2023-10-26,6500.0,5000.0,5600.0,793.26,10.06,6.0,58.0,0,22.0,2023,키움증권,REAL
퀄리타스반도체,A432720,KOSDAQ,2023-10-06,2023-10-07,2023-10-27,17000.0,13000.0,15000.0,818.52,22.25,-36.71,71.76,1,-81.0,2023,한국투자증권,REAL
유진테크놀로지,A240600,KOSDAQ,2023-10-11,2023-10-12,2023-11-02,17000.0,12800.0,14500.0,914.02,17.63,-94.75,44.41,1,-18.0,2023,NH투자증권,REAL
쏘닉스,A088280,KOSDAQ,2023-10-17,2023-10-18,2023-11-07,7500.0,5000.0,7000.0,716.5,1.39,-58.13,33.33,1,-51.0,2023,KB증권,REAL
유투바이오,,KOSDAQ?,2023-10-18,2023-10-19,2023-11-02,4400.0,3300.0,3900.0,1276.73,2.35,-15.68,36.36,,,,신한투자증권,REAL
비아이매트릭스,A413640,KOSDAQ,2023-10-19,2023-10-20,2023-11-09,13000.0,9100.0,11000.0,981.09,4.2,-54.38,31.08,1,-18.0,2023,IBK투자증권,REAL
컨텍,A451760,KOSDAQ,2023-10-20,2023-10-21,2023-11-09,22500.0,20300.0,22500.0,198.93,1.24,-64.4,-12.44,1,-649.0,2023,대신증권,REAL
큐로셀,A372320,KOSDAQ,2023-10-20,2023-10-21,2023-11-09,20000.0,29800.0,33500.0,20.88,4.74,8.25,12.75,,,,"미래에셋증권,삼성증권",REAL
메가터치,A446540,KOSDAQ,2023-10-20,2023-10-21,2023-11-09,4800.0,3500.0,4000.0,765.86,9.25,120.83,45.0,1,-1.0,2023,NH투자증권,REAL
에이직랜드,A445090,KOSDAQ,2023-10-23,2023-10-24,2023-11-13,25000.0,19100.0,21400.0,490.02,22.38,-13.2,27.2,0,36.0,2023,삼성증권,REAL
에스와이스틸텍,A365330,KOSDAQ,2023-10-23,2023-10-24,2023-11-13,1800.0,1200.0,1500.0,1113.85,6.69,-14.83,83.33,0,108.0,2023,KB증권,REAL
에코프로머티리얼즈,,KOSDAQ?,2023-10-30,2023-10-31,2023-11-17,36200.0,36200.0,44000.0,17.2,3.31,-5.11,18.78,,,,"미래에셋증권,NH투자증권,하이투자증권",REAL
스톰테크,A352090,KOSDAQ,2023-10-31,2023-11-01,2023-11-20,11000.0,8000.0,9500.0,573.97,3.24,-66.64,71.73,0,98.0,2023,하이투자증권,REAL
에코아이,A448280,KOSDAQ,2023-11-01,2023-11-02,2023-11-21,34700.0,28500.0,34700.0,75.14,3.99,-73.03,32.85,0,157.0,2023,KB증권,REAL
한선엔지니어링,A452280,KOSDAQ,2023-11-02,2023-11-03,2023-11-24,7000.0,5200.0,6000.0,709.55,3.89,77.57,137.14,0,45.0,2023,대신증권,REAL
그린리소스,A402490,KOSDAQ,2023-11-03,2023-11-04,2023-11-24,17000.0,11000.0,14000.0,753.19,5.39,-55.82,73.53,0,26.0,2023,NH투자증권,REAL
에이에스텍,A453860,KOSDAQ,2023-11-07,2023-11-08,2023-11-28,28000.0,21000.0,25000.0,629.95,8.66,-72.54,203.57,0,68.0,2023,미래에셋증권,REAL
에이텀,A355690,KOSDAQ,2023-11-09,2023-11-10,2023-12-01,18000.0,23000.0,30000.0,136.4,0.43,-70.06,216.11,1,-22.0,2024,하나증권,REAL
와이바이오로직스,A338840,KOSDAQ,2023-11-10,2023-11-11,2023-12-05,9000.0,9000.0,11000.0,226.9,14.47,-10.78,160.56,1,-209.0,2023,유안타증권,REAL
케이엔에스,A432470,KOSDAQ,2023-11-16,2023-11-17,2023-12-06,23000.0,19000.0,22000.0,964.82,10.96,-56.26,208.7,0,32.0,2023,신영증권,REAL
블루엠텍,A439580,KOSDAQ,2023-11-22,2023-11-23,2023-12-13,19000.0,15000.0,19000.0,582.24,0.02,-85.95,191.05,1,-23.0,2023,"하나증권,키움증권",REAL
LS머트리얼즈,A417200,KOSDAQ,2023-11-22,2023-11-23,2023-12-12,6000.0,4400.0,5500.0,396.84,12.02,117.67,232.33,0,122.0,2023,"키움증권,KB증권,이베스트투자증권,하이투자증권,NH투자증권",REAL
디에스단석,,KOSDAQ?,2023-12-05,2023-12-06,2023-12-22,100000.0,79000.0,89000.0,341.84,,-87.33,270.0,,,,"KB증권,NH투자증권",REAL
포스뱅크,A105760,KOSDAQ,2024-01-05,2024-01-06,2024-01-29,18000.0,13000.0,15000.0,839.03,6.21,-72.11,164.17,0,75.0,2023,하나증권,REAL
에이치비인베스트먼트,,KOSDAQ?,2024-01-08,2024-01-09,2024-01-25,3400.0,2400.0,2800.0,838.81,7.73,-48.76,197.06,,,,NH투자증권,REAL
현대힘스,A460930,KOSDAQ,2024-01-08,2024-01-09,2024-01-26,7300.0,5000.0,6300.0,680.82,11.98,73.01,296.58,0,101.0,2023,미래에셋증권,REAL
우진엔텍,A457550,KOSDAQ,2024-01-08,2024-01-09,2024-01-24,5300.0,4300.0,4900.0,1263.32,17.01,154.91,300.0,0,53.0,2023,케이비증권,REAL
이닉스,A452400,KOSDAQ,2024-01-11,2024-01-12,2024-02-01,14000.0,9200.0,11000.0,670.6,25.31,-61.43,232.5,0,110.0,2023,삼성증권,REAL
스튜디오삼익,A415380,KOSDAQ,2024-01-17,2024-01-18,2024-02-06,18000.0,14500.0,16500.0,966.9,5.55,-88.25,188.89,0,22.0,2023,DB금융투자,REAL
코셈,A360350,KOSDAQ,2024-01-29,2024-01-30,2024-02-23,16000.0,12000.0,14000.0,1267.6,10.04,-43.13,162.5,0,17.0,2023,키움증권,REAL
이에이트,,KOSDAQ?,2024-01-29,2024-01-30,2024-02-23,20000.0,14500.0,18500.0,630.64,2.35,-96.9,30.75,,,,한화투자증권,REAL
케이웨더,A068100,KOSDAQ,2024-02-01,2024-02-02,2024-02-22,7000.0,4800.0,5800.0,1362.5,3.93,-66.21,184.57,1,-24.0,2023,NH투자증권,REAL
케이엔알시스템,A199430,KOSDAQ,2024-02-16,2024-02-17,2024-03-07,13500.0,9000.0,11000.0,873.2,31.86,31.26,174.07,1,-38.0,2023,"DB금융투자,NH투자증권",REAL
오상헬스케어,A036220,KOSDAQ,2024-02-21,2024-02-22,2024-03-13,20000.0,13000.0,15000.0,993.21,2.85,-67.8,66.25,0,1167.0,2023,NH투자증권,REAL
삼현,A437730,KOSDAQ,2024-02-29,2024-03-01,2024-03-21,30000.0,20000.0,25000.0,649.11,10.64,61.67,123.33,0,95.0,2023,한국투자증권,REAL
엔젤로보틱스,A455900,KOSDAQ,2024-03-06,2024-03-07,2024-03-26,20000.0,11000.0,15000.0,1157.0,16.67,7.0,152.5,1,-92.0,2023,NH투자증권,REAL
아이엠비디엑스,A461030,KOSDAQ,2024-03-14,2024-03-15,2024-04-03,13000.0,7700.0,9900.0,865.73,4.5,-79.15,119.62,1,-104.0,2023,미래에셋증권,REAL
제일엠앤에스,A412540,KOSDAQ,2024-04-05,2024-04-06,2024-04-30,22000.0,15000.0,18000.0,645.91,5.49,-82.11,71.36,1,-44.0,2023,KB증권,REAL
민테크,A452200,KOSDAQ,2024-04-12,2024-04-13,2024-05-03,10500.0,6500.0,8500.0,946.72,4.23,-84.26,41.9,1,-85.0,2023,KB증권,REAL
디앤디파마텍,A347850,KOSDAQ,2024-04-12,2024-04-13,2024-05-02,33000.0,22000.0,26000.0,848.5,10.96,27.12,49.24,0,34.0,2023,한국투자증권,REAL
코칩,A126730,KOSDAQ,2024-04-15,2024-04-16,2024-05-07,18000.0,11000.0,14000.0,988.32,13.19,30.56,83.33,0,48.0,2023,한국투자증권,REAL
아이씨티케이,A456010,KOSDAQ,2024-04-24,2024-04-25,2024-05-17,20000.0,13000.0,16000.0,783.2,6.54,19.75,-0.05,1,-90.0,2023,NH투자증권,REAL
노브랜드,A145170,KOSDAQ,2024-04-30,2024-05-01,2024-05-23,14000.0,8700.0,11000.0,1075.61,4.51,-76.32,121.43,0,8.0,2023,삼성증권,REAL
그리드위즈,A453450,KOSDAQ,2024-05-23,2024-05-24,2024-06-14,40000.0,34000.0,40000.0,124.6,0.95,-68.85,51.5,0,42.0,2023,삼성증권,REAL
씨어스테크놀로지,,KOSDAQ?,2024-05-27,2024-05-28,2024-06-19,17000.0,10500.0,14000.0,1084.39,2.06,50.59,102.65,,,,한국투자증권,REAL
라메디텍,A462510,KOSDAQ,2024-05-27,2024-05-28,2024-06-17,16000.0,10400.0,12700.0,1115.44,9.93,-74.78,212.5,1,-83.0,2023,대신증권,REAL
한중엔시에스,A107640,KOSDAQ,2024-05-30,2024-05-31,2024-06-24,30000.0,20000.0,23500.0,725.94,12.44,33.0,51.83,1,-186.0,2023,IBK투자증권,REAL
에스오에스랩,A464080,KOSDAQ,2024-06-03,2024-06-04,2024-06-25,11500.0,7500.0,9000.0,1072.3,4.19,-9.3,81.3,0,60.0,2023,한국투자증권,REAL
하이젠알앤엠,A160190,KOSDAQ,2024-06-07,2024-06-08,2024-06-27,7000.0,4500.0,5500.0,1099.21,11.8,306.43,157.14,0,26.0,2023,한국투자증권,REAL
에이치브이엠,A295310,KOSDAQ,2024-06-11,2024-06-12,2024-06-28,18000.0,11000.0,14200.0,837.2,,223.33,59.17,1,-61.0,2023,NH투자증권,REAL
이노스페이스,A462350,KOSDAQ,2024-06-11,2024-06-12,2024-07-02,43300.0,36400.0,43300.0,598.87,1.99,-85.1,1.39,1,-832.0,2023,"미래에셋증권,신한투자증권",REAL
하스,A450330,KOSDAQ,2024-06-13,2024-06-14,2024-07-03,16000.0,9000.0,12000.0,946.4,6.36,-71.06,72.5,0,18.0,2023,삼성증권,REAL
엑셀세라퓨틱스,A373110,KOSDAQ,2024-06-24,2024-06-25,2024-07-15,10000.0,6200.0,7700.0,1233.8,4.5,-90.01,24.8,1,-93.0,2023,대신증권,REAL
피앤에스미캐닉스,,KOSDAQ?,2024-07-11,2024-07-12,2024-07-31,22000.0,14000.0,17000.0,986.08,5.6,-76.82,36.36,,,,키움증권,REAL
아이빔테크놀로지,A460470,KOSDAQ,2024-07-15,2024-07-16,2024-08-06,10000.0,7300.0,8500.0,1011.5,0.49,-71.65,0.0,1,-50.0,2023,삼성증권,REAL
뱅크웨어글로벌,A199480,KOSDAQ,2024-07-23,2024-07-24,2024-08-12,16000.0,16000.0,19000.0,155.74,1.52,-74.5,-0.06,1,-80.0,2023,미래에셋증권,REAL
넥스트바이오메디컬,A389650,KOSDAQ,2024-07-29,2024-07-30,2024-08-20,29000.0,24000.0,29000.0,356.95,2.18,5.69,-6.9,1,-75.0,2023,한국투자증권,REAL
유라클,A088340,KOSDAQ,2024-07-29,2024-07-30,2024-08-16,21000.0,18000.0,21000.0,1065.86,0.55,-68.95,32.86,0,45.0,2023,키움증권,REAL
케이쓰리아이,A431190,KOSDAQ,2024-07-30,2024-07-31,2024-08-20,15500.0,12500.0,15500.0,239.23,1.03,-72.9,1.94,0,12.0,2023,하나증권,REAL
티디에스팜,A464280,KOSDAQ,2024-07-31,2024-08-01,2024-08-21,13000.0,9500.0,10700.0,1331.2,4.23,-58.31,107.69,0,47.0,2023,한국투자증권,REAL
엠83,A476080,KOSDAQ,2024-08-01,2024-08-02,2024-08-22,16000.0,11000.0,13000.0,1024.72,0.75,-74.5,62.5,0,57.0,2023,"신영증권,유진투자증권",REAL
이엔셀,A456070,KOSDAQ,2024-08-02,2024-08-03,2024-08-23,15300.0,13600.0,15300.0,949.3,0.24,-62.03,129.41,1,-51.0,2023,NH투자증권,REAL
아이스크림미디어,A461300,KOSDAQ,2024-08-09,2024-08-10,2024-08-30,32000.0,32000.0,40200.0,31.26,4.37,-42.13,-7.19,0,302.0,2023,삼성증권,REAL
아이언디바이스,A464500,KOSDAQ,2024-08-30,2024-08-31,2024-09-23,7000.0,4900.0,5700.0,1152.85,3.34,-76.03,157.14,1,-39.0,2023,대신증권,REAL
제닉스,A381620,KOSDAQ,2024-09-05,2024-09-06,2024-09-30,40000.0,28000.0,34000.0,1051.52,1.71,-85.3,47.5,0,31.0,2023,"신영증권,KB증권",REAL
인스피언,A465480,KOSDAQ,2024-09-23,2024-09-24,2024-10-18,12000.0,8000.0,10000.0,1069.68,2.98,-66.88,66.67,0,51.0,2023,한국투자증권,REAL
한켐,A457370,KOSDAQ,2024-09-23,2024-09-24,2024-10-22,18000.0,12500.0,14500.0,1019.86,3.89,-35.94,80.56,0,42.0,2023,"신영증권,유진증권",REAL
셀비온,A308430,KOSDAQ,2024-09-24,2024-09-25,2024-10-16,15000.0,10000.0,12200.0,1050.19,8.64,-0.2,69.33,1,-36.0,2023,대신증권,REAL
와이제이링크,A209640,KOSDAQ,2024-09-25,2024-09-26,2024-10-18,12000.0,8600.0,9800.0,800.57,0.43,-69.58,6.33,0,71.0,2023,KB증권,REAL
루미르,A474170,KOSDAQ,2024-09-26,2024-09-27,2024-10-21,12000.0,16500.0,20500.0,13.1,0.14,-41.33,16.67,1,-59.0,2023,NH투자증권,REAL
씨메스,A475400,KOSDAQ,2024-09-30,2024-10-01,2024-10-24,30000.0,20000.0,24000.0,577.59,1.0,-38.83,18.67,1,-157.0,2023,"삼성증권,유진투자증권,유안타증권",REAL
에이치엔에스하이텍,A044990,KOSDAQ,2024-09-30,2024-10-01,2024-10-25,22000.0,22000.0,26000.0,251.27,0.42,-50.59,-11.86,0,301.0,2023,미래에셋증권,REAL
웨이비스,A289930,KOSDAQ,2024-10-07,2024-10-08,2024-10-25,15000.0,11000.0,12500.0,1159.89,0.01,-46.67,20.07,1,-150.0,2023,대신증권,REAL
클로봇,A466100,KOSDAQ,2024-10-07,2024-10-08,2024-10-28,13000.0,9400.0,10900.0,933.9,1.44,71.92,-3.85,1,-224.0,2023,"미래에셋증권,신영증권",REAL
성우,A458650,KOSDAQ,2024-10-10,2024-10-11,2024-10-31,32000.0,25000.0,29000.0,516.19,3.25,-76.34,0.0,0,249.0,2023,한국투자증권,REAL
에이럭스,A475580,KOSDAQ,2024-10-11,2024-10-12,2024-11-01,16000.0,11500.0,13500.0,973.12,0.36,-54.06,-22.13,0,40.0,2023,한국투자증권,REAL
에이치이엠파마,,KOSDAQ?,2024-10-14,2024-10-15,2024-11-05,23000.0,16400.0,19000.0,1220.68,0.29,40.65,-10.87,,,,신한투자증권,REAL
탑런토탈솔루션,A336680,KOSDAQ,2024-10-14,2024-10-15,2024-11-01,18000.0,12000.0,14000.0,841.12,1.73,-83.75,-16.0,0,227.0,2023,KB증권,REAL
에어레인,A163280,KOSDAQ,2024-10-15,2024-10-16,2024-11-08,23000.0,16000.0,18500.0,1000.1,0.46,-83.93,-28.48,1,-151.0,2023,신영증권,REAL
토모큐브,A475960,KOSDAQ,2024-10-17,2024-10-18,2024-11-07,16000.0,10900.0,13400.0,967.71,0.14,98.75,-23.44,1,-236.0,2023,대신증권,REAL
노머스,A473980,KOSDAQ,2024-10-23,2024-10-24,2024-11-12,30200.0,27200.0,30200.0,288.0,0.79,-65.86,-28.81,1,-313.0,2023,대신증권,REAL
닷밀,A464580,KOSDAQ,2024-10-24,2024-10-25,2024-11-13,13000.0,11000.0,13000.0,1082.35,0.22,-88.12,-26.77,1,-12.0,2023,미래에셋증권,REAL
쓰리빌리언,A394800,KOSDAQ,2024-10-24,2024-10-25,2024-11-14,4500.0,4500.0,6500.0,254.59,0.93,47.33,20.22,1,-51.0,2023,한국투자증권,REAL
위츠,A459100,KOSDAQ,2024-10-28,2024-10-29,2024-11-20,6400.0,5300.0,6400.0,997.37,0.23,-37.81,5.94,0,76.0,2023,신한투자증권,REAL
에스켐,A475660,KOSDAQ,2024-10-28,2024-10-29,2024-11-18,10000.0,13000.0,14600.0,283.9,0.82,-69.0,7.3,1,-9.0,2023,NH투자증권,REAL
엠오티,A413390,KOSDAQ,2024-10-29,2024-10-30,2024-11-18,10000.0,12000.0,14000.0,343.66,0.01,-37.4,-15.5,0,26.0,2023,한국투자증권,REAL
사이냅소프트,A466410,KOSDAQ,2024-10-29,2024-10-30,2024-11-19,24500.0,21000.0,24500.0,1163.2,0.35,-64.41,-14.29,0,62.0,2023,NH투자증권,REAL
벡트,A457600,KOSDAQ,2024-11-25,2024-11-26,2024-12-16,3900.0,3500.0,3900.0,963.77,3.12,1.28,155.38,0,23.0,2023,신한투자,REAL
온코닉테라퓨틱스,A476060,KOSDAQ,2024-11-27,2024-11-28,2024-12-19,13000.0,16000.0,18000.0,198.96,3.72,17.92,38.46,0,17.0,2023,NH투자증권,REAL
온코크로스,A382150,KOSDAQ,2024-11-27,2024-11-28,2024-12-18,7300.0,10100.0,12300.0,635.05,,-48.49,73.29,1,-42.0,2023,미래에셋증권,REAL
듀켐바이오,A176750,KOSDAQ,2024-12-02,2024-12-03,2024-12-20,8000.0,12300.0,14100.0,47.73,0.02,-9.5,51.25,0,41.0,2023,NH투자증권,REAL
쓰리에이로직스,A177900,KOSDAQ,2024-12-04,2024-12-05,2024-12-24,11000.0,15700.0,18200.0,129.1,,-66.91,27.82,1,-189.0,2023,"미래에셋증권,신한투자증권",REAL
파인메딕스,A387570,KOSDAQ,2024-12-05,2024-12-06,2024-12-26,10000.0,9000.0,10000.0,1260.25,2.77,-37.4,153.0,0,12.0,2023,한국투자증권,REAL
미트박스글로벌,A475460,KOSDAQ,2025-01-02,2025-01-03,2025-01-23,19000.0,19000.0,23000.0,849.95,,-86.32,-2.11,0,11.0,2024,미래에셋증권,REAL
와이즈넛,A096250,KOSDAQ,2025-01-03,2025-01-04,2025-01-24,17000.0,24000.0,26000.0,64.85,0.32,-67.35,-17.53,0,31.0,2024,삼성증권,REAL
삼양엔씨켐,A482630,KOSDAQ,2025-01-06,2025-01-07,2025-02-03,18000.0,16000.0,18000.0,1242.26,1.44,-22.78,31.39,0,90.0,2024,KB증권,REAL
데이원컴퍼니,A373160,KOSDAQ,2025-01-06,2025-01-07,2025-01-24,13000.0,22000.0,26700.0,114.98,,-74.35,-17.23,1,-16.0,2024,"미래에셋증권,삼성증권",REAL
아스테라시스,A450950,KOSDAQ,2025-01-06,2025-01-07,2025-01-24,4600.0,4000.0,4600.0,1242.4,9.98,21.74,68.91,0,54.0,2024,DB금융투자,REAL
피아이이,A452450,KOSDAQ,2025-01-08,2025-01-09,2025-02-04,5000.0,4000.0,5000.0,1117.74,0.63,1.4,0.0,0,99.0,2024,삼성증권,REAL
아이지넷,A462980,KOSDAQ,2025-01-09,2025-01-10,2025-02-04,7000.0,6000.0,7000.0,1138.59,0.4,-76.71,-12.71,0,2.0,2024,한국투자증권,REAL
동방메디컬,A240550,KOSDAQ,2025-01-16,2025-01-17,2025-02-13,10500.0,9000.0,10500.0,910.14,5.77,-42.1,40.29,0,31.0,2024,NH투자증권,REAL
오름테라퓨틱,A475830,KOSDAQ,2025-01-17,2025-01-18,2025-02-14,20000.0,24000.0,30000.0,16.93,10.93,12.5,5.0,1,-57.0,2024,한국투자증권,REAL
동국생명과학,A303810,KOSDAQ,2025-01-20,2025-01-21,2025-02-17,9000.0,12600.0,14300.0,117.83,1.92,-66.67,43.33,0,22.0,2024,"NH투자증권,KB증권",REAL
아이에스티이,A212710,KOSDAQ,2025-01-21,2025-01-22,2025-02-12,11400.0,9700.0,11400.0,1148.16,1.69,-36.93,26.58,0,6.0,2024,KB증권,REAL
모티브링크,A463480,KOSDAQ,2025-01-31,2025-02-01,2025-02-20,6000.0,5100.0,6000.0,1075.52,3.36,-35.58,175.0,0,18.0,2024,미래에셋증권,REAL
위너스,A479960,KOSDAQ,2025-02-04,2025-02-05,2025-02-24,8500.0,7500.0,8500.0,1155.04,4.46,-28.59,175.88,0,25.0,2024,미래에셋증권,REAL
엘케이켐,A489500,KOSDAQ,2025-02-04,2025-02-05,2025-02-25,21000.0,18000.0,21000.0,1052.62,8.19,10.71,206.19,0,68.0,2024,신영증권,REAL
대진첨단소재,A393970,KOSDAQ,2025-02-11,2025-02-12,2025-03-06,9000.0,10900.0,13000.0,576.65,2.28,-68.61,98.11,1,-4.0,2024,"미래에셋증권,신영증권",REAL
엠디바이스,A226590,KOSDAQ,2025-02-12,2025-02-13,2025-03-07,8350.0,7200.0,8350.0,1366.65,4.9,71.98,115.57,0,30.0,2024,삼성증권,REAL
한텍,A098070,KOSDAQ,2025-02-24,2025-02-25,2025-03-20,10800.0,9200.0,10800.0,951.52,19.74,113.43,131.48,0,263.0,2024,대신증권,REAL
티엑스알로보틱스,A484810,KOSDAQ,2025-02-26,2025-02-27,2025-03-20,13500.0,11500.0,13500.0,862.62,6.1,-12.44,57.78,0,38.0,2024,"NH투자증권,신한투자증권,유진투자증권",REAL
심플랫폼,A444530,KOSDAQ,2025-02-27,2025-02-28,2025-03-21,15000.0,13000.0,15000.0,1213.84,0.31,-69.03,40.33,1,-80.0,2024,KB증권,REAL
더즌,A462860,KOSDAQ,2025-02-28,2025-03-01,2025-03-24,9000.0,10500.0,12500.0,461.95,0.72,-68.5,3.0,0,99.0,2024,한국투자증권,REAL
에이유브랜즈,A481070,KOSDAQ,2025-03-13,2025-03-14,2025-04-03,16000.0,14000.0,16000.0,816.22,3.21,-7.31,75.0,0,101.0,2024,한국투자증권,REAL
한국피아이엠,A448900,KOSDAQ,2025-03-17,2025-03-18,2025-04-04,11200.0,9300.0,11200.0,1214.55,5.55,364.29,37.23,0,28.0,2024,IBK투자증권,REAL
쎄크,A081180,KOSDAQ,2025-04-08,2025-04-09,2025-04-28,15000.0,13000.0,15000.0,1232.54,3.76,-57.67,34.67,0,21.0,2024,신영증권,REAL
나우로보틱스,A459510,KOSDAQ,2025-04-14,2025-04-15,2025-05-08,6800.0,5900.0,6800.0,1394.96,13.59,129.41,150.0,1,-37.0,2024,"대신증권,아이엠증권",REAL
로킷헬스케어,A376900,KOSDAQ,2025-04-14,2025-04-15,2025-05-12,11000.0,11000.0,13000.0,368.45,8.51,149.09,53.27,1,-77.0,2024,"SK증권,KB증권",REAL
원일티엔아이,A136150,KOSDAQ,2025-04-16,2025-04-17,2025-05-09,13500.0,11500.0,13500.0,1308.07,23.34,-40.74,74.81,0,79.0,2024,NH투자증권,REAL
오가노이드사이언스,A476040,KOSDAQ,2025-04-16,2025-04-17,2025-05-09,21000.0,17000.0,21000.0,1066.9,6.33,-67.9,20.95,1,-115.0,2024,한국투자증권,REAL
이뮨온시아,A424870,KOSDAQ,2025-04-22,2025-04-23,2025-05-19,3600.0,3000.0,3600.0,897.45,8.22,-6.39,55.56,1,-57.0,2024,한국투자증권,REAL
바이오비쥬,A489460,KOSDAQ,2025-04-23,2025-04-24,2025-05-20,9100.0,8000.0,9100.0,1094.25,12.48,27.14,152.75,0,72.0,2024,대신증권,REAL
인투셀,A287840,KOSDAQ,2025-04-29,2025-04-30,2025-05-23,17000.0,12500.0,17000.0,1151.5,11.96,-2.12,118.24,1,-99.0,2024,미래에셋증권,REAL
키스트론,A475430,KOSDAQ,2025-05-12,2025-05-13,2025-06-02,3600.0,3100.0,3600.0,1140.95,14.95,22.64,196.39,0,88.0,2024,신한투자증권,REAL
링크솔루션,A474650,KOSDAQ,2025-05-16,2025-05-17,2025-06-10,23000.0,20000.0,23000.0,1159.43,1.83,16.52,30.43,1,-25.0,2024,신영증권,REAL
GC지놈,,KOSDAQ?,2025-05-19,2025-05-20,2025-06-11,10500.0,9000.0,10500.0,547.47,1.04,-16.57,36.19,,,,삼성증권,REAL
지에프씨생명과학,A388610,KOSDAQ,2025-06-10,2025-06-11,2025-06-30,15300.0,12300.0,15300.0,1443.69,13.88,-63.73,93.14,1,-59.0,2024,대신증권,REAL
뉴엔에이아이,A463020,KOSDAQ,2025-06-12,2025-06-13,2025-07-04,15000.0,13000.0,15000.0,995.61,17.18,-54.47,146.0,1,-56.0,2024,"NH투자증권,신한투자증권",REAL
싸이닉솔루션,A234030,KOSDAQ,2025-06-16,2025-06-17,2025-07-07,4700.0,4000.0,4700.0,1289.62,7.91,-18.19,114.47,0,55.0,2024,대신증권,REAL
아우토크립트,A331740,KOSDAQ,2025-06-24,2025-06-25,2025-07-15,22000.0,18700.0,22000.0,995.34,5.28,-71.27,44.32,1,-493.0,2024,대신증권,REAL
도우인시스,A484120,KOSDAQ,2025-07-03,2025-07-04,2025-07-23,32000.0,29000.0,32000.0,785.41,3.58,-24.53,70.0,0,153.0,2024,키움증권,REAL
뉴로핏,A380550,KOSDAQ,2025-07-04,2025-07-05,2025-07-25,14000.0,11400.0,14000.0,1087.6,12.08,-45.14,104.29,1,-151.0,2024,미래에셋증권,REAL
엔알비,A475230,KOSDAQ,2025-07-08,2025-07-09,2025-07-28,21000.0,18000.0,21000.0,800.83,0.77,-54.24,1.43,0,20.0,2024,"NH투자증권,KB증권",REAL
프로티나,A468530,KOSDAQ,2025-07-08,2025-07-09,2025-07-29,14000.0,11000.0,14000.0,1199.2,8.11,282.86,69.64,1,-57.0,2024,한국투자증권,REAL
아이티켐,A309710,KOSDAQ,2025-07-17,2025-07-18,2025-08-07,16100.0,14500.0,16100.0,1157.98,23.83,30.43,140.99,0,114.0,2024,KB증권,REAL
삼양컴텍,A484590,KOSDAQ,2025-07-24,2025-07-25,2025-08-18,7700.0,6600.0,7700.0,565.55,48.37,-5.45,107.92,0,165.0,2024,"신한투자증권,NH투자증권",REAL
지투지바이오,A456160,KOSDAQ,2025-07-25,2025-07-26,2025-08-14,58000.0,48000.0,58000.0,810.6,15.64,-41.55,49.14,1,-833.0,2024,미래에셋증권,REAL
에스엔시스,A0008Z0,KOSDAQ,2025-07-28,2025-07-29,2025-08-19,30000.0,27000.0,30000.0,739.17,27.37,-24.0,70.0,0,227.0,2024,신한투자증권,REAL
한라캐스트,A125490,KOSDAQ,2025-07-30,2025-07-31,2025-08-20,5800.0,5100.0,5800.0,832.89,5.82,99.48,35.17,0,103.0,2024,대신증권,REAL
그래피,A318060,KOSDAQ,2025-07-31,2025-08-01,2025-08-25,15000.0,17000.0,20000.0,182.15,,3.4,-22.67,1,-327.0,2024,"KB증권,신한투자증권",REAL
제이피아이헬스케어,A0010V0,KOSDAQ,2025-08-01,2025-08-02,2025-08-21,20000.0,16500.0,20000.0,942.71,3.03,-56.5,40.0,0,56.0,2024,키움증권,REAL
에스투더블유,A488280,KOSDAQ,2025-09-02,2025-09-03,2025-09-19,13200.0,11400.0,13200.0,1145.4,22.86,17.42,96.97,1,-141.0,2024,대신증권,REAL
노타,A486990,KOSDAQ,2025-10-14,2025-10-15,2025-11-03,9100.0,7600.0,9100.0,1058.2,59.75,119.34,147.25,1,-249.0,2024,미래에셋증권,REAL
이노테크,A469610,KOSDAQ,2025-10-16,2025-10-17,2025-11-07,14700.0,12900.0,14700.0,1072.41,56.03,5.65,242.18,0,54.0,2024,KB증권,REAL
세나테크놀로지,A061090,KOSDAQ,2025-10-23,2025-10-24,2025-11-14,56800.0,47500.0,56800.0,976.92,17.04,-36.09,115.85,0,190.0,2024,"KB증권,신한투자증권",REAL
큐리오시스,A494120,KOSDAQ,2025-10-27,2025-10-28,2025-11-13,22000.0,18000.0,22000.0,1031.39,55.67,-59.55,300.0,1,-48.0,2024,키움증권,REAL
그린광학,A0015G0,KOSDAQ,2025-10-28,2025-10-29,2025-11-17,16000.0,14000.0,16000.0,962.34,65.43,-8.25,237.5,0,4.0,2024,신영증권,REAL
더핑크퐁컴퍼니,A403850,KOSDAQ,2025-10-28,2025-10-29,2025-11-18,38000.0,32000.0,38000.0,615.89,30.42,-66.92,52.63,0,50.0,2024,"미래에셋증권,삼성증권",REAL
씨엠티엑스,A388210,KOSDAQ,2025-10-29,2025-10-30,2025-11-20,60500.0,51000.0,60500.0,756.19,71.77,46.78,151.24,0,135.0,2024,미래에셋증권,REAL
비츠로넥스텍,A488900,KOSDAQ,2025-10-31,2025-11-01,2025-11-21,6900.0,5900.0,6900.0,1015.93,29.76,52.75,81.16,1,-154.0,2024,"NH투자증권,교보증권",REAL
아로마티카,A0015N0,KOSDAQ,2025-11-07,2025-11-08,2025-11-27,8000.0,6000.0,8000.0,1152.98,58.01,36.0,243.75,0,44.0,2024,신한투자증권,REAL
에임드바이오,A0009K0,KOSDAQ,2025-11-12,2025-11-13,2025-12-04,11000.0,9000.0,11000.0,671.98,74.22,95.45,300.0,1,-33.0,2024,미래에셋증권,REAL
테라뷰홀딩스,A950250,KOSDAQ,2025-11-13,2025-11-14,2025-12-09,8000.0,7000.0,8000.0,646.0,10.19,-45.56,50.0,1,-68.0,2025,삼성증권,REAL
페스카로,A0015S0,KOSDAQ,2025-11-20,2025-11-21,2025-12-10,15500.0,12500.0,15500.0,1173.21,10.43,-49.03,190.32,1,-79.0,2024,"NH투자증권,한화투자증권",REAL
이지스,A261520,KOSDAQ,2025-11-21,2025-11-22,2025-12-11,15000.0,13000.0,15000.0,1109.86,6.31,-62.33,113.33,0,31.0,2024,NH투자증권,REAL
쿼드메디슨,A464490,KOSDAQ,2025-11-24,2025-11-25,2025-12-12,15000.0,12000.0,15000.0,1139.61,17.82,-70.03,59.67,1,-50.0,2024,NH투자증권,REAL
아크릴,A0007C0,KOSDAQ,2025-11-25,2025-11-26,2025-12-16,19500.0,17500.0,19500.0,790.49,52.75,-5.74,135.38,1,-55.0,2024,신한투자증권,REAL
나라스페이스테크놀로지,A478340,KOSDAQ,2025-11-26,2025-11-27,2025-12-17,16500.0,13100.0,16500.0,879.08,5.53,-16.36,106.06,1,-107.0,2024,삼성증권,REAL
삼진식품,A0013V0,KOSDAQ,2025-12-03,2025-12-04,2025-12-22,7600.0,6700.0,7600.0,1303.87,41.05,-34.47,201.32,0,10.0,2024,대신증권,REAL
리브스메드,A491000,KOSDAQ,2025-12-04,2025-12-05,2025-12-24,55000.0,44000.0,55000.0,231.87,17.12,-44.91,20.0,1,-256.0,2024,"삼성증권,미래에셋증권",REAL
세미파이브,A490470,KOSDAQ,2025-12-10,2025-12-11,2025-12-29,24000.0,21000.0,24000.0,436.89,43.93,-21.5,96.54,1,-2909.0,2024,삼성증권,REAL
덕양에너젠,A0001A0,KOSDAQ,2026-01-12,2026-01-13,2026-01-30,10000.0,8500.0,10000.0,650.14,14.38,-18.0,110.5,0,45.0,2025,"NH투자증권,미래에셋증권",REAL
액스비스,A0011A0,KOSDAQ,2026-02-06,2026-02-07,2026-03-09,11500.0,10100.0,11500.0,1124.21,75.7,1.3,300.0,0,50.0,2025,미래에셋증권,REAL
에스팀,A458350,KOSDAQ,2026-02-09,2026-02-10,2026-03-06,8500.0,7000.0,8500.0,1334.91,42.45,-65.18,260.59,0,21.0,2025,한국투자증권,REAL
카나프테라퓨틱스,A0082N0,KOSDAQ,2026-02-23,2026-02-24,2026-03-16,20000.0,16000.0,20000.0,962.1,76.1,-38.55,240.5,1,-356.0,2025,한국투자증권,REAL
아이엠바이오로직스,A493280,KOSDAQ,2026-02-27,2026-02-28,2026-03-20,26000.0,19000.0,26000.0,839.23,76.01,-33.58,300.0,0,9.0,2025,"한국투자증권,신한투자증권",REAL
메쥬,A0088M0,KOSDAQ,2026-03-05,2026-03-06,2026-03-26,21600.0,16700.0,21600.0,1108.93,75.4,-37.36,205.56,0,28.0,2025,신한투자증권,REAL
한패스,A408470,KOSDAQ,2026-03-06,2026-03-07,2026-03-25,19000.0,17000.0,19000.0,1172.59,27.43,-75.53,95.26,0,66.0,2025,"한국투자증권,대신증권",REAL
리센스메디컬,A394420,KOSDAQ,2026-03-09,2026-03-10,2026-03-31,11000.0,9000.0,11000.0,1352.63,63.92,-13.27,241.82,1,-191.0,2025,"한국투자증권,KB증권",REAL
인벤테라,A0007J0,KOSDAQ,2026-03-11,2026-03-12,2026-04-02,16600.0,12100.0,16600.0,1328.82,43.06,-19.04,135.84,1,-80.0,2025,"NH투자증권,유진투자증권",REAL
채비,A0011T0,KOSDAQ,2026-04-10,2026-04-11,2026-04-29,12300.0,12300.0,15300.0,55.23,6.49,-56.67,23.98,1,-338.0,2025,"KB증권,삼성증권,대신증권,하나증권",REAL
코스모로보틱스,A439960,KOSDAQ,2026-04-16,2026-04-17,2026-05-11,6000.0,5300.0,6000.0,1140.11,73.03,79.0,291.67,1,-221.0,2025,"유진투자증권,NH투자증권,유안타증권",REAL
폴레드,A487580,KOSDAQ,2026-04-22,2026-04-23,2026-05-14,5000.0,4100.0,5000.0,1486.66,67.24,-41.6,300.0,0,84.0,2025,NH투자증권,REAL
마키나락스,A477850,KOSDAQ,2026-04-28,2026-04-29,2026-05-20,15000.0,12500.0,15000.0,1196.08,78.17,43.67,300.0,1,-138.0,2025,"미래에셋증권,현대차증권",REAL
피스피스스튜디오,A0117P0,KOSDAQ,2026-05-14,2026-05-15,2026-06-08,21500.0,19000.0,21500.0,847.76,5.68,-73.63,48.84,0,110.0,2025,"NH투자증권,미래에셋증권",REAL
져스텍,A153890,KOSDAQ,2026-06-08,2026-06-09,2026-06-29,12500.0,10500.0,12500.0,1294.99,47.2,-21.68,182.8,1,-15.0,2025,삼성증권,REAL
스트라드비젼,A475040,KOSDAQ,2026-06-09,2026-06-10,2026-06-30,12000.0,12000.0,14000.0,381.3,2.77,-74.96,-8.17,1,-622.0,2025,KB증권,REAL
매드업,A0039P0,KOSDAQ,2026-06-12,2026-06-13,2026-07-01,8000.0,7000.0,8000.0,1396.29,27.39,4.0,178.13,0,78.0,2025,미래에셋증권,REAL
레몬헬스케어,A365660,KOSDAQ,2026-06-15,2026-06-16,2026-07-06,10000.0,7500.0,10000.0,1238.0,6.92,-57.4,65.6,1,-21.0,2025,KB증권,REAL
레메디,A387690,KOSDAQ,2026-06-17,2026-06-18,2026-07-13,20700.0,17800.0,20700.0,1146.41,17.93,-3.72,48.55,0,51.0,2025,KB증권,REAL
인제니아테라퓨틱스,A950260,KOSDAQ,2026-07-20,2026-07-21,2026-08-18,12000.0,12000.0,14500.0,50.4,2.23,49.92,-8.67,1,-257.0,2025,삼성증권,REAL
딜리셔스,A483350,KOSDAQ,2026-07-23,2026-07-24,2026-08-12,7000.0,5000.0,7000.0,184.06,0.1,-58.07,-14.29,0,36.0,2025,한국투자증권,REAL
케이앤에스아이앤씨,A487400,KOSDAQ,2026-07-27,2026-07-28,2026-08-13,11000.0,9000.0,11000.0,938.24,0.78,-40.0,90.91,1,-22.0,2025,IBK투자증권,REAL
기도산업,A282620,KOSDAQ,2026-07-31,2026-08-01,2026-08-21,28400.0,24800.0,28400.0,213.31,,-56.87,-1.41,0,353.0,2025,"미래에셋증권,삼성증권",REAL
니어스랩,A417030,KOSDAQ,2026-08-03,2026-08-04,2026-08-24,41200.0,30000.0,41200.0,743.49,1.26,-22.94,-1.7,1,-75.0,2025,삼성증권,REAL
해치텍,A0155E0,KOSDAQ,2026-08-03,2026-08-04,2026-08-25,23000.0,23000.0,28000.0,101.91,15.08,-47.87,-10.87,1,-80.0,2025,DB증권,REAL
스카이랩스,A386380,KOSDAQ,2026-08-14,2026-08-15,2026-09-04,10000.0,13000.0,16000.0,63.41,0.17,77.0,-15.0,1,-630.0,2025,한국투자증권,REAL
네오사피엔스,A0161M0,KOSDAQ,2026-09-02,2026-09-03,2026-09-21,10000.0,13800.0,15800.0,219.56,8.98,68.7,152.5,1,-70.0,2025,대신증권,REAL
와이즈플래닛컴퍼니,A0010S0,KOSDAQ,2026-09-04,2026-09-05,2026-09-23,12000.0,10000.0,12000.0,1248.47,3.65,89.58,256.25,0,94.0,2025,대신증권,REAL
빅웨이브로보틱스,A0035S0,KOSDAQ,2026-09-07,2026-09-08,2026-09-29,18000.0,15000.0,18000.0,1109.37,18.14,66.11,211.11,0,8.0,2025,"유진투자증권,미래에셋증권",REAL
글로벌테크놀로지,A486510,KOSDAQ,2026-09-07,2026-09-08,2026-09-29,10000.0,13000.0,15000.0,123.19,0.27,82.2,111.5,1,-259.0,2025,한국투자증권,REAL
덕산넵코어스,A266690,KOSDAQ,2026-09-08,2026-09-09,2026-09-30,14600.0,12400.0,14600.0,868.64,4.05,,85.62,0,37.0,2025,대신증권,REAL
브릴스,,KOSDAQ?,2026-09-09,2026-09-10,2026-10-01,19500.0,16500.0,19500.0,1187.74,21.75,,,,,,IBK투자증권,REAL
멜콘,,KOSDAQ?,2026-09-16,2026-09-17,2026-10-15,12300.0,10700.0,12300.0,1136.84,36.07,,,,,,대신증권,REAL
진코스텍,,KOSDAQ?,2026-09-16,2026-09-17,2026-10-15,23500.0,19500.0,23500.0,1097.62,5.29,,,,,,하나증권,REAL
