date,kr_gdp_now,us_gdp_now,kr_cpi_fcst,kr_cpi_actual,taylor_rate,bok_actual,model_version,mae
2024-01-02,,,,,4.024584,3.5,valkyrie-macro-0.1 (taylor+ar1),
2024-01-03,,,,,4.024584,3.5,valkyrie-macro-0.1 (taylor+ar1),
2024-01-04,,,,,4.024584,3.5,valkyrie-macro-0.1 (taylor+ar1),
2024-01-05,,,,,4.024584,3.5,valkyrie-macro-0.1 (taylor+ar1),
2024-01-08,,,,,4.024584,3.5,valkyrie-macro-0.1 (taylor+ar1),
2024-01-09,,,,,4.024584,3.5,valkyrie-macro-0.1 (taylor+ar1),
2024-01-10,,,,,4.024584,3.5,valkyrie-macro-0.1 (taylor+ar1),
2024-01-11,,,,,4.024584,3.5,valkyrie-macro-0.1 (taylor+ar1),
2024-01-12,,,,,4.024584,3.5,valkyrie-macro-0.1 (taylor+ar1),
2024-01-15,,,,,4.024584,3.5,valkyrie-macro-0.1 (taylor+ar1),
2024-01-16,,,,,4.024584,3.5,valkyrie-macro-0.1 (taylor+ar1),
2024-01-17,,,,,4.024584,3.5,valkyrie-macro-0.1 (taylor+ar1),
2024-01-18,,,,,4.024584,3.5,valkyrie-macro-0.1 (taylor+ar1),
2024-01-19,,,,,4.024584,3.5,valkyrie-macro-0.1 (taylor+ar1),
2024-01-22,,,,,4.024584,3.5,valkyrie-macro-0.1 (taylor+ar1),
2024-01-23,,,,,4.024584,3.5,valkyrie-macro-0.1 (taylor+ar1),
2024-01-24,,,,,4.024584,3.5,valkyrie-macro-0.1 (taylor+ar1),
2024-01-25,,,,,4.024584,3.5,valkyrie-macro-0.1 (taylor+ar1),
2024-01-26,,,,,4.024584,3.5,valkyrie-macro-0.1 (taylor+ar1),
2024-01-29,2.6,,,,4.024584,3.5,valkyrie-macro-0.1 (taylor+ar1),
2024-01-30,2.6,,,,4.024584,3.5,valkyrie-macro-0.1 (taylor+ar1),
2024-01-31,2.6,,,,4.024584,3.5,valkyrie-macro-0.1 (taylor+ar1),
2024-02-01,2.6,,,,4.024584,3.5,valkyrie-macro-0.1 (taylor+ar1),
2024-02-02,2.6,,,,4.024584,3.5,valkyrie-macro-0.1 (taylor+ar1),
2024-02-05,2.6,,2.693931,2.81639,4.024584,3.5,valkyrie-macro-0.1 (taylor+ar1),
2024-02-06,2.6,,2.693931,2.81639,4.024584,3.5,valkyrie-macro-0.1 (taylor+ar1),
2024-02-07,2.6,,2.693931,2.81639,4.024584,3.5,valkyrie-macro-0.1 (taylor+ar1),
2024-02-08,2.6,,2.693931,2.81639,4.024584,3.5,valkyrie-macro-0.1 (taylor+ar1),
2024-02-13,2.6,,2.693931,2.81639,4.024584,3.5,valkyrie-macro-0.1 (taylor+ar1),
2024-02-14,2.6,,2.693931,2.81639,4.024584,3.5,valkyrie-macro-0.1 (taylor+ar1),
2024-02-15,2.6,,2.693931,2.81639,4.024584,3.5,valkyrie-macro-0.1 (taylor+ar1),
2024-02-16,2.6,,2.693931,2.81639,4.024584,3.5,valkyrie-macro-0.1 (taylor+ar1),
2024-02-19,2.6,,2.693931,2.81639,4.024584,3.5,valkyrie-macro-0.1 (taylor+ar1),
2024-02-20,2.6,,2.693931,2.81639,4.024584,3.5,valkyrie-macro-0.1 (taylor+ar1),
2024-02-21,2.6,,2.693931,2.81639,4.024584,3.5,valkyrie-macro-0.1 (taylor+ar1),
2024-02-22,2.6,,2.693931,2.81639,4.024584,3.5,valkyrie-macro-0.1 (taylor+ar1),
2024-02-23,2.6,,2.693931,2.81639,4.024584,3.5,valkyrie-macro-0.1 (taylor+ar1),
2024-02-26,2.6,,2.693931,2.81639,4.024584,3.5,valkyrie-macro-0.1 (taylor+ar1),
2024-02-27,2.6,,2.693931,2.81639,4.024584,3.5,valkyrie-macro-0.1 (taylor+ar1),
2024-02-28,2.6,,2.693931,2.81639,4.024584,3.5,valkyrie-macro-0.1 (taylor+ar1),
2024-02-29,2.6,,2.693931,2.81639,4.024584,3.5,valkyrie-macro-0.1 (taylor+ar1),
2024-03-04,2.6,,2.957935,3.126983,4.490474,3.5,valkyrie-macro-0.1 (taylor+ar1),0.433052
2024-03-05,2.6,,2.957935,3.126983,4.490474,3.5,valkyrie-macro-0.1 (taylor+ar1),0.433052
2024-03-06,2.6,,2.957935,3.126983,4.490474,3.5,valkyrie-macro-0.1 (taylor+ar1),0.433052
2024-03-07,2.6,,2.957935,3.126983,4.490474,3.5,valkyrie-macro-0.1 (taylor+ar1),0.433052
2024-03-08,2.6,,2.957935,3.126983,4.490474,3.5,valkyrie-macro-0.1 (taylor+ar1),0.433052
2024-03-11,2.6,,2.957935,3.126983,4.490474,3.5,valkyrie-macro-0.1 (taylor+ar1),0.433052
2024-03-12,2.6,,2.957935,3.126983,4.490474,3.5,valkyrie-macro-0.1 (taylor+ar1),0.433052
2024-03-13,2.6,,2.957935,3.126983,4.490474,3.5,valkyrie-macro-0.1 (taylor+ar1),0.433052
2024-03-14,2.6,,2.957935,3.126983,4.490474,3.5,valkyrie-macro-0.1 (taylor+ar1),0.433052
2024-03-15,2.6,,2.957935,3.126983,4.490474,3.5,valkyrie-macro-0.1 (taylor+ar1),0.433052
2024-03-18,2.6,,2.957935,3.126983,4.490474,3.5,valkyrie-macro-0.1 (taylor+ar1),0.433052
2024-03-19,2.6,,2.957935,3.126983,4.490474,3.5,valkyrie-macro-0.1 (taylor+ar1),0.433052
2024-03-20,2.6,,2.957935,3.126983,4.490474,3.5,valkyrie-macro-0.1 (taylor+ar1),0.433052
2024-03-21,2.6,,2.957935,3.126983,4.490474,3.5,valkyrie-macro-0.1 (taylor+ar1),0.433052
2024-03-22,2.6,,2.957935,3.126983,4.490474,3.5,valkyrie-macro-0.1 (taylor+ar1),0.433052
2024-03-25,2.6,,2.957935,3.126983,4.490474,3.5,valkyrie-macro-0.1 (taylor+ar1),0.433052
2024-03-26,2.6,,2.957935,3.126983,4.490474,3.5,valkyrie-macro-0.1 (taylor+ar1),0.433052
2024-03-27,2.6,,2.957935,3.126983,4.490474,3.5,valkyrie-macro-0.1 (taylor+ar1),0.433052
2024-03-28,2.6,,2.957935,3.126983,4.490474,3.5,valkyrie-macro-0.1 (taylor+ar1),0.433052
2024-03-29,2.6,,2.957935,3.126983,4.490474,3.5,valkyrie-macro-0.1 (taylor+ar1),0.433052
2024-04-01,2.6,,2.957935,3.126983,4.490474,3.5,valkyrie-macro-0.1 (taylor+ar1),0.433052
2024-04-02,2.6,,2.957935,3.126983,4.490474,3.5,valkyrie-macro-0.1 (taylor+ar1),0.433052
2024-04-03,2.6,,2.937984,3.103511,4.455266,3.5,valkyrie-macro-0.1 (taylor+ar1),0.289313
2024-04-04,2.6,,2.937984,3.103511,4.455266,3.5,valkyrie-macro-0.1 (taylor+ar1),0.289313
2024-04-05,2.6,,2.937984,3.103511,4.455266,3.5,valkyrie-macro-0.1 (taylor+ar1),0.289313
2024-04-08,2.6,,2.937984,3.103511,4.455266,3.5,valkyrie-macro-0.1 (taylor+ar1),0.289313
2024-04-09,2.6,,2.937984,3.103511,4.455266,3.5,valkyrie-macro-0.1 (taylor+ar1),0.289313
2024-04-11,2.6,,2.937984,3.103511,4.455266,3.5,valkyrie-macro-0.1 (taylor+ar1),0.289313
2024-04-12,2.6,,2.937984,3.103511,4.455266,3.5,valkyrie-macro-0.1 (taylor+ar1),0.289313
2024-04-15,2.6,,2.937984,3.103511,4.455266,3.5,valkyrie-macro-0.1 (taylor+ar1),0.289313
2024-04-16,2.6,,2.937984,3.103511,4.455266,3.5,valkyrie-macro-0.1 (taylor+ar1),0.289313
2024-04-17,2.6,,2.937984,3.103511,4.455266,3.5,valkyrie-macro-0.1 (taylor+ar1),0.289313
2024-04-18,2.6,,2.937984,3.103511,4.455266,3.5,valkyrie-macro-0.1 (taylor+ar1),0.289313
2024-04-19,2.6,,2.937984,3.103511,4.455266,3.5,valkyrie-macro-0.1 (taylor+ar1),0.289313
2024-04-22,2.6,,2.937984,3.103511,4.455266,3.5,valkyrie-macro-0.1 (taylor+ar1),0.289313
2024-04-23,2.6,,2.937984,3.103511,4.455266,3.5,valkyrie-macro-0.1 (taylor+ar1),0.289313
2024-04-24,2.6,,2.937984,3.103511,4.455266,3.5,valkyrie-macro-0.1 (taylor+ar1),0.289313
2024-04-25,2.6,,2.937984,3.103511,4.455266,3.5,valkyrie-macro-0.1 (taylor+ar1),0.289313
2024-04-26,2.6,,2.937984,3.103511,4.455266,3.5,valkyrie-macro-0.1 (taylor+ar1),0.289313
2024-04-29,3.4,,2.937984,3.103511,4.855266,3.5,valkyrie-macro-0.1 (taylor+ar1),0.289313
2024-04-30,3.4,,2.937984,3.103511,4.855266,3.5,valkyrie-macro-0.1 (taylor+ar1),0.289313
2024-05-02,3.4,,2.937984,3.103511,4.855266,3.5,valkyrie-macro-0.1 (taylor+ar1),0.289313
2024-05-03,3.4,,2.786233,2.92498,4.58747,3.5,valkyrie-macro-0.1 (taylor+ar1),0.19721
2024-05-07,3.4,,2.786233,2.92498,4.58747,3.5,valkyrie-macro-0.1 (taylor+ar1),0.19721
2024-05-08,3.4,,2.786233,2.92498,4.58747,3.5,valkyrie-macro-0.1 (taylor+ar1),0.19721
2024-05-09,3.4,,2.786233,2.92498,4.58747,3.5,valkyrie-macro-0.1 (taylor+ar1),0.19721
2024-05-10,3.4,,2.786233,2.92498,4.58747,3.5,valkyrie-macro-0.1 (taylor+ar1),0.19721
2024-05-13,3.4,,2.786233,2.92498,4.58747,3.5,valkyrie-macro-0.1 (taylor+ar1),0.19721
2024-05-14,3.4,,2.786233,2.92498,4.58747,3.5,valkyrie-macro-0.1 (taylor+ar1),0.19721
2024-05-16,3.4,,2.786233,2.92498,4.58747,3.5,valkyrie-macro-0.1 (taylor+ar1),0.19721
2024-05-17,3.4,,2.786233,2.92498,4.58747,3.5,valkyrie-macro-0.1 (taylor+ar1),0.19721
2024-05-20,3.4,,2.786233,2.92498,4.58747,3.5,valkyrie-macro-0.1 (taylor+ar1),0.19721
2024-05-21,3.4,,2.786233,2.92498,4.58747,3.5,valkyrie-macro-0.1 (taylor+ar1),0.19721
2024-05-22,3.4,,2.786233,2.92498,4.58747,3.5,valkyrie-macro-0.1 (taylor+ar1),0.19721
2024-05-23,3.4,,2.786233,2.92498,4.58747,3.5,valkyrie-macro-0.1 (taylor+ar1),0.19721
2024-05-24,3.4,,2.786233,2.92498,4.58747,3.5,valkyrie-macro-0.1 (taylor+ar1),0.19721
2024-05-27,3.4,,2.786233,2.92498,4.58747,3.5,valkyrie-macro-0.1 (taylor+ar1),0.19721
2024-05-28,3.4,,2.786233,2.92498,4.58747,3.5,valkyrie-macro-0.1 (taylor+ar1),0.19721
2024-05-29,3.4,,2.786233,2.92498,4.58747,3.5,valkyrie-macro-0.1 (taylor+ar1),0.19721
2024-05-30,3.4,,2.786233,2.92498,4.58747,3.5,valkyrie-macro-0.1 (taylor+ar1),0.19721
2024-05-31,3.4,,2.786233,2.92498,4.58747,3.5,valkyrie-macro-0.1 (taylor+ar1),0.19721
2024-06-03,3.4,,2.571664,2.672546,4.208819,3.5,valkyrie-macro-0.1 (taylor+ar1),0.17633
2024-06-04,3.4,,2.571664,2.672546,4.208819,3.5,valkyrie-macro-0.1 (taylor+ar1),0.17633
2024-06-05,3.4,,2.571664,2.672546,4.208819,3.5,valkyrie-macro-0.1 (taylor+ar1),0.17633
2024-06-07,3.4,,2.571664,2.672546,4.208819,3.5,valkyrie-macro-0.1 (taylor+ar1),0.17633
2024-06-10,3.4,,2.571664,2.672546,4.208819,3.5,valkyrie-macro-0.1 (taylor+ar1),0.17633
2024-06-11,3.4,,2.571664,2.672546,4.208819,3.5,valkyrie-macro-0.1 (taylor+ar1),0.17633
2024-06-12,3.4,,2.571664,2.672546,4.208819,3.5,valkyrie-macro-0.1 (taylor+ar1),0.17633
2024-06-13,3.4,,2.571664,2.672546,4.208819,3.5,valkyrie-macro-0.1 (taylor+ar1),0.17633
2024-06-14,3.4,,2.571664,2.672546,4.208819,3.5,valkyrie-macro-0.1 (taylor+ar1),0.17633
2024-06-17,3.4,,2.571664,2.672546,4.208819,3.5,valkyrie-macro-0.1 (taylor+ar1),0.17633
2024-06-18,3.4,,2.571664,2.672546,4.208819,3.5,valkyrie-macro-0.1 (taylor+ar1),0.17633
2024-06-19,3.4,,2.571664,2.672546,4.208819,3.5,valkyrie-macro-0.1 (taylor+ar1),0.17633
2024-06-20,3.4,,2.571664,2.672546,4.208819,3.5,valkyrie-macro-0.1 (taylor+ar1),0.17633
2024-06-21,3.4,,2.571664,2.672546,4.208819,3.5,valkyrie-macro-0.1 (taylor+ar1),0.17633
2024-06-24,3.4,,2.571664,2.672546,4.208819,3.5,valkyrie-macro-0.1 (taylor+ar1),0.17633
2024-06-25,3.4,,2.571664,2.672546,4.208819,3.5,valkyrie-macro-0.1 (taylor+ar1),0.17633
2024-06-26,3.4,,2.571664,2.672546,4.208819,3.5,valkyrie-macro-0.1 (taylor+ar1),0.17633
2024-06-27,3.4,,2.571664,2.672546,4.208819,3.5,valkyrie-macro-0.1 (taylor+ar1),0.17633
2024-06-28,3.4,,2.571664,2.672546,4.208819,3.5,valkyrie-macro-0.1 (taylor+ar1),0.17633
2024-07-01,3.4,,2.571664,2.672546,4.208819,3.5,valkyrie-macro-0.1 (taylor+ar1),0.17633
2024-07-02,3.4,,2.571664,2.672546,4.208819,3.5,valkyrie-macro-0.1 (taylor+ar1),0.17633
2024-07-03,3.4,,2.349298,2.410939,3.816409,3.5,valkyrie-macro-0.1 (taylor+ar1),0.173209
2024-07-04,3.4,,2.349298,2.410939,3.816409,3.5,valkyrie-macro-0.1 (taylor+ar1),0.173209
2024-07-05,3.4,,2.349298,2.410939,3.816409,3.5,valkyrie-macro-0.1 (taylor+ar1),0.173209
2024-07-08,3.4,,2.349298,2.410939,3.816409,3.5,valkyrie-macro-0.1 (taylor+ar1),0.173209
2024-07-09,3.4,,2.349298,2.410939,3.816409,3.5,valkyrie-macro-0.1 (taylor+ar1),0.173209
2024-07-10,3.4,,2.349298,2.410939,3.816409,3.5,valkyrie-macro-0.1 (taylor+ar1),0.173209
2024-07-11,3.4,,2.349298,2.410939,3.816409,3.5,valkyrie-macro-0.1 (taylor+ar1),0.173209
2024-07-12,3.4,,2.349298,2.410939,3.816409,3.5,valkyrie-macro-0.1 (taylor+ar1),0.173209
2024-07-15,3.4,,2.349298,2.410939,3.816409,3.5,valkyrie-macro-0.1 (taylor+ar1),0.173209
2024-07-16,3.4,,2.349298,2.410939,3.816409,3.5,valkyrie-macro-0.1 (taylor+ar1),0.173209
2024-07-17,3.4,,2.349298,2.410939,3.816409,3.5,valkyrie-macro-0.1 (taylor+ar1),0.173209
2024-07-18,3.4,,2.349298,2.410939,3.816409,3.5,valkyrie-macro-0.1 (taylor+ar1),0.173209
2024-07-19,3.4,,2.349298,2.410939,3.816409,3.5,valkyrie-macro-0.1 (taylor+ar1),0.173209
2024-07-22,3.4,,2.349298,2.410939,3.816409,3.5,valkyrie-macro-0.1 (taylor+ar1),0.173209
2024-07-23,3.4,,2.349298,2.410939,3.816409,3.5,valkyrie-macro-0.1 (taylor+ar1),0.173209
2024-07-24,3.4,,2.349298,2.410939,3.816409,3.5,valkyrie-macro-0.1 (taylor+ar1),0.173209
2024-07-25,3.4,,2.349298,2.410939,3.816409,3.5,valkyrie-macro-0.1 (taylor+ar1),0.173209
2024-07-26,3.4,,2.349298,2.410939,3.816409,3.5,valkyrie-macro-0.1 (taylor+ar1),0.173209
2024-07-29,2.5,,2.349298,2.410939,3.366409,3.5,valkyrie-macro-0.1 (taylor+ar1),0.173209
2024-07-30,2.5,,2.349298,2.410939,3.366409,3.5,valkyrie-macro-0.1 (taylor+ar1),0.173209
2024-07-31,2.5,,2.349298,2.410939,3.366409,3.5,valkyrie-macro-0.1 (taylor+ar1),0.173209
2024-08-01,2.5,,2.349298,2.410939,3.366409,3.5,valkyrie-macro-0.1 (taylor+ar1),0.173209
2024-08-02,2.5,,2.349298,2.410939,3.366409,3.5,valkyrie-macro-0.1 (taylor+ar1),0.173209
2024-08-05,2.5,,2.469108,2.551891,3.577837,3.5,valkyrie-macro-0.1 (taylor+ar1),0.178106
2024-08-06,2.5,,2.469108,2.551891,3.577837,3.5,valkyrie-macro-0.1 (taylor+ar1),0.178106
2024-08-07,2.5,,2.469108,2.551891,3.577837,3.5,valkyrie-macro-0.1 (taylor+ar1),0.178106
2024-08-08,2.5,,2.469108,2.551891,3.577837,3.5,valkyrie-macro-0.1 (taylor+ar1),0.178106
2024-08-09,2.5,,2.469108,2.551891,3.577837,3.5,valkyrie-macro-0.1 (taylor+ar1),0.178106
2024-08-12,2.5,,2.469108,2.551891,3.577837,3.5,valkyrie-macro-0.1 (taylor+ar1),0.178106
2024-08-13,2.5,,2.469108,2.551891,3.577837,3.5,valkyrie-macro-0.1 (taylor+ar1),0.178106
2024-08-14,2.5,,2.469108,2.551891,3.577837,3.5,valkyrie-macro-0.1 (taylor+ar1),0.178106
2024-08-16,2.5,,2.469108,2.551891,3.577837,3.5,valkyrie-macro-0.1 (taylor+ar1),0.178106
2024-08-19,2.5,,2.469108,2.551891,3.577837,3.5,valkyrie-macro-0.1 (taylor+ar1),0.178106
2024-08-20,2.5,,2.469108,2.551891,3.577837,3.5,valkyrie-macro-0.1 (taylor+ar1),0.178106
2024-08-21,2.5,,2.469108,2.551891,3.577837,3.5,valkyrie-macro-0.1 (taylor+ar1),0.178106
2024-08-22,2.5,,2.469108,2.551891,3.577837,3.5,valkyrie-macro-0.1 (taylor+ar1),0.178106
2024-08-23,2.5,,2.469108,2.551891,3.577837,3.5,valkyrie-macro-0.1 (taylor+ar1),0.178106
2024-08-26,2.5,,2.469108,2.551891,3.577837,3.5,valkyrie-macro-0.1 (taylor+ar1),0.178106
2024-08-27,2.5,,2.469108,2.551891,3.577837,3.5,valkyrie-macro-0.1 (taylor+ar1),0.178106
2024-08-28,2.5,,2.469108,2.551891,3.577837,3.5,valkyrie-macro-0.1 (taylor+ar1),0.178106
2024-08-29,2.5,,2.469108,2.551891,3.577837,3.5,valkyrie-macro-0.1 (taylor+ar1),0.178106
2024-08-30,2.5,,2.469108,2.551891,3.577837,3.5,valkyrie-macro-0.1 (taylor+ar1),0.178106
2024-09-02,2.5,,2.469108,2.551891,3.577837,3.5,valkyrie-macro-0.1 (taylor+ar1),0.178106
2024-09-03,2.5,,2.010901,2.012825,2.769238,3.5,valkyrie-macro-0.1 (taylor+ar1),0.217846
2024-09-04,2.5,,2.010901,2.012825,2.769238,3.5,valkyrie-macro-0.1 (taylor+ar1),0.217846
2024-09-05,2.5,,2.010901,2.012825,2.769238,3.5,valkyrie-macro-0.1 (taylor+ar1),0.217846
2024-09-06,2.5,,2.010901,2.012825,2.769238,3.5,valkyrie-macro-0.1 (taylor+ar1),0.217846
2024-09-09,2.5,,2.010901,2.012825,2.769238,3.5,valkyrie-macro-0.1 (taylor+ar1),0.217846
2024-09-10,2.5,,2.010901,2.012825,2.769238,3.5,valkyrie-macro-0.1 (taylor+ar1),0.217846
2024-09-11,2.5,,2.010901,2.012825,2.769238,3.5,valkyrie-macro-0.1 (taylor+ar1),0.217846
2024-09-12,2.5,,2.010901,2.012825,2.769238,3.5,valkyrie-macro-0.1 (taylor+ar1),0.217846
2024-09-13,2.5,,2.010901,2.012825,2.769238,3.5,valkyrie-macro-0.1 (taylor+ar1),0.217846
2024-09-19,2.5,,2.010901,2.012825,2.769238,3.5,valkyrie-macro-0.1 (taylor+ar1),0.217846
2024-09-20,2.5,,2.010901,2.012825,2.769238,3.5,valkyrie-macro-0.1 (taylor+ar1),0.217846
2024-09-23,2.5,,2.010901,2.012825,2.769238,3.5,valkyrie-macro-0.1 (taylor+ar1),0.217846
2024-09-24,2.5,,2.010901,2.012825,2.769238,3.5,valkyrie-macro-0.1 (taylor+ar1),0.217846
2024-09-25,2.5,,2.010901,2.012825,2.769238,3.5,valkyrie-macro-0.1 (taylor+ar1),0.217846
2024-09-26,2.5,,2.010901,2.012825,2.769238,3.5,valkyrie-macro-0.1 (taylor+ar1),0.217846
2024-09-27,2.5,,2.010901,2.012825,2.769238,3.5,valkyrie-macro-0.1 (taylor+ar1),0.217846
2024-09-30,2.5,,2.010901,2.012825,2.769238,3.5,valkyrie-macro-0.1 (taylor+ar1),0.217846
2024-10-02,2.5,,2.010901,2.012825,2.769238,3.5,valkyrie-macro-0.1 (taylor+ar1),0.217846
2024-10-04,2.5,,1.655782,1.595038,2.142556,3.5,valkyrie-macro-0.1 (taylor+ar1),0.242598
2024-10-07,2.5,,1.655782,1.595038,2.142556,3.5,valkyrie-macro-0.1 (taylor+ar1),0.242598
2024-10-08,2.5,,1.655782,1.595038,2.142556,3.5,valkyrie-macro-0.1 (taylor+ar1),0.242598
2024-10-10,2.5,,1.655782,1.595038,2.142556,3.5,valkyrie-macro-0.1 (taylor+ar1),0.242598
2024-10-11,2.5,,1.655782,1.595038,2.142556,3.25,valkyrie-macro-0.1 (taylor+ar1),0.242598
2024-10-14,2.5,,1.655782,1.595038,2.142556,3.25,valkyrie-macro-0.1 (taylor+ar1),0.242598
2024-10-15,2.5,,1.655782,1.595038,2.142556,3.25,valkyrie-macro-0.1 (taylor+ar1),0.242598
2024-10-16,2.5,,1.655782,1.595038,2.142556,3.25,valkyrie-macro-0.1 (taylor+ar1),0.242598
2024-10-17,2.5,,1.655782,1.595038,2.142556,3.25,valkyrie-macro-0.1 (taylor+ar1),0.242598
2024-10-18,2.5,,1.655782,1.595038,2.142556,3.25,valkyrie-macro-0.1 (taylor+ar1),0.242598
2024-10-21,2.5,,1.655782,1.595038,2.142556,3.25,valkyrie-macro-0.1 (taylor+ar1),0.242598
2024-10-22,2.5,,1.655782,1.595038,2.142556,3.25,valkyrie-macro-0.1 (taylor+ar1),0.242598
2024-10-23,2.5,,1.655782,1.595038,2.142556,3.25,valkyrie-macro-0.1 (taylor+ar1),0.242598
2024-10-24,2.5,,1.655782,1.595038,2.142556,3.25,valkyrie-macro-0.1 (taylor+ar1),0.242598
2024-10-25,2.5,,1.655782,1.595038,2.142556,3.25,valkyrie-macro-0.1 (taylor+ar1),0.242598
2024-10-28,1.6,,1.655782,1.595038,1.692556,3.25,valkyrie-macro-0.1 (taylor+ar1),0.242598
2024-10-29,1.6,,1.655782,1.595038,1.692556,3.25,valkyrie-macro-0.1 (taylor+ar1),0.242598
2024-10-30,1.6,,1.655782,1.595038,1.692556,3.25,valkyrie-macro-0.1 (taylor+ar1),0.242598
2024-10-31,1.6,,1.655782,1.595038,1.692556,3.25,valkyrie-macro-0.1 (taylor+ar1),0.242598
2024-11-01,1.6,,1.655782,1.595038,1.692556,3.25,valkyrie-macro-0.1 (taylor+ar1),0.242598
2024-11-04,1.6,,1.365595,1.253642,1.180463,3.25,valkyrie-macro-0.1 (taylor+ar1),0.260325
2024-11-05,1.6,,1.365595,1.253642,1.180463,3.25,valkyrie-macro-0.1 (taylor+ar1),0.260325
2024-11-06,1.6,,1.365595,1.253642,1.180463,3.25,valkyrie-macro-0.1 (taylor+ar1),0.260325
2024-11-07,1.6,,1.365595,1.253642,1.180463,3.25,valkyrie-macro-0.1 (taylor+ar1),0.260325
2024-11-08,1.6,,1.365595,1.253642,1.180463,3.25,valkyrie-macro-0.1 (taylor+ar1),0.260325
2024-11-11,1.6,,1.365595,1.253642,1.180463,3.25,valkyrie-macro-0.1 (taylor+ar1),0.260325
2024-11-12,1.6,,1.365595,1.253642,1.180463,3.25,valkyrie-macro-0.1 (taylor+ar1),0.260325
2024-11-13,1.6,,1.365595,1.253642,1.180463,3.25,valkyrie-macro-0.1 (taylor+ar1),0.260325
2024-11-14,1.6,,1.365595,1.253642,1.180463,3.25,valkyrie-macro-0.1 (taylor+ar1),0.260325
2024-11-15,1.6,,1.365595,1.253642,1.180463,3.25,valkyrie-macro-0.1 (taylor+ar1),0.260325
2024-11-18,1.6,,1.365595,1.253642,1.180463,3.25,valkyrie-macro-0.1 (taylor+ar1),0.260325
2024-11-19,1.6,,1.365595,1.253642,1.180463,3.25,valkyrie-macro-0.1 (taylor+ar1),0.260325
2024-11-20,1.6,,1.365595,1.253642,1.180463,3.25,valkyrie-macro-0.1 (taylor+ar1),0.260325
2024-11-21,1.6,,1.365595,1.253642,1.180463,3.25,valkyrie-macro-0.1 (taylor+ar1),0.260325
2024-11-22,1.6,,1.365595,1.253642,1.180463,3.25,valkyrie-macro-0.1 (taylor+ar1),0.260325
2024-11-25,1.6,,1.365595,1.253642,1.180463,3.25,valkyrie-macro-0.1 (taylor+ar1),0.260325
2024-11-26,1.6,,1.365595,1.253642,1.180463,3.25,valkyrie-macro-0.1 (taylor+ar1),0.260325
2024-11-27,1.6,,1.365595,1.253642,1.180463,3.25,valkyrie-macro-0.1 (taylor+ar1),0.260325
2024-11-28,1.6,,1.365595,1.253642,1.180463,3.0,valkyrie-macro-0.1 (taylor+ar1),0.260325
2024-11-29,1.6,,1.365595,1.253642,1.180463,3.0,valkyrie-macro-0.1 (taylor+ar1),0.260325
2024-12-02,1.6,,1.365595,1.253642,1.180463,3.0,valkyrie-macro-0.1 (taylor+ar1),0.260325
2024-12-03,1.6,,1.59748,1.526447,1.58967,3.0,valkyrie-macro-0.1 (taylor+ar1),0.250377
2024-12-04,1.6,,1.59748,1.526447,1.58967,3.0,valkyrie-macro-0.1 (taylor+ar1),0.250377
2024-12-05,1.6,,1.59748,1.526447,1.58967,3.0,valkyrie-macro-0.1 (taylor+ar1),0.250377
2024-12-06,1.6,,1.59748,1.526447,1.58967,3.0,valkyrie-macro-0.1 (taylor+ar1),0.250377
2024-12-09,1.6,,1.59748,1.526447,1.58967,3.0,valkyrie-macro-0.1 (taylor+ar1),0.250377
2024-12-10,1.6,,1.59748,1.526447,1.58967,3.0,valkyrie-macro-0.1 (taylor+ar1),0.250377
2024-12-11,1.6,,1.59748,1.526447,1.58967,3.0,valkyrie-macro-0.1 (taylor+ar1),0.250377
2024-12-12,1.6,,1.59748,1.526447,1.58967,3.0,valkyrie-macro-0.1 (taylor+ar1),0.250377
2024-12-13,1.6,,1.59748,1.526447,1.58967,3.0,valkyrie-macro-0.1 (taylor+ar1),0.250377
2024-12-16,1.6,,1.59748,1.526447,1.58967,3.0,valkyrie-macro-0.1 (taylor+ar1),0.250377
2024-12-17,1.6,,1.59748,1.526447,1.58967,3.0,valkyrie-macro-0.1 (taylor+ar1),0.250377
2024-12-18,1.6,,1.59748,1.526447,1.58967,3.0,valkyrie-macro-0.1 (taylor+ar1),0.250377
2024-12-19,1.6,,1.59748,1.526447,1.58967,3.0,valkyrie-macro-0.1 (taylor+ar1),0.250377
2024-12-20,1.6,,1.59748,1.526447,1.58967,3.0,valkyrie-macro-0.1 (taylor+ar1),0.250377
2024-12-23,1.6,,1.59748,1.526447,1.58967,3.0,valkyrie-macro-0.1 (taylor+ar1),0.250377
2024-12-24,1.6,,1.59748,1.526447,1.58967,3.0,valkyrie-macro-0.1 (taylor+ar1),0.250377
2024-12-26,1.6,,1.59748,1.526447,1.58967,3.0,valkyrie-macro-0.1 (taylor+ar1),0.250377
2024-12-27,1.6,,1.59748,1.526447,1.58967,3.0,valkyrie-macro-0.1 (taylor+ar1),0.250377
2024-12-30,1.6,,1.59748,1.526447,1.58967,3.0,valkyrie-macro-0.1 (taylor+ar1),0.250377
2024-12-31,1.6,,1.59748,1.526447,1.58967,3.0,valkyrie-macro-0.1 (taylor+ar1),0.250377
2025-01-02,1.6,,1.59748,1.526447,1.58967,3.0,valkyrie-macro-0.1 (taylor+ar1),0.250377
2025-01-03,1.6,,1.943751,1.933824,2.200736,3.0,valkyrie-macro-0.1 (taylor+ar1),0.258193
2025-01-06,1.6,,1.943751,1.933824,2.200736,3.0,valkyrie-macro-0.1 (taylor+ar1),0.258193
2025-01-07,1.6,,1.943751,1.933824,2.200736,3.0,valkyrie-macro-0.1 (taylor+ar1),0.258193
2025-01-08,1.6,,1.943751,1.933824,2.200736,3.0,valkyrie-macro-0.1 (taylor+ar1),0.258193
2025-01-09,1.6,,1.943751,1.933824,2.200736,3.0,valkyrie-macro-0.1 (taylor+ar1),0.258193
2025-01-10,1.6,,1.943751,1.933824,2.200736,3.0,valkyrie-macro-0.1 (taylor+ar1),0.258193
2025-01-13,1.6,,1.943751,1.933824,2.200736,3.0,valkyrie-macro-0.1 (taylor+ar1),0.258193
2025-01-14,1.6,,1.943751,1.933824,2.200736,3.0,valkyrie-macro-0.1 (taylor+ar1),0.258193
2025-01-15,1.6,,1.943751,1.933824,2.200736,3.0,valkyrie-macro-0.1 (taylor+ar1),0.258193
2025-01-16,1.6,,1.943751,1.933824,2.200736,3.0,valkyrie-macro-0.1 (taylor+ar1),0.258193
2025-01-17,1.6,,1.943751,1.933824,2.200736,3.0,valkyrie-macro-0.1 (taylor+ar1),0.258193
2025-01-20,1.6,,1.943751,1.933824,2.200736,3.0,valkyrie-macro-0.1 (taylor+ar1),0.258193
2025-01-21,1.6,,1.943751,1.933824,2.200736,3.0,valkyrie-macro-0.1 (taylor+ar1),0.258193
2025-01-22,1.6,,1.943751,1.933824,2.200736,3.0,valkyrie-macro-0.1 (taylor+ar1),0.258193
2025-01-23,1.6,,1.943751,1.933824,2.200736,3.0,valkyrie-macro-0.1 (taylor+ar1),0.258193
2025-01-24,1.6,,1.943751,1.933824,2.200736,3.0,valkyrie-macro-0.1 (taylor+ar1),0.258193
2025-01-31,1.1,,1.943751,1.933824,1.950736,3.0,valkyrie-macro-0.1 (taylor+ar1),0.258193
2025-02-03,1.1,,2.207749,2.244411,2.416617,3.0,valkyrie-macro-0.1 (taylor+ar1),0.261732
2025-02-04,1.1,,2.207749,2.244411,2.416617,3.0,valkyrie-macro-0.1 (taylor+ar1),0.261732
2025-02-05,1.1,,2.207749,2.244411,2.416617,3.0,valkyrie-macro-0.1 (taylor+ar1),0.261732
2025-02-06,1.1,,2.207749,2.244411,2.416617,3.0,valkyrie-macro-0.1 (taylor+ar1),0.261732
2025-02-07,1.1,,2.207749,2.244411,2.416617,3.0,valkyrie-macro-0.1 (taylor+ar1),0.261732
2025-02-10,1.1,,2.207749,2.244411,2.416617,3.0,valkyrie-macro-0.1 (taylor+ar1),0.261732
2025-02-11,1.1,,2.207749,2.244411,2.416617,3.0,valkyrie-macro-0.1 (taylor+ar1),0.261732
2025-02-12,1.1,,2.207749,2.244411,2.416617,3.0,valkyrie-macro-0.1 (taylor+ar1),0.261732
2025-02-13,1.1,,2.207749,2.244411,2.416617,3.0,valkyrie-macro-0.1 (taylor+ar1),0.261732
2025-02-14,1.1,,2.207749,2.244411,2.416617,3.0,valkyrie-macro-0.1 (taylor+ar1),0.261732
2025-02-17,1.1,,2.207749,2.244411,2.416617,3.0,valkyrie-macro-0.1 (taylor+ar1),0.261732
2025-02-18,1.1,,2.207749,2.244411,2.416617,3.0,valkyrie-macro-0.1 (taylor+ar1),0.261732
2025-02-19,1.1,,2.207749,2.244411,2.416617,3.0,valkyrie-macro-0.1 (taylor+ar1),0.261732
2025-02-20,1.1,,2.207749,2.244411,2.416617,3.0,valkyrie-macro-0.1 (taylor+ar1),0.261732
2025-02-21,1.1,,2.207749,2.244411,2.416617,3.0,valkyrie-macro-0.1 (taylor+ar1),0.261732
2025-02-24,1.1,,2.207749,2.244411,2.416617,3.0,valkyrie-macro-0.1 (taylor+ar1),0.261732
2025-02-25,1.1,,2.207749,2.244411,2.416617,2.75,valkyrie-macro-0.1 (taylor+ar1),0.261732
2025-02-26,1.1,,2.207749,2.244411,2.416617,2.75,valkyrie-macro-0.1 (taylor+ar1),0.261732
2025-02-27,1.1,,2.207749,2.244411,2.416617,2.75,valkyrie-macro-0.1 (taylor+ar1),0.261732
2025-02-28,1.1,,2.207749,2.244411,2.416617,2.75,valkyrie-macro-0.1 (taylor+ar1),0.261732
2025-03-04,1.1,,2.018228,2.021445,2.082167,2.75,valkyrie-macro-0.1 (taylor+ar1),0.255929
2025-03-05,1.1,,2.018228,2.021445,2.082167,2.75,valkyrie-macro-0.1 (taylor+ar1),0.255929
2025-03-06,1.1,,2.018228,2.021445,2.082167,2.75,valkyrie-macro-0.1 (taylor+ar1),0.255929
2025-03-07,1.1,,2.018228,2.021445,2.082167,2.75,valkyrie-macro-0.1 (taylor+ar1),0.255929
2025-03-10,1.1,,2.018228,2.021445,2.082167,2.75,valkyrie-macro-0.1 (taylor+ar1),0.255929
2025-03-11,1.1,,2.018228,2.021445,2.082167,2.75,valkyrie-macro-0.1 (taylor+ar1),0.255929
2025-03-12,1.1,,2.018228,2.021445,2.082167,2.75,valkyrie-macro-0.1 (taylor+ar1),0.255929
2025-03-13,1.1,,2.018228,2.021445,2.082167,2.75,valkyrie-macro-0.1 (taylor+ar1),0.255929
2025-03-14,1.1,,2.018228,2.021445,2.082167,2.75,valkyrie-macro-0.1 (taylor+ar1),0.255929
2025-03-17,1.1,,2.018228,2.021445,2.082167,2.75,valkyrie-macro-0.1 (taylor+ar1),0.255929
2025-03-18,1.1,,2.018228,2.021445,2.082167,2.75,valkyrie-macro-0.1 (taylor+ar1),0.255929
2025-03-19,1.1,,2.018228,2.021445,2.082167,2.75,valkyrie-macro-0.1 (taylor+ar1),0.255929
2025-03-20,1.1,,2.018228,2.021445,2.082167,2.75,valkyrie-macro-0.1 (taylor+ar1),0.255929
2025-03-21,1.1,,2.018228,2.021445,2.082167,2.75,valkyrie-macro-0.1 (taylor+ar1),0.255929
2025-03-24,1.1,,2.018228,2.021445,2.082167,2.75,valkyrie-macro-0.1 (taylor+ar1),0.255929
2025-03-25,1.1,,2.018228,2.021445,2.082167,2.75,valkyrie-macro-0.1 (taylor+ar1),0.255929
2025-03-26,1.1,,2.018228,2.021445,2.082167,2.75,valkyrie-macro-0.1 (taylor+ar1),0.255929
2025-03-27,1.1,,2.018228,2.021445,2.082167,2.75,valkyrie-macro-0.1 (taylor+ar1),0.255929
2025-03-28,1.1,,2.018228,2.021445,2.082167,2.75,valkyrie-macro-0.1 (taylor+ar1),0.255929
2025-03-31,1.1,,2.018228,2.021445,2.082167,2.75,valkyrie-macro-0.1 (taylor+ar1),0.255929
2025-04-01,1.1,,2.018228,2.021445,2.082167,2.75,valkyrie-macro-0.1 (taylor+ar1),0.255929
2025-04-02,1.1,,2.018228,2.021445,2.082167,2.75,valkyrie-macro-0.1 (taylor+ar1),0.255929
2025-04-03,1.1,,2.045502,2.053532,2.130298,2.75,valkyrie-macro-0.1 (taylor+ar1),0.240171
2025-04-04,1.1,,2.045502,2.053532,2.130298,2.75,valkyrie-macro-0.1 (taylor+ar1),0.240171
2025-04-07,1.1,,2.045502,2.053532,2.130298,2.75,valkyrie-macro-0.1 (taylor+ar1),0.240171
2025-04-08,1.1,,2.045502,2.053532,2.130298,2.75,valkyrie-macro-0.1 (taylor+ar1),0.240171
2025-04-09,1.1,,2.045502,2.053532,2.130298,2.75,valkyrie-macro-0.1 (taylor+ar1),0.240171
2025-04-10,1.1,,2.045502,2.053532,2.130298,2.75,valkyrie-macro-0.1 (taylor+ar1),0.240171
2025-04-11,1.1,,2.045502,2.053532,2.130298,2.75,valkyrie-macro-0.1 (taylor+ar1),0.240171
2025-04-14,1.1,,2.045502,2.053532,2.130298,2.75,valkyrie-macro-0.1 (taylor+ar1),0.240171
2025-04-15,1.1,,2.045502,2.053532,2.130298,2.75,valkyrie-macro-0.1 (taylor+ar1),0.240171
2025-04-16,1.1,,2.045502,2.053532,2.130298,2.75,valkyrie-macro-0.1 (taylor+ar1),0.240171
2025-04-17,1.1,,2.045502,2.053532,2.130298,2.75,valkyrie-macro-0.1 (taylor+ar1),0.240171
2025-04-18,1.1,,2.045502,2.053532,2.130298,2.75,valkyrie-macro-0.1 (taylor+ar1),0.240171
2025-04-21,1.1,,2.045502,2.053532,2.130298,2.75,valkyrie-macro-0.1 (taylor+ar1),0.240171
2025-04-22,1.1,,2.045502,2.053532,2.130298,2.75,valkyrie-macro-0.1 (taylor+ar1),0.240171
2025-04-23,1.1,,2.045502,2.053532,2.130298,2.75,valkyrie-macro-0.1 (taylor+ar1),0.240171
2025-04-24,1.1,,2.045502,2.053532,2.130298,2.75,valkyrie-macro-0.1 (taylor+ar1),0.240171
2025-04-25,1.1,,2.045502,2.053532,2.130298,2.75,valkyrie-macro-0.1 (taylor+ar1),0.240171
2025-04-28,-0.1,,2.045502,2.053532,1.530298,2.75,valkyrie-macro-0.1 (taylor+ar1),0.240171
2025-04-29,-0.1,,2.045502,2.053532,1.530298,2.75,valkyrie-macro-0.1 (taylor+ar1),0.240171
2025-04-30,-0.1,,2.045502,2.053532,1.530298,2.75,valkyrie-macro-0.1 (taylor+ar1),0.240171
2025-05-02,-0.1,,2.045502,2.053532,1.530298,2.75,valkyrie-macro-0.1 (taylor+ar1),0.240171
2025-05-07,-0.1,,2.06695,2.078765,1.568148,2.75,valkyrie-macro-0.1 (taylor+ar1),0.226377
2025-05-08,-0.1,,2.06695,2.078765,1.568148,2.75,valkyrie-macro-0.1 (taylor+ar1),0.226377
2025-05-09,-0.1,,2.06695,2.078765,1.568148,2.75,valkyrie-macro-0.1 (taylor+ar1),0.226377
2025-05-12,-0.1,,2.06695,2.078765,1.568148,2.75,valkyrie-macro-0.1 (taylor+ar1),0.226377
2025-05-13,-0.1,,2.06695,2.078765,1.568148,2.75,valkyrie-macro-0.1 (taylor+ar1),0.226377
2025-05-14,-0.1,,2.06695,2.078765,1.568148,2.75,valkyrie-macro-0.1 (taylor+ar1),0.226377
2025-05-15,-0.1,,2.06695,2.078765,1.568148,2.75,valkyrie-macro-0.1 (taylor+ar1),0.226377
2025-05-16,-0.1,,2.06695,2.078765,1.568148,2.75,valkyrie-macro-0.1 (taylor+ar1),0.226377
2025-05-19,-0.1,,2.06695,2.078765,1.568148,2.75,valkyrie-macro-0.1 (taylor+ar1),0.226377
2025-05-20,-0.1,,2.06695,2.078765,1.568148,2.75,valkyrie-macro-0.1 (taylor+ar1),0.226377
2025-05-21,-0.1,,2.06695,2.078765,1.568148,2.75,valkyrie-macro-0.1 (taylor+ar1),0.226377
2025-05-22,-0.1,,2.06695,2.078765,1.568148,2.75,valkyrie-macro-0.1 (taylor+ar1),0.226377
2025-05-23,-0.1,,2.06695,2.078765,1.568148,2.75,valkyrie-macro-0.1 (taylor+ar1),0.226377
2025-05-26,-0.1,,2.06695,2.078765,1.568148,2.75,valkyrie-macro-0.1 (taylor+ar1),0.226377
2025-05-27,-0.1,,2.06695,2.078765,1.568148,2.75,valkyrie-macro-0.1 (taylor+ar1),0.226377
2025-05-28,-0.1,,2.06695,2.078765,1.568148,2.75,valkyrie-macro-0.1 (taylor+ar1),0.226377
2025-05-29,-0.1,,2.06695,2.078765,1.568148,2.5,valkyrie-macro-0.1 (taylor+ar1),0.226377
2025-05-30,-0.1,,2.06695,2.078765,1.568148,2.5,valkyrie-macro-0.1 (taylor+ar1),0.226377
2025-06-02,-0.1,,2.06695,2.078765,1.568148,2.5,valkyrie-macro-0.1 (taylor+ar1),0.226377
2025-06-04,-0.1,,1.916564,1.90184,1.302761,2.5,valkyrie-macro-0.1 (taylor+ar1),0.222547
2025-06-05,-0.1,,1.916564,1.90184,1.302761,2.5,valkyrie-macro-0.1 (taylor+ar1),0.222547
2025-06-09,-0.1,,1.916564,1.90184,1.302761,2.5,valkyrie-macro-0.1 (taylor+ar1),0.222547
2025-06-10,-0.1,,1.916564,1.90184,1.302761,2.5,valkyrie-macro-0.1 (taylor+ar1),0.222547
2025-06-11,-0.1,,1.916564,1.90184,1.302761,2.5,valkyrie-macro-0.1 (taylor+ar1),0.222547
2025-06-12,-0.1,,1.916564,1.90184,1.302761,2.5,valkyrie-macro-0.1 (taylor+ar1),0.222547
2025-06-13,-0.1,,1.916564,1.90184,1.302761,2.5,valkyrie-macro-0.1 (taylor+ar1),0.222547
2025-06-16,-0.1,,1.916564,1.90184,1.302761,2.5,valkyrie-macro-0.1 (taylor+ar1),0.222547
2025-06-17,-0.1,,1.916564,1.90184,1.302761,2.5,valkyrie-macro-0.1 (taylor+ar1),0.222547
2025-06-18,-0.1,,1.916564,1.90184,1.302761,2.5,valkyrie-macro-0.1 (taylor+ar1),0.222547
2025-06-19,-0.1,,1.916564,1.90184,1.302761,2.5,valkyrie-macro-0.1 (taylor+ar1),0.222547
2025-06-20,-0.1,,1.916564,1.90184,1.302761,2.5,valkyrie-macro-0.1 (taylor+ar1),0.222547
2025-06-23,-0.1,,1.916564,1.90184,1.302761,2.5,valkyrie-macro-0.1 (taylor+ar1),0.222547
2025-06-24,-0.1,,1.916564,1.90184,1.302761,2.5,valkyrie-macro-0.1 (taylor+ar1),0.222547
2025-06-25,-0.1,,1.916564,1.90184,1.302761,2.5,valkyrie-macro-0.1 (taylor+ar1),0.222547
2025-06-26,-0.1,,1.916564,1.90184,1.302761,2.5,valkyrie-macro-0.1 (taylor+ar1),0.222547
2025-06-27,-0.1,,1.916564,1.90184,1.302761,2.5,valkyrie-macro-0.1 (taylor+ar1),0.222547
2025-06-30,-0.1,,1.916564,1.90184,1.302761,2.5,valkyrie-macro-0.1 (taylor+ar1),0.222547
2025-07-01,-0.1,,1.916564,1.90184,1.302761,2.5,valkyrie-macro-0.1 (taylor+ar1),0.222547
2025-07-02,-0.1,,1.916564,1.90184,1.302761,2.5,valkyrie-macro-0.1 (taylor+ar1),0.222547
2025-07-03,-0.1,,2.144255,2.169712,1.704568,2.5,valkyrie-macro-0.1 (taylor+ar1),0.224347
2025-07-04,-0.1,,2.144255,2.169712,1.704568,2.5,valkyrie-macro-0.1 (taylor+ar1),0.224347
2025-07-07,-0.1,,2.144255,2.169712,1.704568,2.5,valkyrie-macro-0.1 (taylor+ar1),0.224347
2025-07-08,-0.1,,2.144255,2.169712,1.704568,2.5,valkyrie-macro-0.1 (taylor+ar1),0.224347
2025-07-09,-0.1,,2.144255,2.169712,1.704568,2.5,valkyrie-macro-0.1 (taylor+ar1),0.224347
2025-07-10,-0.1,,2.144255,2.169712,1.704568,2.5,valkyrie-macro-0.1 (taylor+ar1),0.224347
2025-07-11,-0.1,,2.144255,2.169712,1.704568,2.5,valkyrie-macro-0.1 (taylor+ar1),0.224347
2025-07-14,-0.1,,2.144255,2.169712,1.704568,2.5,valkyrie-macro-0.1 (taylor+ar1),0.224347
2025-07-15,-0.1,,2.144255,2.169712,1.704568,2.5,valkyrie-macro-0.1 (taylor+ar1),0.224347
2025-07-16,-0.1,,2.144255,2.169712,1.704568,2.5,valkyrie-macro-0.1 (taylor+ar1),0.224347
2025-07-17,-0.1,,2.144255,2.169712,1.704568,2.5,valkyrie-macro-0.1 (taylor+ar1),0.224347
2025-07-18,-0.1,,2.144255,2.169712,1.704568,2.5,valkyrie-macro-0.1 (taylor+ar1),0.224347
2025-07-21,-0.1,,2.144255,2.169712,1.704568,2.5,valkyrie-macro-0.1 (taylor+ar1),0.224347
2025-07-22,-0.1,,2.144255,2.169712,1.704568,2.5,valkyrie-macro-0.1 (taylor+ar1),0.224347
2025-07-23,-0.1,,2.144255,2.169712,1.704568,2.5,valkyrie-macro-0.1 (taylor+ar1),0.224347
2025-07-24,-0.1,,2.144255,2.169712,1.704568,2.5,valkyrie-macro-0.1 (taylor+ar1),0.224347
2025-07-25,-0.1,,2.144255,2.169712,1.704568,2.5,valkyrie-macro-0.1 (taylor+ar1),0.224347
2025-07-28,0.7,,2.144255,2.169712,2.104568,2.5,valkyrie-macro-0.1 (taylor+ar1),0.224347
2025-07-29,0.7,,2.144255,2.169712,2.104568,2.5,valkyrie-macro-0.1 (taylor+ar1),0.224347
2025-07-30,0.7,,2.144255,2.169712,2.104568,2.5,valkyrie-macro-0.1 (taylor+ar1),0.224347
2025-07-31,0.7,,2.144255,2.169712,2.104568,2.5,valkyrie-macro-0.1 (taylor+ar1),0.224347
2025-08-01,0.7,,2.144255,2.169712,2.104568,2.5,valkyrie-macro-0.1 (taylor+ar1),0.224347
2025-08-04,0.7,,2.079988,2.094103,1.991155,2.5,valkyrie-macro-0.1 (taylor+ar1),0.21467
2025-08-05,0.7,,2.079988,2.094103,1.991155,2.5,valkyrie-macro-0.1 (taylor+ar1),0.21467
2025-08-06,0.7,,2.079988,2.094103,1.991155,2.5,valkyrie-macro-0.1 (taylor+ar1),0.21467
2025-08-07,0.7,,2.079988,2.094103,1.991155,2.5,valkyrie-macro-0.1 (taylor+ar1),0.21467
2025-08-08,0.7,,2.079988,2.094103,1.991155,2.5,valkyrie-macro-0.1 (taylor+ar1),0.21467
2025-08-11,0.7,,2.079988,2.094103,1.991155,2.5,valkyrie-macro-0.1 (taylor+ar1),0.21467
2025-08-12,0.7,,2.079988,2.094103,1.991155,2.5,valkyrie-macro-0.1 (taylor+ar1),0.21467
2025-08-13,0.7,,2.079988,2.094103,1.991155,2.5,valkyrie-macro-0.1 (taylor+ar1),0.21467
2025-08-14,0.7,,2.079988,2.094103,1.991155,2.5,valkyrie-macro-0.1 (taylor+ar1),0.21467
2025-08-18,0.7,,2.079988,2.094103,1.991155,2.5,valkyrie-macro-0.1 (taylor+ar1),0.21467
2025-08-19,0.7,,2.079988,2.094103,1.991155,2.5,valkyrie-macro-0.1 (taylor+ar1),0.21467
2025-08-20,0.7,,2.079988,2.094103,1.991155,2.5,valkyrie-macro-0.1 (taylor+ar1),0.21467
2025-08-21,0.7,,2.079988,2.094103,1.991155,2.5,valkyrie-macro-0.1 (taylor+ar1),0.21467
2025-08-22,0.7,,2.079988,2.094103,1.991155,2.5,valkyrie-macro-0.1 (taylor+ar1),0.21467
2025-08-25,0.7,,2.079988,2.094103,1.991155,2.5,valkyrie-macro-0.1 (taylor+ar1),0.21467
2025-08-26,0.7,,2.079988,2.094103,1.991155,2.5,valkyrie-macro-0.1 (taylor+ar1),0.21467
2025-08-27,0.7,,2.079988,2.094103,1.991155,2.5,valkyrie-macro-0.1 (taylor+ar1),0.21467
2025-08-28,0.7,,2.079988,2.094103,1.991155,2.5,valkyrie-macro-0.1 (taylor+ar1),0.21467
2025-08-29,0.7,,2.079988,2.094103,1.991155,2.5,valkyrie-macro-0.1 (taylor+ar1),0.21467
2025-09-01,0.7,,2.079988,2.094103,1.991155,2.5,valkyrie-macro-0.1 (taylor+ar1),0.21467
2025-09-02,0.7,,2.079988,2.094103,1.991155,2.5,valkyrie-macro-0.1 (taylor+ar1),0.21467
2025-09-03,0.7,,1.717409,1.66754,1.35131,2.5,valkyrie-macro-0.1 (taylor+ar1),0.225079
2025-09-04,0.7,,1.717409,1.66754,1.35131,2.5,valkyrie-macro-0.1 (taylor+ar1),0.225079
2025-09-05,0.7,,1.717409,1.66754,1.35131,2.5,valkyrie-macro-0.1 (taylor+ar1),0.225079
2025-09-08,0.7,,1.717409,1.66754,1.35131,2.5,valkyrie-macro-0.1 (taylor+ar1),0.225079
2025-09-09,0.7,,1.717409,1.66754,1.35131,2.5,valkyrie-macro-0.1 (taylor+ar1),0.225079
2025-09-10,0.7,,1.717409,1.66754,1.35131,2.5,valkyrie-macro-0.1 (taylor+ar1),0.225079
2025-09-11,0.7,,1.717409,1.66754,1.35131,2.5,valkyrie-macro-0.1 (taylor+ar1),0.225079
2025-09-12,0.7,,1.717409,1.66754,1.35131,2.5,valkyrie-macro-0.1 (taylor+ar1),0.225079
2025-09-15,0.7,,1.717409,1.66754,1.35131,2.5,valkyrie-macro-0.1 (taylor+ar1),0.225079
2025-09-16,0.7,,1.717409,1.66754,1.35131,2.5,valkyrie-macro-0.1 (taylor+ar1),0.225079
2025-09-17,0.7,,1.717409,1.66754,1.35131,2.5,valkyrie-macro-0.1 (taylor+ar1),0.225079
2025-09-18,0.7,,1.717409,1.66754,1.35131,2.5,valkyrie-macro-0.1 (taylor+ar1),0.225079
2025-09-19,0.7,,1.717409,1.66754,1.35131,2.5,valkyrie-macro-0.1 (taylor+ar1),0.225079
2025-09-22,0.7,,1.717409,1.66754,1.35131,2.5,valkyrie-macro-0.1 (taylor+ar1),0.225079
2025-09-23,0.7,,1.717409,1.66754,1.35131,2.5,valkyrie-macro-0.1 (taylor+ar1),0.225079
2025-09-24,0.7,,1.717409,1.66754,1.35131,2.5,valkyrie-macro-0.1 (taylor+ar1),0.225079
2025-09-25,0.7,,1.717409,1.66754,1.35131,2.5,valkyrie-macro-0.1 (taylor+ar1),0.225079
2025-09-26,0.7,,1.717409,1.66754,1.35131,2.5,valkyrie-macro-0.1 (taylor+ar1),0.225079
2025-09-29,0.7,,1.717409,1.66754,1.35131,2.5,valkyrie-macro-0.1 (taylor+ar1),0.225079
2025-09-30,0.7,,1.717409,1.66754,1.35131,2.5,valkyrie-macro-0.1 (taylor+ar1),0.225079
2025-10-01,0.7,,1.717409,1.66754,1.35131,2.5,valkyrie-macro-0.1 (taylor+ar1),0.225079
2025-10-02,0.7,,1.717409,1.66754,1.35131,2.5,valkyrie-macro-0.1 (taylor+ar1),0.225079
2025-10-10,0.7,,2.086742,2.10205,2.003075,2.5,valkyrie-macro-0.1 (taylor+ar1),0.233057
2025-10-13,0.7,,2.086742,2.10205,2.003075,2.5,valkyrie-macro-0.1 (taylor+ar1),0.233057
2025-10-14,0.7,,2.086742,2.10205,2.003075,2.5,valkyrie-macro-0.1 (taylor+ar1),0.233057
2025-10-15,0.7,,2.086742,2.10205,2.003075,2.5,valkyrie-macro-0.1 (taylor+ar1),0.233057
2025-10-16,0.7,,2.086742,2.10205,2.003075,2.5,valkyrie-macro-0.1 (taylor+ar1),0.233057
2025-10-17,0.7,,2.086742,2.10205,2.003075,2.5,valkyrie-macro-0.1 (taylor+ar1),0.233057
2025-10-20,0.7,,2.086742,2.10205,2.003075,2.5,valkyrie-macro-0.1 (taylor+ar1),0.233057
2025-10-21,0.7,,2.086742,2.10205,2.003075,2.5,valkyrie-macro-0.1 (taylor+ar1),0.233057
2025-10-22,0.7,,2.086742,2.10205,2.003075,2.5,valkyrie-macro-0.1 (taylor+ar1),0.233057
2025-10-23,0.7,,2.086742,2.10205,2.003075,2.5,valkyrie-macro-0.1 (taylor+ar1),0.233057
2025-10-24,0.7,,2.086742,2.10205,2.003075,2.5,valkyrie-macro-0.1 (taylor+ar1),0.233057
2025-10-27,0.7,,2.086742,2.10205,2.003075,2.5,valkyrie-macro-0.1 (taylor+ar1),0.233057
2025-10-28,2.0,,2.086742,2.10205,2.653075,2.5,valkyrie-macro-0.1 (taylor+ar1),0.233057
2025-10-29,2.0,,2.086742,2.10205,2.653075,2.5,valkyrie-macro-0.1 (taylor+ar1),0.233057
2025-10-30,2.0,,2.086742,2.10205,2.653075,2.5,valkyrie-macro-0.1 (taylor+ar1),0.233057
2025-10-31,2.0,,2.086742,2.10205,2.653075,2.5,valkyrie-macro-0.1 (taylor+ar1),0.233057
2025-11-03,2.0,,2.32328,2.38033,3.070494,2.5,valkyrie-macro-0.1 (taylor+ar1),0.23594
2025-11-04,2.0,,2.32328,2.38033,3.070494,2.5,valkyrie-macro-0.1 (taylor+ar1),0.23594
2025-11-05,2.0,,2.32328,2.38033,3.070494,2.5,valkyrie-macro-0.1 (taylor+ar1),0.23594
2025-11-06,2.0,,2.32328,2.38033,3.070494,2.5,valkyrie-macro-0.1 (taylor+ar1),0.23594
2025-11-07,2.0,,2.32328,2.38033,3.070494,2.5,valkyrie-macro-0.1 (taylor+ar1),0.23594
2025-11-10,2.0,,2.32328,2.38033,3.070494,2.5,valkyrie-macro-0.1 (taylor+ar1),0.23594
2025-11-11,2.0,,2.32328,2.38033,3.070494,2.5,valkyrie-macro-0.1 (taylor+ar1),0.23594
2025-11-12,2.0,,2.32328,2.38033,3.070494,2.5,valkyrie-macro-0.1 (taylor+ar1),0.23594
2025-11-13,2.0,,2.32328,2.38033,3.070494,2.5,valkyrie-macro-0.1 (taylor+ar1),0.23594
2025-11-14,2.0,,2.32328,2.38033,3.070494,2.5,valkyrie-macro-0.1 (taylor+ar1),0.23594
2025-11-17,2.0,,2.32328,2.38033,3.070494,2.5,valkyrie-macro-0.1 (taylor+ar1),0.23594
2025-11-18,2.0,,2.32328,2.38033,3.070494,2.5,valkyrie-macro-0.1 (taylor+ar1),0.23594
2025-11-19,2.0,,2.32328,2.38033,3.070494,2.5,valkyrie-macro-0.1 (taylor+ar1),0.23594
2025-11-20,2.0,,2.32328,2.38033,3.070494,2.5,valkyrie-macro-0.1 (taylor+ar1),0.23594
2025-11-21,2.0,,2.32328,2.38033,3.070494,2.5,valkyrie-macro-0.1 (taylor+ar1),0.23594
2025-11-24,2.0,,2.32328,2.38033,3.070494,2.5,valkyrie-macro-0.1 (taylor+ar1),0.23594
2025-11-25,2.0,,2.32328,2.38033,3.070494,2.5,valkyrie-macro-0.1 (taylor+ar1),0.23594
2025-11-26,2.0,,2.32328,2.38033,3.070494,2.5,valkyrie-macro-0.1 (taylor+ar1),0.23594
2025-11-27,2.0,,2.32328,2.38033,3.070494,2.5,valkyrie-macro-0.1 (taylor+ar1),0.23594
2025-11-28,2.0,,2.32328,2.38033,3.070494,2.5,valkyrie-macro-0.1 (taylor+ar1),0.23594
2025-12-01,2.0,,2.32328,2.38033,3.070494,2.5,valkyrie-macro-0.1 (taylor+ar1),0.23594
2025-12-02,2.0,,2.32328,2.38033,3.070494,2.5,valkyrie-macro-0.1 (taylor+ar1),0.23594
2025-12-03,2.0,,2.38042,2.447552,3.171329,2.5,valkyrie-macro-0.1 (taylor+ar1),0.230864
2025-12-04,2.0,,2.38042,2.447552,3.171329,2.5,valkyrie-macro-0.1 (taylor+ar1),0.230864
2025-12-05,2.0,,2.38042,2.447552,3.171329,2.5,valkyrie-macro-0.1 (taylor+ar1),0.230864
2025-12-08,2.0,,2.38042,2.447552,3.171329,2.5,valkyrie-macro-0.1 (taylor+ar1),0.230864
2025-12-09,2.0,,2.38042,2.447552,3.171329,2.5,valkyrie-macro-0.1 (taylor+ar1),0.230864
2025-12-10,2.0,,2.38042,2.447552,3.171329,2.5,valkyrie-macro-0.1 (taylor+ar1),0.230864
2025-12-11,2.0,,2.38042,2.447552,3.171329,2.5,valkyrie-macro-0.1 (taylor+ar1),0.230864
2025-12-12,2.0,,2.38042,2.447552,3.171329,2.5,valkyrie-macro-0.1 (taylor+ar1),0.230864
2025-12-15,2.0,,2.38042,2.447552,3.171329,2.5,valkyrie-macro-0.1 (taylor+ar1),0.230864
2025-12-16,2.0,,2.38042,2.447552,3.171329,2.5,valkyrie-macro-0.1 (taylor+ar1),0.230864
2025-12-17,2.0,,2.38042,2.447552,3.171329,2.5,valkyrie-macro-0.1 (taylor+ar1),0.230864
2025-12-18,2.0,,2.38042,2.447552,3.171329,2.5,valkyrie-macro-0.1 (taylor+ar1),0.230864
2025-12-19,2.0,,2.38042,2.447552,3.171329,2.5,valkyrie-macro-0.1 (taylor+ar1),0.230864
2025-12-22,2.0,,2.38042,2.447552,3.171329,2.5,valkyrie-macro-0.1 (taylor+ar1),0.230864
2025-12-23,2.0,,2.38042,2.447552,3.171329,2.5,valkyrie-macro-0.1 (taylor+ar1),0.230864
2025-12-24,2.0,,2.38042,2.447552,3.171329,2.5,valkyrie-macro-0.1 (taylor+ar1),0.230864
2025-12-26,2.0,,2.38042,2.447552,3.171329,2.5,valkyrie-macro-0.1 (taylor+ar1),0.230864
2025-12-29,2.0,,2.38042,2.447552,3.171329,2.5,valkyrie-macro-0.1 (taylor+ar1),0.230864
2025-12-30,2.0,,2.38042,2.447552,3.171329,2.5,valkyrie-macro-0.1 (taylor+ar1),0.230864
2025-12-31,2.0,,2.38042,2.447552,3.171329,2.5,valkyrie-macro-0.1 (taylor+ar1),0.230864
2026-01-02,2.0,,2.38042,2.447552,3.171329,2.5,valkyrie-macro-0.1 (taylor+ar1),0.230864
2026-01-05,2.0,,2.267627,2.314855,2.972283,2.5,valkyrie-macro-0.1 (taylor+ar1),0.223677
2026-01-06,2.0,,2.267627,2.314855,2.972283,2.5,valkyrie-macro-0.1 (taylor+ar1),0.223677
2026-01-07,2.0,,2.267627,2.314855,2.972283,2.5,valkyrie-macro-0.1 (taylor+ar1),0.223677
2026-01-08,2.0,,2.267627,2.314855,2.972283,2.5,valkyrie-macro-0.1 (taylor+ar1),0.223677
2026-01-09,2.0,,2.267627,2.314855,2.972283,2.5,valkyrie-macro-0.1 (taylor+ar1),0.223677
2026-01-12,2.0,,2.267627,2.314855,2.972283,2.5,valkyrie-macro-0.1 (taylor+ar1),0.223677
2026-01-13,2.0,,2.267627,2.314855,2.972283,2.5,valkyrie-macro-0.1 (taylor+ar1),0.223677
2026-01-14,2.0,,2.267627,2.314855,2.972283,2.5,valkyrie-macro-0.1 (taylor+ar1),0.223677
2026-01-15,2.0,,2.267627,2.314855,2.972283,2.5,valkyrie-macro-0.1 (taylor+ar1),0.223677
2026-01-16,2.0,,2.267627,2.314855,2.972283,2.5,valkyrie-macro-0.1 (taylor+ar1),0.223677
2026-01-19,2.0,,2.267627,2.314855,2.972283,2.5,valkyrie-macro-0.1 (taylor+ar1),0.223677
2026-01-20,2.0,,2.267627,2.314855,2.972283,2.5,valkyrie-macro-0.1 (taylor+ar1),0.223677
2026-01-21,2.0,,2.267627,2.314855,2.972283,2.5,valkyrie-macro-0.1 (taylor+ar1),0.223677
2026-01-22,2.0,,2.267627,2.314855,2.972283,2.5,valkyrie-macro-0.1 (taylor+ar1),0.223677
2026-01-23,2.0,,2.267627,2.314855,2.972283,2.5,valkyrie-macro-0.1 (taylor+ar1),0.223677
2026-01-26,2.0,,2.267627,2.314855,2.972283,2.5,valkyrie-macro-0.1 (taylor+ar1),0.223677
2026-01-27,2.0,,2.267627,2.314855,2.972283,2.5,valkyrie-macro-0.1 (taylor+ar1),0.223677
2026-01-28,1.7,,2.267627,2.314855,2.822283,2.5,valkyrie-macro-0.1 (taylor+ar1),0.223677
2026-01-29,1.7,,2.267627,2.314855,2.822283,2.5,valkyrie-macro-0.1 (taylor+ar1),0.223677
2026-01-30,1.7,,2.267627,2.314855,2.822283,2.5,valkyrie-macro-0.1 (taylor+ar1),0.223677
2026-02-02,1.7,,2.267627,2.314855,2.822283,2.5,valkyrie-macro-0.1 (taylor+ar1),0.223677
2026-02-03,1.7,,2.004261,2.005013,2.357519,2.5,valkyrie-macro-0.1 (taylor+ar1),0.225299
2026-02-04,1.7,,2.004261,2.005013,2.357519,2.5,valkyrie-macro-0.1 (taylor+ar1),0.225299
2026-02-05,1.7,,2.004261,2.005013,2.357519,2.5,valkyrie-macro-0.1 (taylor+ar1),0.225299
2026-02-06,1.7,,2.004261,2.005013,2.357519,2.5,valkyrie-macro-0.1 (taylor+ar1),0.225299
2026-02-09,1.7,,2.004261,2.005013,2.357519,2.5,valkyrie-macro-0.1 (taylor+ar1),0.225299
2026-02-10,1.7,,2.004261,2.005013,2.357519,2.5,valkyrie-macro-0.1 (taylor+ar1),0.225299
2026-02-11,1.7,,2.004261,2.005013,2.357519,2.5,valkyrie-macro-0.1 (taylor+ar1),0.225299
2026-02-12,1.7,,2.004261,2.005013,2.357519,2.5,valkyrie-macro-0.1 (taylor+ar1),0.225299
2026-02-13,1.7,,2.004261,2.005013,2.357519,2.5,valkyrie-macro-0.1 (taylor+ar1),0.225299
2026-02-19,1.7,,2.004261,2.005013,2.357519,2.5,valkyrie-macro-0.1 (taylor+ar1),0.225299
2026-02-20,1.7,,2.004261,2.005013,2.357519,2.5,valkyrie-macro-0.1 (taylor+ar1),0.225299
2026-02-23,1.7,,2.004261,2.005013,2.357519,2.5,valkyrie-macro-0.1 (taylor+ar1),0.225299
2026-02-24,1.7,,2.004261,2.005013,2.357519,2.5,valkyrie-macro-0.1 (taylor+ar1),0.225299
2026-02-25,1.7,,2.004261,2.005013,2.357519,2.5,valkyrie-macro-0.1 (taylor+ar1),0.225299
2026-02-26,1.7,,2.004261,2.005013,2.357519,2.5,valkyrie-macro-0.1 (taylor+ar1),0.225299
2026-02-27,1.7,,2.004261,2.005013,2.357519,2.5,valkyrie-macro-0.1 (taylor+ar1),0.225299
2026-03-03,1.7,,1.998828,1.998622,2.347932,2.5,valkyrie-macro-0.1 (taylor+ar1),0.216513
2026-03-04,1.7,,1.998828,1.998622,2.347932,2.5,valkyrie-macro-0.1 (taylor+ar1),0.216513
2026-03-05,1.7,,1.998828,1.998622,2.347932,2.5,valkyrie-macro-0.1 (taylor+ar1),0.216513
2026-03-06,1.7,,1.998828,1.998622,2.347932,2.5,valkyrie-macro-0.1 (taylor+ar1),0.216513
2026-03-09,1.7,,1.998828,1.998622,2.347932,2.5,valkyrie-macro-0.1 (taylor+ar1),0.216513
2026-03-10,1.7,,1.998828,1.998622,2.347932,2.5,valkyrie-macro-0.1 (taylor+ar1),0.216513
2026-03-11,1.7,,1.998828,1.998622,2.347932,2.5,valkyrie-macro-0.1 (taylor+ar1),0.216513
2026-03-12,1.7,,1.998828,1.998622,2.347932,2.5,valkyrie-macro-0.1 (taylor+ar1),0.216513
2026-03-13,1.7,,1.998828,1.998622,2.347932,2.5,valkyrie-macro-0.1 (taylor+ar1),0.216513
2026-03-16,1.7,,1.998828,1.998622,2.347932,2.5,valkyrie-macro-0.1 (taylor+ar1),0.216513
2026-03-17,1.7,,1.998828,1.998622,2.347932,2.5,valkyrie-macro-0.1 (taylor+ar1),0.216513
2026-03-18,1.7,,1.998828,1.998622,2.347932,2.5,valkyrie-macro-0.1 (taylor+ar1),0.216513
2026-03-19,1.7,,1.998828,1.998622,2.347932,2.5,valkyrie-macro-0.1 (taylor+ar1),0.216513
2026-03-20,1.7,,1.998828,1.998622,2.347932,2.5,valkyrie-macro-0.1 (taylor+ar1),0.216513
2026-03-23,1.7,,1.998828,1.998622,2.347932,2.5,valkyrie-macro-0.1 (taylor+ar1),0.216513
2026-03-24,1.7,,1.998828,1.998622,2.347932,2.5,valkyrie-macro-0.1 (taylor+ar1),0.216513
2026-03-25,1.7,,1.998828,1.998622,2.347932,2.5,valkyrie-macro-0.1 (taylor+ar1),0.216513
2026-03-26,1.7,,1.998828,1.998622,2.347932,2.5,valkyrie-macro-0.1 (taylor+ar1),0.216513
2026-03-27,1.7,,1.998828,1.998622,2.347932,2.5,valkyrie-macro-0.1 (taylor+ar1),0.216513
2026-03-30,1.7,,1.998828,1.998622,2.347932,2.5,valkyrie-macro-0.1 (taylor+ar1),0.216513
2026-03-31,1.7,,1.998828,1.998622,2.347932,2.5,valkyrie-macro-0.1 (taylor+ar1),0.216513
2026-04-01,1.7,,1.998828,1.998622,2.347932,2.5,valkyrie-macro-0.1 (taylor+ar1),0.216513
2026-04-02,1.7,,1.998828,1.998622,2.347932,2.5,valkyrie-macro-0.1 (taylor+ar1),0.216513
2026-04-03,1.7,,2.134638,2.158397,2.587596,2.5,valkyrie-macro-0.1 (taylor+ar1),0.214323
2026-04-06,1.7,,2.134638,2.158397,2.587596,2.5,valkyrie-macro-0.1 (taylor+ar1),0.214323
2026-04-07,1.7,,2.134638,2.158397,2.587596,2.5,valkyrie-macro-0.1 (taylor+ar1),0.214323
2026-04-08,1.7,,2.134638,2.158397,2.587596,2.5,valkyrie-macro-0.1 (taylor+ar1),0.214323
2026-04-09,1.7,,2.134638,2.158397,2.587596,2.5,valkyrie-macro-0.1 (taylor+ar1),0.214323
2026-04-10,1.7,,2.134638,2.158397,2.587596,2.5,valkyrie-macro-0.1 (taylor+ar1),0.214323
2026-04-13,1.7,,2.134638,2.158397,2.587596,2.5,valkyrie-macro-0.1 (taylor+ar1),0.214323
2026-04-14,1.7,,2.134638,2.158397,2.587596,2.5,valkyrie-macro-0.1 (taylor+ar1),0.214323
2026-04-15,1.7,,2.134638,2.158397,2.587596,2.5,valkyrie-macro-0.1 (taylor+ar1),0.214323
2026-04-16,1.7,,2.134638,2.158397,2.587596,2.5,valkyrie-macro-0.1 (taylor+ar1),0.214323
2026-04-17,1.7,,2.134638,2.158397,2.587596,2.5,valkyrie-macro-0.1 (taylor+ar1),0.214323
2026-04-20,1.7,,2.134638,2.158397,2.587596,2.5,valkyrie-macro-0.1 (taylor+ar1),0.214323
2026-04-21,1.7,,2.134638,2.158397,2.587596,2.5,valkyrie-macro-0.1 (taylor+ar1),0.214323
2026-04-22,1.7,,2.134638,2.158397,2.587596,2.5,valkyrie-macro-0.1 (taylor+ar1),0.214323
2026-04-23,1.7,,2.134638,2.158397,2.587596,2.5,valkyrie-macro-0.1 (taylor+ar1),0.214323
2026-04-24,1.7,,2.134638,2.158397,2.587596,2.5,valkyrie-macro-0.1 (taylor+ar1),0.214323
2026-04-27,1.7,,2.134638,2.158397,2.587596,2.5,valkyrie-macro-0.1 (taylor+ar1),0.214323
2026-04-28,3.7,,2.134638,2.158397,3.587596,2.5,valkyrie-macro-0.1 (taylor+ar1),0.214323
2026-04-29,3.7,,2.134638,2.158397,3.587596,2.5,valkyrie-macro-0.1 (taylor+ar1),0.214323
2026-04-30,3.7,,2.134638,2.158397,3.587596,2.5,valkyrie-macro-0.1 (taylor+ar1),0.214323
2026-05-04,3.7,,2.483794,2.56917,4.203755,2.5,valkyrie-macro-0.1 (taylor+ar1),0.222479
2026-05-06,3.7,,2.483794,2.56917,4.203755,2.5,valkyrie-macro-0.1 (taylor+ar1),0.222479
2026-05-07,3.7,,2.483794,2.56917,4.203755,2.5,valkyrie-macro-0.1 (taylor+ar1),0.222479
2026-05-08,3.7,,2.483794,2.56917,4.203755,2.5,valkyrie-macro-0.1 (taylor+ar1),0.222479
2026-05-11,3.7,,2.483794,2.56917,4.203755,2.5,valkyrie-macro-0.1 (taylor+ar1),0.222479
2026-05-12,3.7,,2.483794,2.56917,4.203755,2.5,valkyrie-macro-0.1 (taylor+ar1),0.222479
2026-05-13,3.7,,2.483794,2.56917,4.203755,2.5,valkyrie-macro-0.1 (taylor+ar1),0.222479
2026-05-14,3.7,,2.483794,2.56917,4.203755,2.5,valkyrie-macro-0.1 (taylor+ar1),0.222479
2026-05-15,3.7,,2.483794,2.56917,4.203755,2.5,valkyrie-macro-0.1 (taylor+ar1),0.222479
2026-05-18,3.7,,2.483794,2.56917,4.203755,2.5,valkyrie-macro-0.1 (taylor+ar1),0.222479
2026-05-19,3.7,,2.483794,2.56917,4.203755,2.5,valkyrie-macro-0.1 (taylor+ar1),0.222479
2026-05-20,3.7,,2.483794,2.56917,4.203755,2.5,valkyrie-macro-0.1 (taylor+ar1),0.222479
2026-05-21,3.7,,2.483794,2.56917,4.203755,2.5,valkyrie-macro-0.1 (taylor+ar1),0.222479
2026-05-22,3.7,,2.483794,2.56917,4.203755,2.5,valkyrie-macro-0.1 (taylor+ar1),0.222479
2026-05-26,3.7,,2.483794,2.56917,4.203755,2.5,valkyrie-macro-0.1 (taylor+ar1),0.222479
2026-05-27,3.7,,2.483794,2.56917,4.203755,2.5,valkyrie-macro-0.1 (taylor+ar1),0.222479
2026-05-28,3.7,,2.483794,2.56917,4.203755,2.5,valkyrie-macro-0.1 (taylor+ar1),0.222479
2026-05-29,3.7,,2.483794,2.56917,4.203755,2.5,valkyrie-macro-0.1 (taylor+ar1),0.222479
2026-06-01,3.7,,2.483794,2.56917,4.203755,2.5,valkyrie-macro-0.1 (taylor+ar1),0.222479
2026-06-02,3.7,,2.483794,2.56917,4.203755,2.5,valkyrie-macro-0.1 (taylor+ar1),0.222479
2026-06-04,3.7,,2.968358,3.139245,5.058867,2.5,valkyrie-macro-0.1 (taylor+ar1),0.237942
2026-06-05,3.7,,2.968358,3.139245,5.058867,2.5,valkyrie-macro-0.1 (taylor+ar1),0.237942
2026-06-08,3.7,,2.968358,3.139245,5.058867,2.5,valkyrie-macro-0.1 (taylor+ar1),0.237942
2026-06-09,3.7,,2.968358,3.139245,5.058867,2.5,valkyrie-macro-0.1 (taylor+ar1),0.237942
2026-06-10,3.7,,2.968358,3.139245,5.058867,2.5,valkyrie-macro-0.1 (taylor+ar1),0.237942
2026-06-11,3.7,,2.968358,3.139245,5.058867,2.5,valkyrie-macro-0.1 (taylor+ar1),0.237942
2026-06-12,3.7,,2.968358,3.139245,5.058867,2.5,valkyrie-macro-0.1 (taylor+ar1),0.237942
2026-06-15,3.7,,2.968358,3.139245,5.058867,2.5,valkyrie-macro-0.1 (taylor+ar1),0.237942
2026-06-16,3.7,,2.968358,3.139245,5.058867,2.5,valkyrie-macro-0.1 (taylor+ar1),0.237942
2026-06-17,3.7,,2.968358,3.139245,5.058867,2.5,valkyrie-macro-0.1 (taylor+ar1),0.237942
2026-06-18,3.7,,2.968358,3.139245,5.058867,2.5,valkyrie-macro-0.1 (taylor+ar1),0.237942
2026-06-19,3.7,,2.968358,3.139245,5.058867,2.5,valkyrie-macro-0.1 (taylor+ar1),0.237942
2026-06-22,3.7,,2.968358,3.139245,5.058867,2.5,valkyrie-macro-0.1 (taylor+ar1),0.237942
2026-06-23,3.7,,2.968358,3.139245,5.058867,2.5,valkyrie-macro-0.1 (taylor+ar1),0.237942
2026-06-24,3.7,,2.968358,3.139245,5.058867,2.5,valkyrie-macro-0.1 (taylor+ar1),0.237942
2026-06-25,3.7,,2.968358,3.139245,5.058867,2.5,valkyrie-macro-0.1 (taylor+ar1),0.237942
2026-06-26,3.7,,2.968358,3.139245,5.058867,2.5,valkyrie-macro-0.1 (taylor+ar1),0.237942
2026-06-29,3.7,,2.968358,3.139245,5.058867,2.5,valkyrie-macro-0.1 (taylor+ar1),0.237942
2026-06-30,3.7,,2.968358,3.139245,5.058867,2.5,valkyrie-macro-0.1 (taylor+ar1),0.237942
2026-07-01,3.7,,2.968358,3.139245,5.058867,2.5,valkyrie-macro-0.1 (taylor+ar1),0.237942
2026-07-02,3.7,,2.968358,3.139245,5.058867,2.5,valkyrie-macro-0.1 (taylor+ar1),0.237942
2026-07-03,3.7,,2.989365,3.163958,5.095938,2.5,valkyrie-macro-0.1 (taylor+ar1),0.236482
2026-07-06,3.7,,2.989365,3.163958,5.095938,2.5,valkyrie-macro-0.1 (taylor+ar1),0.236482
2026-07-07,3.7,,2.989365,3.163958,5.095938,2.5,valkyrie-macro-0.1 (taylor+ar1),0.236482
2026-07-08,3.7,,2.989365,3.163958,5.095938,2.5,valkyrie-macro-0.1 (taylor+ar1),0.236482
2026-07-09,3.7,,2.989365,3.163958,5.095938,2.5,valkyrie-macro-0.1 (taylor+ar1),0.236482
2026-07-10,3.7,,2.989365,3.163958,5.095938,2.5,valkyrie-macro-0.1 (taylor+ar1),0.236482
2026-07-13,3.7,,2.989365,3.163958,5.095938,2.5,valkyrie-macro-0.1 (taylor+ar1),0.236482
2026-07-14,3.7,,2.989365,3.163958,5.095938,2.5,valkyrie-macro-0.1 (taylor+ar1),0.236482
2026-07-15,3.7,,2.989365,3.163958,5.095938,2.5,valkyrie-macro-0.1 (taylor+ar1),0.236482
2026-07-16,3.7,,2.989365,3.163958,5.095938,2.75,valkyrie-macro-0.1 (taylor+ar1),0.236482
2026-07-20,3.7,,2.989365,3.163958,5.095938,2.75,valkyrie-macro-0.1 (taylor+ar1),0.236482
2026-07-21,3.7,,2.989365,3.163958,5.095938,2.75,valkyrie-macro-0.1 (taylor+ar1),0.236482
2026-07-22,3.7,,2.989365,3.163958,5.095938,2.75,valkyrie-macro-0.1 (taylor+ar1),0.236482
2026-07-23,3.7,,2.989365,3.163958,5.095938,2.75,valkyrie-macro-0.1 (taylor+ar1),0.236482
2026-07-24,3.7,,2.989365,3.163958,5.095938,2.75,valkyrie-macro-0.1 (taylor+ar1),0.236482
2026-07-27,3.7,,2.989365,3.163958,5.095938,2.75,valkyrie-macro-0.1 (taylor+ar1),0.236482
2026-07-28,3.7,,2.989365,3.163958,5.095938,2.75,valkyrie-macro-0.1 (taylor+ar1),0.236482
2026-07-29,3.7,,2.989365,3.163958,5.095938,2.75,valkyrie-macro-0.1 (taylor+ar1),0.236482
2026-07-30,3.7,,2.989365,3.163958,5.095938,2.75,valkyrie-macro-0.1 (taylor+ar1),0.236482
2026-07-31,3.7,,2.989365,3.163958,5.095938,2.75,valkyrie-macro-0.1 (taylor+ar1),0.236482
2026-08-03,3.7,,2.670838,2.789221,4.533831,2.75,valkyrie-macro-0.1 (taylor+ar1),0.235271
2026-08-04,3.7,,2.670838,2.789221,4.533831,2.75,valkyrie-macro-0.1 (taylor+ar1),0.235271
2026-08-05,3.7,,2.670838,2.789221,4.533831,2.75,valkyrie-macro-0.1 (taylor+ar1),0.235271
2026-08-06,3.7,,2.670838,2.789221,4.533831,2.75,valkyrie-macro-0.1 (taylor+ar1),0.235271
2026-08-07,3.7,,2.670838,2.789221,4.533831,2.75,valkyrie-macro-0.1 (taylor+ar1),0.235271
2026-08-10,3.7,,2.670838,2.789221,4.533831,2.75,valkyrie-macro-0.1 (taylor+ar1),0.235271
2026-08-11,3.7,,2.670838,2.789221,4.533831,2.75,valkyrie-macro-0.1 (taylor+ar1),0.235271
2026-08-12,3.7,,2.670838,2.789221,4.533831,2.75,valkyrie-macro-0.1 (taylor+ar1),0.235271
2026-08-13,3.7,,2.670838,2.789221,4.533831,2.75,valkyrie-macro-0.1 (taylor+ar1),0.235271
2026-08-14,3.7,,2.670838,2.789221,4.533831,2.75,valkyrie-macro-0.1 (taylor+ar1),0.235271
2026-08-18,3.7,,2.670838,2.789221,4.533831,2.75,valkyrie-macro-0.1 (taylor+ar1),0.235271
2026-08-19,3.7,,2.670838,2.789221,4.533831,2.75,valkyrie-macro-0.1 (taylor+ar1),0.235271
2026-08-20,3.7,,2.670838,2.789221,4.533831,2.75,valkyrie-macro-0.1 (taylor+ar1),0.235271
2026-08-21,3.7,,2.670838,2.789221,4.533831,2.75,valkyrie-macro-0.1 (taylor+ar1),0.235271
2026-08-24,3.7,,2.670838,2.789221,4.533831,2.75,valkyrie-macro-0.1 (taylor+ar1),0.235271
2026-08-25,3.7,,2.670838,2.789221,4.533831,2.75,valkyrie-macro-0.1 (taylor+ar1),0.235271
2026-08-26,3.7,,2.670838,2.789221,4.533831,2.75,valkyrie-macro-0.1 (taylor+ar1),0.235271
2026-08-27,3.7,,2.670838,2.789221,4.533831,3.0,valkyrie-macro-0.1 (taylor+ar1),0.235271
2026-08-28,3.7,,2.670838,2.789221,4.533831,3.0,valkyrie-macro-0.1 (taylor+ar1),0.235271
2026-08-31,3.7,,2.670838,2.789221,4.533831,3.0,valkyrie-macro-0.1 (taylor+ar1),0.235271
2026-09-01,3.7,,2.670838,2.789221,4.533831,3.0,valkyrie-macro-0.1 (taylor+ar1),0.235271
2026-09-02,3.7,,2.670838,2.789221,4.533831,3.0,valkyrie-macro-0.1 (taylor+ar1),0.235271
2026-09-03,3.7,,2.927737,3.091456,4.987183,3.0,valkyrie-macro-0.1 (taylor+ar1),0.24125
2026-09-04,3.7,,2.927737,3.091456,4.987183,3.0,valkyrie-macro-0.1 (taylor+ar1),0.24125
2026-09-07,3.7,,2.927737,3.091456,4.987183,3.0,valkyrie-macro-0.1 (taylor+ar1),0.24125
2026-09-08,3.7,,2.927737,3.091456,4.987183,3.0,valkyrie-macro-0.1 (taylor+ar1),0.24125
2026-09-09,3.7,,2.927737,3.091456,4.987183,3.0,valkyrie-macro-0.1 (taylor+ar1),0.24125
2026-09-10,3.7,,2.927737,3.091456,4.987183,3.0,valkyrie-macro-0.1 (taylor+ar1),0.24125
2026-09-11,3.7,,2.927737,3.091456,4.987183,3.0,valkyrie-macro-0.1 (taylor+ar1),0.24125
2026-09-14,3.7,,2.927737,3.091456,4.987183,3.0,valkyrie-macro-0.1 (taylor+ar1),0.24125
2026-09-15,3.7,,2.927737,3.091456,4.987183,3.0,valkyrie-macro-0.1 (taylor+ar1),0.24125
2026-09-16,3.7,,2.927737,3.091456,4.987183,3.0,valkyrie-macro-0.1 (taylor+ar1),0.24125
2026-09-17,3.7,,2.927737,3.091456,4.987183,3.0,valkyrie-macro-0.1 (taylor+ar1),0.24125
2026-09-18,3.7,,2.927737,3.091456,4.987183,3.0,valkyrie-macro-0.1 (taylor+ar1),0.24125
2026-09-21,3.7,,2.927737,3.091456,4.987183,3.0,valkyrie-macro-0.1 (taylor+ar1),0.24125
2026-09-22,3.7,,2.927737,3.091456,4.987183,3.0,valkyrie-macro-0.1 (taylor+ar1),0.24125
2026-09-23,3.7,,2.927737,3.091456,4.987183,3.0,valkyrie-macro-0.1 (taylor+ar1),0.24125
2026-09-28,3.7,,2.927737,3.091456,4.987183,3.0,valkyrie-macro-0.1 (taylor+ar1),0.24125
2026-09-29,3.7,,2.927737,3.091456,4.987183,3.0,valkyrie-macro-0.1 (taylor+ar1),0.24125
